  0
SECTION
  2
HEADER
  9
$ACADVER
  1
AC1027
  9
$ACADMAINTVER
 70
   125
  9
$DWGCODEPAGE
  3
ANSI_1252
  9
$REQUIREDVERSIONS
160
                 0
  9
$INSBASE
 10
0.0
 20
0.0
 30
0.0
  9
$EXTMIN
 10
1.000000000000000E+20
 20
1.000000000000000E+20
 30
1.000000000000000E+20
  9
$EXTMAX
 10
-1.000000000000000E+20
 20
-1.000000000000000E+20
 30
-1.000000000000000E+20
  9
$LIMMIN
 10
0.0
 20
0.0
  9
$LIMMAX
 10
12.0
 20
9.0
  9
$ORTHOMODE
 70
     0
  9
$REGENMODE
 70
     1
  9
$FILLMODE
 70
     1
  9
$QTEXTMODE
 70
     0
  9
$MIRRTEXT
 70
     0
  9
$LTSCALE
 40
1.0
  9
$ATTMODE
 70
     1
  9
$TEXTSIZE
 40
0.2
  9
$TRACEWID
 40
0.05
  9
$TEXTSTYLE
  7
Standard
  9
$CLAYER
  8
0
  9
$CELTYPE
  6
ByLayer
  9
$CECOLOR
 62
   256
  9
$CELTSCALE
 40
1.0
  9
$DISPSILH
 70
     0
  9
$DIMSCALE
 40
1.0
  9
$DIMASZ
 40
0.18
  9
$DIMEXO
 40
0.0625
  9
$DIMDLI
 40
0.38
  9
$DIMRND
 40
0.0
  9
$DIMDLE
 40
0.0
  9
$DIMEXE
 40
0.18
  9
$DIMTP
 40
0.0
  9
$DIMTM
 40
0.0
  9
$DIMTXT
 40
0.18
  9
$DIMCEN
 40
0.09
  9
$DIMTSZ
 40
0.0
  9
$DIMTOL
 70
     0
  9
$DIMLIM
 70
     0
  9
$DIMTIH
 70
     1
  9
$DIMTOH
 70
     1
  9
$DIMSE1
 70
     0
  9
$DIMSE2
 70
     0
  9
$DIMTAD
 70
     0
  9
$DIMZIN
 70
     0
  9
$DIMBLK
  1

  9
$DIMASO
 70
     1
  9
$DIMSHO
 70
     1
  9
$DIMPOST
  1

  9
$DIMAPOST
  1

  9
$DIMALT
 70
     0
  9
$DIMALTD
 70
     2
  9
$DIMALTF
 40
25.4
  9
$DIMLFAC
 40
1.0
  9
$DIMTOFL
 70
     0
  9
$DIMTVP
 40
0.0
  9
$DIMTIX
 70
     0
  9
$DIMSOXD
 70
     0
  9
$DIMSAH
 70
     0
  9
$DIMBLK1
  1

  9
$DIMBLK2
  1

  9
$DIMSTYLE
  2
Standard
  9
$DIMCLRD
 70
     0
  9
$DIMCLRE
 70
     0
  9
$DIMCLRT
 70
     0
  9
$DIMTFAC
 40
1.0
  9
$DIMGAP
 40
0.09
  9
$DIMJUST
 70
     0
  9
$DIMSD1
 70
     0
  9
$DIMSD2
 70
     0
  9
$DIMTOLJ
 70
     1
  9
$DIMTZIN
 70
     0
  9
$DIMALTZ
 70
     0
  9
$DIMALTTZ
 70
     0
  9
$DIMUPT
 70
     0
  9
$DIMDEC
 70
     4
  9
$DIMTDEC
 70
     4
  9
$DIMALTU
 70
     2
  9
$DIMALTTD
 70
     2
  9
$DIMTXSTY
  7
Standard
  9
$DIMAUNIT
 70
     0
  9
$DIMADEC
 70
     0
  9
$DIMALTRND
 40
0.0
  9
$DIMAZIN
 70
     0
  9
$DIMDSEP
 70
    46
  9
$DIMATFIT
 70
     3
  9
$DIMFRAC
 70
     0
  9
$DIMLDRBLK
  1

  9
$DIMLUNIT
 70
     2
  9
$DIMLWD
 70
    -2
  9
$DIMLWE
 70
    -2
  9
$DIMTMOVE
 70
     0
  9
$DIMFXL
 40
1.0
  9
$DIMFXLON
 70
     0
  9
$DIMJOGANG
 40
0.7853981633974483
  9
$DIMTFILL
 70
     0
  9
$DIMTFILLCLR
 70
     0
  9
$DIMARCSYM
 70
     0
  9
$DIMLTYPE
  6

  9
$DIMLTEX1
  6

  9
$DIMLTEX2
  6

  9
$DIMTXTDIRECTION
 70
     0
  9
$LUNITS
 70
     2
  9
$LUPREC
 70
     4
  9
$SKETCHINC
 40
0.1
  9
$FILLETRAD
 40
0.0
  9
$AUNITS
 70
     0
  9
$AUPREC
 70
     0
  9
$MENU
  1
.
  9
$ELEVATION
 40
0.0
  9
$PELEVATION
 40
0.0
  9
$THICKNESS
 40
0.0
  9
$LIMCHECK
 70
     0
  9
$CHAMFERA
 40
0.0
  9
$CHAMFERB
 40
0.0
  9
$CHAMFERC
 40
0.0
  9
$CHAMFERD
 40
0.0
  9
$SKPOLY
 70
     0
  9
$TDCREATE
 40
2461224.729687500
  9
$TDUCREATE
 40
2461224.729687500
  9
$TDUPDATE
 40
2461224.729687500
  9
$TDUUPDATE
 40
2461224.729687500
  9
$TDINDWG
 40
0.0000000000
  9
$TDUSRTIMER
 40
0.0000000000
  9
$USRTIMER
 70
     1
  9
$ANGBASE
 50
0.0
  9
$ANGDIR
 70
     0
  9
$PDMODE
 70
     0
  9
$PDSIZE
 40
0.0
  9
$PLINEWID
 40
0.0
  9
$SPLFRAME
 70
     0
  9
$SPLINETYPE
 70
     6
  9
$SPLINESEGS
 70
     8
  9
$HANDSEED
  5
1BC
  9
$SURFTAB1
 70
     6
  9
$SURFTAB2
 70
     6
  9
$SURFTYPE
 70
     6
  9
$SURFU
 70
     6
  9
$SURFV
 70
     6
  9
$UCSBASE
  2

  9
$UCSNAME
  2

  9
$UCSORG
 10
0.0
 20
0.0
 30
0.0
  9
$UCSXDIR
 10
1.0
 20
0.0
 30
0.0
  9
$UCSYDIR
 10
0.0
 20
1.0
 30
0.0
  9
$UCSORTHOREF
  2

  9
$UCSORTHOVIEW
 70
     0
  9
$UCSORGTOP
 10
0.0
 20
0.0
 30
0.0
  9
$UCSORGBOTTOM
 10
0.0
 20
0.0
 30
0.0
  9
$UCSORGLEFT
 10
0.0
 20
0.0
 30
0.0
  9
$UCSORGRIGHT
 10
0.0
 20
0.0
 30
0.0
  9
$UCSORGFRONT
 10
0.0
 20
0.0
 30
0.0
  9
$UCSORGBACK
 10
0.0
 20
0.0
 30
0.0
  9
$PUCSBASE
  2

  9
$PUCSNAME
  2

  9
$PUCSORG
 10
0.0
 20
0.0
 30
0.0
  9
$PUCSXDIR
 10
1.0
 20
0.0
 30
0.0
  9
$PUCSYDIR
 10
0.0
 20
1.0
 30
0.0
  9
$PUCSORTHOREF
  2

  9
$PUCSORTHOVIEW
 70
     0
  9
$PUCSORGTOP
 10
0.0
 20
0.0
 30
0.0
  9
$PUCSORGBOTTOM
 10
0.0
 20
0.0
 30
0.0
  9
$PUCSORGLEFT
 10
0.0
 20
0.0
 30
0.0
  9
$PUCSORGRIGHT
 10
0.0
 20
0.0
 30
0.0
  9
$PUCSORGFRONT
 10
0.0
 20
0.0
 30
0.0
  9
$PUCSORGBACK
 10
0.0
 20
0.0
 30
0.0
  9
$USERI1
 70
     0
  9
$USERI2
 70
     0
  9
$USERI3
 70
     0
  9
$USERI4
 70
     0
  9
$USERI5
 70
     0
  9
$USERR1
 40
0.0
  9
$USERR2
 40
0.0
  9
$USERR3
 40
0.0
  9
$USERR4
 40
0.0
  9
$USERR5
 40
0.0
  9
$WORLDVIEW
 70
     1
  9
$SHADEDGE
 70
     3
  9
$SHADEDIF
 70
    70
  9
$TILEMODE
 70
     1
  9
$MAXACTVP
 70
    64
  9
$PINSBASE
 10
0.0
 20
0.0
 30
0.0
  9
$PLIMCHECK
 70
     0
  9
$PEXTMIN
 10
1.000000000000000E+20
 20
1.000000000000000E+20
 30
1.000000000000000E+20
  9
$PEXTMAX
 10
-1.000000000000000E+20
 20
-1.000000000000000E+20
 30
-1.000000000000000E+20
  9
$PLIMMIN
 10
0.0
 20
0.0
  9
$PLIMMAX
 10
12.0
 20
9.0
  9
$UNITMODE
 70
     0
  9
$VISRETAIN
 70
     1
  9
$PLINEGEN
 70
     0
  9
$PSLTSCALE
 70
     1
  9
$TREEDEPTH
 70
  3020
  9
$CMLSTYLE
  2
Standard
  9
$CMLJUST
 70
     0
  9
$CMLSCALE
 40
1.0
  9
$PROXYGRAPHICS
 70
     1
  9
$MEASUREMENT
 70
     0
  9
$CELWEIGHT
370
    -1
  9
$ENDCAPS
280
     0
  9
$JOINSTYLE
280
     0
  9
$LWDISPLAY
290
     0
  9
$INSUNITS
 70
     4
  9
$HYPERLINKBASE
  1

  9
$STYLESHEET
  1

  9
$XEDIT
290
     1
  9
$CEPSNTYPE
380
     0
  9
$PSTYLEMODE
290
     1
  9
$FINGERPRINTGUID
  2
{1BAB4244-422D-E94F-843D-463E7D134D26}
  9
$VERSIONGUID
  2
{D99D3F13-62EC-424B-8BC1-2899E572EB8C}
  9
$EXTNAMES
290
     1
  9
$PSVPSCALE
 40
0.0
  9
$OLESTARTUP
290
     0
  9
$SORTENTS
280
   127
  9
$INDEXCTL
280
     0
  9
$HIDETEXT
280
     1
  9
$XCLIPFRAME
280
     2
  9
$HALOGAP
280
     0
  9
$OBSCOLOR
 70
   257
  9
$OBSLTYPE
280
     0
  9
$INTERSECTIONDISPLAY
280
     0
  9
$INTERSECTIONCOLOR
 70
   257
  9
$DIMASSOC
280
     2
  9
$PROJECTNAME
  1

  9
$CAMERADISPLAY
290
     0
  9
$LENSLENGTH
 40
50.0
  9
$CAMERAHEIGHT
 40
0.0
  9
$STEPSPERSEC
 40
2.0
  9
$STEPSIZE
 40
6.0
  9
$3DDWFPREC
 40
2.0
  9
$PSOLWIDTH
 40
0.25
  9
$PSOLHEIGHT
 40
4.0
  9
$LOFTANG1
 40
1.570796326794896
  9
$LOFTANG2
 40
1.570796326794896
  9
$LOFTMAG1
 40
0.0
  9
$LOFTMAG2
 40
0.0
  9
$LOFTPARAM
 70
     7
  9
$LOFTNORMALS
280
     1
  9
$LATITUDE
 40
37.795
  9
$LONGITUDE
 40
-122.394
  9
$NORTHDIRECTION
 40
0.0
  9
$TIMEZONE
 70
 -8000
  9
$LIGHTGLYPHDISPLAY
280
     1
  9
$TILEMODELIGHTSYNCH
280
     1
  9
$CMATERIAL
347
11
  9
$SOLIDHIST
280
     0
  9
$SHOWHIST
280
     1
  9
$DWFFRAME
280
     2
  9
$DGNFRAME
280
     0
  9
$REALWORLDSCALE
290
     1
  9
$INTERFERECOLOR
 62
     1
  9
$INTERFEREOBJVS
345
33
  9
$INTERFEREVPVS
346
30
  9
$CSHADOW
280
     0
  9
$SHADOWPLANELOCATION
 40
0.0
  0
ENDSEC
  0
SECTION
  2
CLASSES
  0
CLASS
  1
ACDBDICTIONARYWDFLT
  2
AcDbDictionaryWithDefault
  3
ObjectDBX Classes
 90
        0
 91
        1
280
     0
281
     0
  0
CLASS
  1
MATERIAL
  2
AcDbMaterial
  3
ObjectDBX Classes
 90
     1153
 91
        3
280
     0
281
     0
  0
CLASS
  1
VISUALSTYLE
  2
AcDbVisualStyle
  3
ObjectDBX Classes
 90
     4095
 91
       24
280
     0
281
     0
  0
CLASS
  1
SCALE
  2
AcDbScale
  3
ObjectDBX Classes
 90
     1153
 91
       17
280
     0
281
     0
  0
CLASS
  1
TABLESTYLE
  2
AcDbTableStyle
  3
ObjectDBX Classes
 90
     4095
 91
        1
280
     0
281
     0
  0
CLASS
  1
MLEADERSTYLE
  2
AcDbMLeaderStyle
  3
ACDB_MLEADERSTYLE_CLASS
 90
     4095
 91
        1
280
     0
281
     0
  0
CLASS
  1
ACDBSECTIONVIEWSTYLE
  2
AcDbSectionViewStyle
  3
ObjectDBX Classes
 90
     1025
 91
        1
280
     0
281
     0
  0
CLASS
  1
ACDBDETAILVIEWSTYLE
  2
AcDbDetailViewStyle
  3
ObjectDBX Classes
 90
     1025
 91
        1
280
     0
281
     0
  0
CLASS
  1
DICTIONARYVAR
  2
AcDbDictionaryVar
  3
ObjectDBX Classes
 90
        0
 91
        5
280
     0
281
     0
  0
CLASS
  1
CELLSTYLEMAP
  2
AcDbCellStyleMap
  3
ObjectDBX Classes
 90
     1152
 91
        1
280
     0
281
     0
  0
ENDSEC
  0
SECTION
  2
TABLES
  0
TABLE
  2
VPORT
  5
8
330
0
100
AcDbSymbolTable
 70
     1
1001
ACAD
1000
DbSaveVer
1071
      471
  0
VPORT
  5
57
330
8
100
AcDbSymbolTableRecord
100
AcDbViewportTableRecord
  2
*Active
 70
     0
 10
0.0
 20
0.0
 11
1.0
 21
1.0
 12
500.0
 22
500.0
 13
0.0
 23
0.0
 14
1.0
 24
1.0
 15
0.0
 25
0.0
 16
0.0
 26
0.0
 36
1.0
 17
0.0
 27
0.0
 37
0.0
 40
12.0
 41
1.0
 42
50.0
 43
0.0
 44
0.0
 50
0.0
 51
0.0
 71
     0
 72
   100
 73
     1
 74
     1
 75
     0
 76
     0
 77
     0
 78
     0
281
     0
 65
     1
110
0.0
120
0.0
130
0.0
111
1.0
121
0.0
131
0.0
112
0.0
122
1.0
132
0.0
 79
     0
146
0.0
 60
     3
 61
     5
292
     1
282
     1
141
0.0
142
0.0
 63
   250
421
  3355443
  0
ENDTAB
  0
TABLE
  2
LTYPE
  5
5
330
0
100
AcDbSymbolTable
 70
     1
  0
LTYPE
  5
5B
330
5
100
AcDbSymbolTableRecord
100
AcDbLinetypeTableRecord
  2
ByBlock
 70
     0
  3

 72
    65
 73
     0
 40
0.0
  0
LTYPE
  5
5C
330
5
100
AcDbSymbolTableRecord
100
AcDbLinetypeTableRecord
  2
ByLayer
 70
     0
  3

 72
    65
 73
     0
 40
0.0
  0
LTYPE
  5
5D
330
5
100
AcDbSymbolTableRecord
100
AcDbLinetypeTableRecord
  2
Continuous
 70
     0
  3
Solid line
 72
    65
 73
     0
 40
0.0
  0
ENDTAB
  0
TABLE
  2
LAYER
  5
2
330
0
100
AcDbSymbolTable
 70
    11
  0
LAYER
  5
54
330
2
100
AcDbSymbolTableRecord
100
AcDbLayerTableRecord
  2
0
 70
     0
 62
     7
  6
Continuous
370
    -3
390
F
347
21
348
0
  0
LAYER
  5
7A
330
2
100
AcDbSymbolTableRecord
100
AcDbLayerTableRecord
  2
Untitled v10_Sketch1
 70
     0
 62
     7
  6
Continuous
370
    -3
390
F
347
21
348
0
1001
NFusion_SketchTransform
1000
1.000000;0.000000;0.000000;0.000000;0.000000;1.000000;0.000000;0.000000;0.000000;0.000000;1.000000;0.000000;0.000000;0.000000;0.000000;1.000000
  0
LAYER
  5
7C
330
2
100
AcDbSymbolTableRecord
100
AcDbLayerTableRecord
  2
Untitled v10_Sketch2
 70
     0
 62
     7
  6
Continuous
370
    -3
390
F
347
21
348
0
1001
NFusion_SketchTransform
1000
1.000000;0.000000;0.000000;0.000000;0.000000;1.000000;0.000000;0.000000;0.000000;0.000000;1.000000;0.000000;0.000000;0.000000;0.000000;1.000000
  0
LAYER
  5
A8
330
2
100
AcDbSymbolTableRecord
100
AcDbLayerTableRecord
  2
Untitled v10_Base Circle
 70
     0
 62
     7
  6
Continuous
370
    -3
390
F
347
21
348
0
1001
NFusion_SketchTransform
1000
1.000000;0.000000;0.000000;0.000000;0.000000;1.000000;0.000000;0.000000;0.000000;0.000000;1.000000;0.000000;0.000000;0.000000;0.000000;1.000000
  0
LAYER
  5
AC
330
2
100
AcDbSymbolTableRecord
100
AcDbLayerTableRecord
  2
Untitled v10_Gear Tooth
 70
     0
 62
     7
  6
Continuous
370
    -3
390
F
347
21
348
0
1001
NFusion_SketchTransform
1000
1.000000;0.000000;0.000000;0.000000;0.000000;1.000000;0.000000;0.000000;0.000000;0.000000;1.000000;0.000000;0.000000;0.000000;0.000000;1.000000
  0
LAYER
  5
B4
330
2
100
AcDbSymbolTableRecord
100
AcDbLayerTableRecord
  2
Untitled v10_Diametrial Pitch Circle
 70
     0
 62
     7
  6
Continuous
370
    -3
390
F
347
21
348
0
1001
NFusion_SketchTransform
1000
1.000000;0.000000;0.000000;0.000000;0.000000;1.000000;0.000000;0.000000;0.000000;0.000000;1.000000;0.000000;0.000000;0.000000;0.000000;1.000000
  0
LAYER
  5
B7
330
2
100
AcDbSymbolTableRecord
100
AcDbLayerTableRecord
  2
Untitled v10_Base Circle (1)
 70
     0
 62
     7
  6
Continuous
370
    -3
390
F
347
21
348
0
1001
NFusion_SketchTransform
1000
1.000000;0.000000;0.000000;0.000000;0.000000;1.000000;0.000000;0.000000;0.000000;0.000000;1.000000;0.000000;0.000000;0.000000;0.000000;1.000000
  0
LAYER
  5
BB
330
2
100
AcDbSymbolTableRecord
100
AcDbLayerTableRecord
  2
Untitled v10_Gear Tooth (1)
 70
     0
 62
     7
  6
Continuous
370
    -3
390
F
347
21
348
0
1001
NFusion_SketchTransform
1000
1.000000;0.000000;0.000000;0.000000;0.000000;1.000000;0.000000;0.000000;0.000000;0.000000;1.000000;0.000000;0.000000;0.000000;0.000000;1.000000
  0
LAYER
  5
C3
330
2
100
AcDbSymbolTableRecord
100
AcDbLayerTableRecord
  2
Untitled v10_Diametrial Pitch Circle (1)
 70
     0
 62
     7
  6
Continuous
370
    -3
390
F
347
21
348
0
1001
NFusion_SketchTransform
1000
1.000000;0.000000;0.000000;0.000000;0.000000;1.000000;0.000000;0.000000;0.000000;0.000000;1.000000;0.000000;0.000000;0.000000;0.000000;1.000000
  0
LAYER
  5
C6
330
2
100
AcDbSymbolTableRecord
100
AcDbLayerTableRecord
  2
Untitled v10_Sketch13
 70
     0
 62
     7
  6
Continuous
370
    -3
390
F
347
21
348
0
1001
NFusion_SketchTransform
1000
1.000000;0.000000;0.000000;0.000000;0.000000;1.000000;0.000000;0.000000;0.000000;0.000000;1.000000;0.000000;0.000000;0.000000;0.000000;1.000000
  0
LAYER
  5
C8
330
2
100
AcDbSymbolTableRecord
100
AcDbLayerTableRecord
  2
Untitled v10_Sketch14
 70
     0
 62
     7
  6
Continuous
370
    -3
390
F
347
21
348
0
1001
NFusion_SketchTransform
1000
1.000000;0.000000;0.000000;0.000000;0.000000;1.000000;0.000000;0.000000;0.000000;0.000000;1.000000;0.000000;0.000000;0.000000;0.000000;1.000000
  0
ENDTAB
  0
TABLE
  2
STYLE
  5
3
330
0
100
AcDbSymbolTable
 70
     2
  0
STYLE
  5
55
330
3
100
AcDbSymbolTableRecord
100
AcDbTextStyleTableRecord
  2
Standard
 70
     0
 40
0.0
 41
1.0
 50
0.0
 71
     0
 42
0.2
  3
txt
  4

  0
STYLE
  5
5A
330
3
100
AcDbSymbolTableRecord
100
AcDbTextStyleTableRecord
  2
Annotative
 70
     0
 40
0.0
 41
1.0
 50
0.0
 71
     0
 42
0.2
  3
txt
  4

1001
AcadAnnotative
1000
AnnotativeData
1002
{
1070
     1
1070
     1
1002
}
  0
ENDTAB
  0
TABLE
  2
VIEW
  5
6
330
0
100
AcDbSymbolTable
 70
     0
  0
ENDTAB
  0
TABLE
  2
UCS
  5
7
330
0
100
AcDbSymbolTable
 70
     0
  0
ENDTAB
  0
TABLE
  2
APPID
  5
9
330
0
100
AcDbSymbolTable
 70
     4
  0
APPID
  5
56
330
9
100
AcDbSymbolTableRecord
100
AcDbRegAppTableRecord
  2
ACAD
 70
     0
  0
APPID
  5
5E
330
9
100
AcDbSymbolTableRecord
100
AcDbRegAppTableRecord
  2
AcadAnnotative
 70
     0
  0
APPID
  5
78
330
9
100
AcDbSymbolTableRecord
100
AcDbRegAppTableRecord
  2
EDIT_IN_FUSION_ACAD_ADDIN
 70
     0
  0
APPID
  5
79
330
9
100
AcDbSymbolTableRecord
100
AcDbRegAppTableRecord
  2
NFusion_SketchTransform
 70
     0
  0
ENDTAB
  0
TABLE
  2
DIMSTYLE
  5
A
330
0
100
AcDbSymbolTable
 70
     2
100
AcDbDimStyleTable
 71
     0
  0
DIMSTYLE
105
58
330
A
100
AcDbSymbolTableRecord
100
AcDbDimStyleTableRecord
  2
Standard
 70
     0
340
55
  0
DIMSTYLE
105
59
330
A
100
AcDbSymbolTableRecord
100
AcDbDimStyleTableRecord
  2
Annotative
 70
     0
340
55
1001
AcadAnnotative
1000
AnnotativeData
1002
{
1070
     1
1070
     1
1002
}
  0
ENDTAB
  0
TABLE
  2
BLOCK_RECORD
  5
1
330
0
100
AcDbSymbolTable
 70
     1
  0
BLOCK_RECORD
  5
70
330
1
100
AcDbSymbolTableRecord
100
AcDbBlockTableRecord
  2
*Model_Space
340
73
 70
     0
280
     1
281
     0
  0
BLOCK_RECORD
  5
6C
330
1
100
AcDbSymbolTableRecord
100
AcDbBlockTableRecord
  2
*Paper_Space
340
6F
 70
     0
280
     1
281
     0
  0
BLOCK_RECORD
  5
74
330
1
100
AcDbSymbolTableRecord
100
AcDbBlockTableRecord
  2
*Paper_Space0
340
77
 70
     0
280
     1
281
     0
  0
ENDTAB
  0
ENDSEC
  0
SECTION
  2
BLOCKS
  0
BLOCK
  5
71
330
70
100
AcDbEntity
  8
0
100
AcDbBlockBegin
  2
*Model_Space
 70
     0
 10
0.0
 20
0.0
 30
0.0
  3
*Model_Space
  1

  0
ENDBLK
  5
72
330
70
100
AcDbEntity
  8
0
100
AcDbBlockEnd
  0
BLOCK
  5
6D
330
6C
100
AcDbEntity
 67
     1
  8
0
100
AcDbBlockBegin
  2
*Paper_Space
 70
     0
 10
0.0
 20
0.0
 30
0.0
  3
*Paper_Space
  1

  0
ENDBLK
  5
6E
330
6C
100
AcDbEntity
 67
     1
  8
0
100
AcDbBlockEnd
  0
BLOCK
  5
75
330
74
100
AcDbEntity
 67
     1
  8
0
100
AcDbBlockBegin
  2
*Paper_Space0
 70
     0
 10
0.0
 20
0.0
 30
0.0
  3
*Paper_Space0
  1

  0
ENDBLK
  5
76
330
74
100
AcDbEntity
 67
     1
  8
0
100
AcDbBlockEnd
  0
ENDSEC
  0
SECTION
  2
ENTITIES
  0
POINT
  5
7B
330
70
100
AcDbEntity
  8
Untitled v10_Sketch1
100
AcDbPoint
 10
0.0
 20
0.0
 30
0.0
  0
POINT
  5
7D
330
70
100
AcDbEntity
  8
Untitled v10_Sketch2
100
AcDbPoint
 10
0.0
 20
0.0
 30
0.0
  0
CIRCLE
  5
7E
330
70
100
AcDbEntity
  8
Untitled v10_Sketch2
100
AcDbCircle
 10
424.8540024437904
 20
199.9492359084
 30
0.0
 40
2.349999999999994
  0
LINE
  5
7F
330
70
100
AcDbEntity
  8
Untitled v10_Sketch2
100
AcDbLine
 10
475.0
 20
100.0
 30
0.0
 11
475.0
 21
-50.0
 31
0.0
  0
LINE
  5
80
330
70
100
AcDbEntity
  8
Untitled v10_Sketch2
100
AcDbLine
 10
475.0
 20
-50.0
 30
0.0
 11
275.0
 21
-50.0
 31
0.0
  0
CIRCLE
  5
81
330
70
100
AcDbEntity
  8
Untitled v10_Sketch2
100
AcDbCircle
 10
389.0000024437904
 20
50.05076409163883
 30
0.0
 40
2.350000000000003
  0
LINE
  5
82
330
70
100
AcDbEntity
  8
Untitled v10_Sketch2
100
AcDbLine
 10
475.0
 20
300.0
 30
0.0
 11
275.0
 21
300.0
 31
0.0
  0
LINE
  5
83
330
70
100
AcDbEntity
  8
Untitled v10_Sketch2
100
AcDbLine
 10
275.0
 20
300.0
 30
0.0
 11
475.0
 21
300.0
 31
0.0
  0
LINE
  5
84
330
70
100
AcDbEntity
  8
Untitled v10_Sketch2
100
AcDbLine
 10
475.0
 20
100.0
 30
0.0
 11
475.0
 21
150.0
 31
0.0
  0
LINE
  5
85
330
70
100
AcDbEntity
  8
Untitled v10_Sketch2
100
AcDbLine
 10
475.0
 20
150.0
 30
0.0
 11
475.0
 21
300.0
 31
0.0
  0
LINE
  5
86
330
70
100
AcDbEntity
  8
Untitled v10_Sketch2
100
AcDbLine
 10
475.0
 20
150.0
 30
0.0
 11
275.0
 21
150.0
 31
0.0
  0
LINE
  5
87
330
70
100
AcDbEntity
  8
Untitled v10_Sketch2
100
AcDbLine
 10
275.0
 20
300.0
 30
0.0
 11
475.0
 21
300.0
 31
0.0
  0
LINE
  5
88
330
70
100
AcDbEntity
  8
Untitled v10_Sketch2
100
AcDbLine
 10
275.0
 20
150.0
 30
0.0
 11
475.0
 21
150.0
 31
0.0
  0
CIRCLE
  5
89
330
70
100
AcDbEntity
  8
Untitled v10_Sketch2
100
AcDbCircle
 10
389.0000024437904
 20
199.9492359084
 30
0.0
 40
2.349999999999994
  0
LINE
  5
8A
330
70
100
AcDbEntity
  8
Untitled v10_Sketch2
100
AcDbLine
 10
389.0000024437904
 20
100.0
 30
0.0
 11
389.0000024437904
 21
150.0
 31
0.0
  0
LINE
  5
8B
330
70
100
AcDbEntity
  8
Untitled v10_Sketch2
100
AcDbLine
 10
275.0
 20
100.0
 30
0.0
 11
475.0
 21
100.0
 31
0.0
  0
CIRCLE
  5
8C
330
70
100
AcDbEntity
  8
Untitled v10_Sketch2
100
AcDbCircle
 10
358.0000024437904
 20
50.05076409163883
 30
0.0
 40
2.350000000000003
  0
CIRCLE
  5
8D
330
70
100
AcDbEntity
  8
Untitled v10_Sketch2
100
AcDbCircle
 10
358.0000024437904
 20
199.9492359084
 30
0.0
 40
2.350000000000016
  0
LINE
  5
8E
330
70
100
AcDbEntity
  8
Untitled v10_Sketch2
100
AcDbLine
 10
50.0
 20
300.0
 30
0.0
 11
50.0
 21
150.0
 31
0.0
  0
LINE
  5
8F
330
70
100
AcDbEntity
  8
Untitled v10_Sketch2
100
AcDbLine
 10
275.0
 20
150.0
 30
0.0
 11
275.0
 21
100.0
 31
0.0
  0
LINE
  5
90
330
70
100
AcDbEntity
  8
Untitled v10_Sketch2
100
AcDbLine
 10
275.0
 20
100.0
 30
0.0
 11
475.0
 21
100.0
 31
0.0
  0
LINE
  5
91
330
70
100
AcDbEntity
  8
Untitled v10_Sketch2
100
AcDbLine
 10
275.0
 20
300.0
 30
0.0
 11
275.0
 21
150.0
 31
0.0
  0
LINE
  5
92
330
70
100
AcDbEntity
  8
Untitled v10_Sketch2
100
AcDbLine
 10
275.0
 20
-50.0
 30
0.0
 11
275.0
 21
100.0
 31
0.0
  0
CIRCLE
  5
93
330
70
100
AcDbEntity
  8
Untitled v10_Sketch2
100
AcDbCircle
 10
424.8540024437904
 20
50.05076409163883
 30
0.0
 40
2.349999999999994
  0
LINE
  5
94
330
70
100
AcDbEntity
  8
Untitled v10_Sketch2
100
AcDbLine
 10
50.0
 20
100.0
 30
0.0
 11
250.0
 21
100.0
 31
0.0
  0
CIRCLE
  5
95
330
70
100
AcDbEntity
  8
Untitled v10_Sketch2
100
AcDbCircle
 10
199.8540024437904
 20
199.9492359084
 30
0.0
 40
2.349999999999994
  0
LINE
  5
96
330
70
100
AcDbEntity
  8
Untitled v10_Sketch2
100
AcDbLine
 10
50.0
 20
150.0
 30
0.0
 11
50.0
 21
100.0
 31
0.0
  0
LINE
  5
97
330
70
100
AcDbEntity
  8
Untitled v10_Sketch2
100
AcDbLine
 10
50.0
 20
150.0
 30
0.0
 11
250.0
 21
150.0
 31
0.0
  0
LINE
  5
98
330
70
100
AcDbEntity
  8
Untitled v10_Sketch2
100
AcDbLine
 10
250.0
 20
150.0
 30
0.0
 11
50.0
 21
150.0
 31
0.0
  0
LINE
  5
99
330
70
100
AcDbEntity
  8
Untitled v10_Sketch2
100
AcDbLine
 10
250.0
 20
100.0
 30
0.0
 11
250.0
 21
-50.0
 31
0.0
  0
CIRCLE
  5
9A
330
70
100
AcDbEntity
  8
Untitled v10_Sketch2
100
AcDbCircle
 10
133.0000024437904
 20
199.9492359084
 30
0.0
 40
2.350000000000016
  0
LINE
  5
9B
330
70
100
AcDbEntity
  8
Untitled v10_Sketch2
100
AcDbLine
 10
250.0
 20
300.0
 30
0.0
 11
50.0
 21
300.0
 31
0.0
  0
CIRCLE
  5
9C
330
70
100
AcDbEntity
  8
Untitled v10_Sketch2
100
AcDbCircle
 10
199.8540024437904
 20
50.05076409163883
 30
0.0
 40
2.349999999999994
  0
CIRCLE
  5
9D
330
70
100
AcDbEntity
  8
Untitled v10_Sketch2
100
AcDbCircle
 10
133.0000024437904
 20
50.05076409163883
 30
0.0
 40
2.350000000000003
  0
CIRCLE
  5
9E
330
70
100
AcDbEntity
  8
Untitled v10_Sketch2
100
AcDbCircle
 10
164.0000024437904
 20
199.9492359084
 30
0.0
 40
2.349999999999994
  0
LINE
  5
9F
330
70
100
AcDbEntity
  8
Untitled v10_Sketch2
100
AcDbLine
 10
250.0
 20
100.0
 30
0.0
 11
250.0
 21
150.0
 31
0.0
  0
LINE
  5
A0
330
70
100
AcDbEntity
  8
Untitled v10_Sketch2
100
AcDbLine
 10
164.0000024437904
 20
100.0
 30
0.0
 11
164.0000024437904
 21
150.0
 31
0.0
  0
LINE
  5
A1
330
70
100
AcDbEntity
  8
Untitled v10_Sketch2
100
AcDbLine
 10
50.0
 20
300.0
 30
0.0
 11
250.0
 21
300.0
 31
0.0
  0
LINE
  5
A2
330
70
100
AcDbEntity
  8
Untitled v10_Sketch2
100
AcDbLine
 10
50.0
 20
-50.0
 30
0.0
 11
50.0
 21
100.0
 31
0.0
  0
CIRCLE
  5
A3
330
70
100
AcDbEntity
  8
Untitled v10_Sketch2
100
AcDbCircle
 10
164.0000024437904
 20
50.05076409163883
 30
0.0
 40
2.350000000000003
  0
LINE
  5
A4
330
70
100
AcDbEntity
  8
Untitled v10_Sketch2
100
AcDbLine
 10
250.0
 20
150.0
 30
0.0
 11
250.0
 21
300.0
 31
0.0
  0
LINE
  5
A5
330
70
100
AcDbEntity
  8
Untitled v10_Sketch2
100
AcDbLine
 10
250.0
 20
-50.0
 30
0.0
 11
50.0
 21
-50.0
 31
0.0
  0
LINE
  5
A6
330
70
100
AcDbEntity
  8
Untitled v10_Sketch2
100
AcDbLine
 10
50.0
 20
100.0
 30
0.0
 11
250.0
 21
100.0
 31
0.0
  0
LINE
  5
A7
330
70
100
AcDbEntity
  8
Untitled v10_Sketch2
100
AcDbLine
 10
50.0
 20
300.0
 30
0.0
 11
250.0
 21
300.0
 31
0.0
  0
POINT
  5
A9
330
70
100
AcDbEntity
  8
Untitled v10_Base Circle
100
AcDbPoint
 10
0.0
 20
0.0
 30
0.0
  0
CIRCLE
  5
AA
330
70
100
AcDbEntity
  8
Untitled v10_Base Circle
100
AcDbCircle
 10
0.0
 20
0.0
 30
0.0
 40
2.35
  0
CIRCLE
  5
AB
330
70
100
AcDbEntity
  8
Untitled v10_Base Circle
100
AcDbCircle
 10
0.0
 20
0.0
 30
0.0
 40
5.764499999999999
  0
POINT
  5
AD
330
70
100
AcDbEntity
  8
Untitled v10_Gear Tooth
100
AcDbPoint
 10
0.0
 20
0.0
 30
0.0
  0
LINE
  5
AE
330
70
100
AcDbEntity
  8
Untitled v10_Gear Tooth
100
AcDbLine
 10
5.66960482112673
 20
-0.9848103483699478
 30
0.0
 11
5.66960482112673
 21
0.9848103483699478
 31
0.0
  0
ARC
  5
AF
330
70
100
AcDbEntity
  8
Untitled v10_Gear Tooth
100
AcDbCircle
 10
-0.0000000000010608
 20
0.0
 30
0.0
 40
9.000000000000881
100
AcDbArc
 50
357.193878141973
 51
2.806121858026977
  0
LINE
  5
B0
330
70
100
AcDbEntity
  8
Untitled v10_Gear Tooth
100
AcDbLine
 10
5.66960482112673
 20
0.9848103483699478
 30
0.0
 11
6.943721191917194
 21
1.206124359940272
 31
0.0
  0
LINE
  5
B1
330
70
100
AcDbEntity
  8
Untitled v10_Gear Tooth
100
AcDbLine
 10
5.66960482112673
 20
-0.9848103483699478
 30
0.0
 11
6.943721191917194
 21
-1.206124359940272
 31
0.0
  0
SPLINE
  5
B2
330
70
100
AcDbEntity
  8
Untitled v10_Gear Tooth
100
AcDbSpline
210
0.0
220
0.0
230
1.0
 70
    12
 71
     5
 72
    81
 73
    75
 74
     0
 42
0.000000001
 43
0.0000000001
 40
0.0
 40
0.0
 40
0.0
 40
0.0
 40
0.0
 40
0.0
 40
0.0142857142857143
 40
0.0285714285714286
 40
0.0428571428571429
 40
0.0571428571428571
 40
0.0714285714285714
 40
0.0857142857142858
 40
0.1
 40
0.1142857142857143
 40
0.1285714285714286
 40
0.1428571428571429
 40
0.1571428571428572
 40
0.1714285714285715
 40
0.1857142857142857
 40
0.2
 40
0.2142857142857143
 40
0.2285714285714286
 40
0.2428571428571429
 40
0.2571428571428572
 40
0.2714285714285714
 40
0.2857142857142858
 40
0.3
 40
0.3142857142857143
 40
0.3285714285714286
 40
0.3428571428571429
 40
0.3571428571428572
 40
0.3714285714285715
 40
0.3857142857142858
 40
0.4000000000000001
 40
0.4142857142857145
 40
0.4285714285714287
 40
0.442857142857143
 40
0.4571428571428572
 40
0.4714285714285716
 40
0.4857142857142859
 40
0.5000000000000001
 40
0.5142857142857144
 40
0.5285714285714286
 40
0.5428571428571428
 40
0.5571428571428571
 40
0.5714285714285713
 40
0.5857142857142855
 40
0.5999999999999998
 40
0.614285714285714
 40
0.6285714285714282
 40
0.6428571428571425
 40
0.6571428571428567
 40
0.6714285714285709
 40
0.6857142857142852
 40
0.6999999999999994
 40
0.7142857142857137
 40
0.7285714285714279
 40
0.7428571428571421
 40
0.7571428571428564
 40
0.7714285714285706
 40
0.7857142857142848
 40
0.7999999999999991
 40
0.8142857142857133
 40
0.8285714285714275
 40
0.8428571428571418
 40
0.857142857142856
 40
0.8714285714285702
 40
0.8857142857142845
 40
0.8999999999999987
 40
0.9142857142857129
 40
0.9285714285714272
 40
0.9428571428571414
 40
0.9571428571428556
 40
0.9714285714285699
 40
0.9857142857142841
 40
1.0
 40
1.0
 40
1.0
 40
1.0
 40
1.0
 40
1.0
 10
6.943721191917193
 20
-1.206124359940272
 30
0.0
 41
1.0
 10
6.94942835678743
 20
-1.207115694469113
 30
0.0
 41
1.0
 10
6.960863153763076
 20
-1.208902266017344
 30
0.0
 41
1.0
 10
6.97807675026199
 20
-1.210993839046647
 30
0.0
 41
1.0
 10
7.001145881532932
 20
-1.21266415149188
 30
0.0
 41
1.0
 10
7.030148316131715
 20
-1.213224660252395
 30
0.0
 41
1.0
 10
7.05927795670128
 20
-1.212684951471794
 30
0.0
 41
1.0
 10
7.088495501031087
 20
-1.211465517798093
 30
0.0
 41
1.0
 10
7.117770072388024
 20
-1.209874634347365
 30
0.0
 41
1.0
 10
7.147086219246552
 20
-1.208026387962993
 30
0.0
 41
1.0
 10
7.176438857418569
 20
-1.205907087519197
 30
0.0
 41
1.0
 10
7.205829455289819
 20
-1.203426518374314
 30
0.0
 41
1.0
 10
7.235261945322842
 20
-1.200472219379316
 30
0.0
 41
1.0
 10
7.264738297031775
 20
-1.196968774987213
 30
0.0
 41
1.0
 10
7.294255687492845
 20
-1.192914912196003
 30
0.0
 41
1.0
 10
7.323808577762449
 20
-1.188352966106968
 30
0.0
 41
1.0
 10
7.353389946651161
 20
-1.183349899960151
 30
0.0
 41
1.0
 10
7.382992757067084
 20
-1.177975265128985
 30
0.0
 41
1.0
 10
7.412611556640058
 20
-1.172276979331908
 30
0.0
 41
1.0
 10
7.442243222356377
 20
-1.16626997970758
 30
0.0
 41
1.0
 10
7.471886041484023
 20
-1.159949720379945
 30
0.0
 41
1.0
 10
7.501539147516762
 20
-1.153300373855018
 30
0.0
 41
1.0
 10
7.531201863570119
 20
-1.146304423423063
 30
0.0
 41
1.0
 10
7.560872967335507
 20
-1.138953405391932
 30
0.0
 41
1.0
 10
7.59055042459936
 20
-1.1312517424587
 30
0.0
 41
1.0
 10
7.620231766906892
 20
-1.123211072029787
 30
0.0
 41
1.0
 10
7.649914314581601
 20
-1.114846857984715
 30
0.0
 41
1.0
 10
7.679595440484536
 20
-1.10617440695109
 30
0.0
 41
1.0
 10
7.709272869255022
 20
-1.097204353765709
 30
0.0
 41
1.0
 10
7.738944754443631
 20
-1.087941461886089
 30
0.0
 41
1.0
 10
7.768609513089998
 20
-1.078387041551504
 30
0.0
 41
1.0
 10
7.798265722420848
 20
-1.068540443897043
 30
0.0
 41
1.0
 10
7.827912001099538
 20
-1.058400789499915
 30
0.0
 41
1.0
 10
7.857546873563001
 20
-1.047968947312934
 30
0.0
 41
1.0
 10
7.887168738319362
 20
-1.037247982883644
 30
0.0
 41
1.0
 10
7.916775934772237
 20
-1.026242154421498
 30
0.0
 41
1.0
 10
7.946366784151032
 20
-1.014956295088159
 30
0.0
 41
1.0
 10
7.975939636931219
 20
-1.003395099772017
 30
0.0
 41
1.0
 10
8.005492927954451
 20
-0.9915623076191465
 30
0.0
 41
1.0
 10
8.035025185686688
 20
-0.9794605402196081
 30
0.0
 41
1.0
 10
8.064535000005637
 20
-0.9670917353382588
 30
0.0
 41
1.0
 10
8.094021001105634
 20
-0.9544574235899865
 30
0.0
 41
1.0
 10
8.12348183610004
 20
-0.9415590447040768
 30
0.0
 41
1.0
 10
8.152916141809194
 20
-0.9283983130151263
 30
0.0
 41
1.0
 10
8.182322539723976
 20
-0.9149773014694073
 30
0.0
 41
1.0
 10
8.211699651749961
 20
-0.9012982576818149
 30
0.0
 41
1.0
 10
8.241046110975293
 20
-0.8873634926249081
 30
0.0
 41
1.0
 10
8.270360573200544
 20
-0.8731752520622229
 30
0.0
 41
1.0
 10
8.29964173206833
 20
-0.8587355715221995
 30
0.0
 41
1.0
 10
8.328888318673563
 20
-0.8440462402062072
 30
0.0
 41
1.0
 10
8.358099084982104
 20
-0.8291088848350158
 30
0.0
 41
1.0
 10
8.387272791026639
 20
-0.813925024818136
 30
0.0
 41
1.0
 10
8.416408192689257
 20
-0.7984961354521727
 30
0.0
 41
1.0
 10
8.445504025013185
 20
-0.7828237224030213
 30
0.0
 41
1.0
 10
8.474559004015901
 20
-0.7669093457180287
 30
0.0
 41
1.0
 10
8.503571852168571
 20
-0.7507545738621904
 30
0.0
 41
1.0
 10
8.53254131975653
 20
-0.7343609557503097
 30
0.0
 41
1.0
 10
8.561466204901096
 20
-0.7177299899479928
 30
0.0
 41
1.0
 10
8.590345382563018
 20
-0.7008630902520718
 30
0.0
 41
1.0
 10
8.619177802948321
 20
-0.6837615767029862
 30
0.0
 41
1.0
 10
8.64796243442645
 20
-0.666426714251892
 30
0.0
 41
1.0
 10
8.676698216642359
 20
-0.6488597436266832
 30
0.0
 41
1.0
 10
8.705384015008677
 20
-0.631061913978896
 30
0.0
 41
1.0
 10
8.734018562664779
 20
-0.6130345236531322
 30
0.0
 41
1.0
 10
8.762600446522091
 20
-0.5947789366490982
 30
0.0
 41
1.0
 10
8.791128225853974
 20
-0.5762965218610194
 30
0.0
 41
1.0
 10
8.819600529337254
 20
-0.5575886071083134
 30
0.0
 41
1.0
 10
8.848016157658435
 20
-0.5386564295735498
 30
0.0
 41
1.0
 10
8.87637419231784
 20
-0.5195010878456038
 30
0.0
 41
1.0
 10
8.904674079111215
 20
-0.5001234991762712
 30
0.0
 41
1.0
 10
8.932915530269463
 20
-0.480524392255671
 30
0.0
 41
1.0
 10
8.955461863712677
 20
-0.4646683161198105
 30
0.0
 41
1.0
 10
8.972345275894733
 20
-0.4526769599493515
 30
0.0
 41
1.0
 10
8.98358918219262
 20
-0.4446386042390241
 30
0.0
 41
1.0
 10
8.989208209884417
 20
-0.4406083968181196
 30
0.0
 41
1.0
  0
SPLINE
  5
B3
330
70
100
AcDbEntity
  8
Untitled v10_Gear Tooth
100
AcDbSpline
210
0.0
220
0.0
230
1.0
 70
    12
 71
     5
 72
    81
 73
    75
 74
     0
 42
0.000000001
 43
0.0000000001
 40
0.0
 40
0.0
 40
0.0
 40
0.0
 40
0.0
 40
0.0
 40
0.0142857142857143
 40
0.0285714285714286
 40
0.0428571428571429
 40
0.0571428571428571
 40
0.0714285714285714
 40
0.0857142857142858
 40
0.1
 40
0.1142857142857143
 40
0.1285714285714286
 40
0.1428571428571429
 40
0.1571428571428572
 40
0.1714285714285715
 40
0.1857142857142857
 40
0.2
 40
0.2142857142857143
 40
0.2285714285714286
 40
0.2428571428571429
 40
0.2571428571428572
 40
0.2714285714285714
 40
0.2857142857142858
 40
0.3
 40
0.3142857142857143
 40
0.3285714285714286
 40
0.3428571428571429
 40
0.3571428571428572
 40
0.3714285714285715
 40
0.3857142857142858
 40
0.4000000000000001
 40
0.4142857142857145
 40
0.4285714285714287
 40
0.442857142857143
 40
0.4571428571428572
 40
0.4714285714285716
 40
0.4857142857142859
 40
0.5000000000000001
 40
0.5142857142857144
 40
0.5285714285714286
 40
0.5428571428571428
 40
0.5571428571428571
 40
0.5714285714285713
 40
0.5857142857142855
 40
0.5999999999999998
 40
0.614285714285714
 40
0.6285714285714282
 40
0.6428571428571425
 40
0.6571428571428567
 40
0.6714285714285709
 40
0.6857142857142852
 40
0.6999999999999994
 40
0.7142857142857137
 40
0.7285714285714279
 40
0.7428571428571421
 40
0.7571428571428564
 40
0.7714285714285706
 40
0.7857142857142848
 40
0.7999999999999991
 40
0.8142857142857133
 40
0.8285714285714275
 40
0.8428571428571418
 40
0.857142857142856
 40
0.8714285714285702
 40
0.8857142857142845
 40
0.8999999999999987
 40
0.9142857142857129
 40
0.9285714285714272
 40
0.9428571428571414
 40
0.9571428571428556
 40
0.9714285714285699
 40
0.9857142857142841
 40
1.0
 40
1.0
 40
1.0
 40
1.0
 40
1.0
 40
1.0
 10
6.943721191917193
 20
1.206124359940272
 30
0.0
 41
1.0
 10
6.94942835678743
 20
1.207115694469113
 30
0.0
 41
1.0
 10
6.960863153763076
 20
1.208902266017344
 30
0.0
 41
1.0
 10
6.97807675026199
 20
1.210993839046647
 30
0.0
 41
1.0
 10
7.001145881532932
 20
1.21266415149188
 30
0.0
 41
1.0
 10
7.030148316131715
 20
1.213224660252395
 30
0.0
 41
1.0
 10
7.05927795670128
 20
1.212684951471794
 30
0.0
 41
1.0
 10
7.088495501031087
 20
1.211465517798093
 30
0.0
 41
1.0
 10
7.117770072388024
 20
1.209874634347365
 30
0.0
 41
1.0
 10
7.147086219246552
 20
1.208026387962993
 30
0.0
 41
1.0
 10
7.176438857418569
 20
1.205907087519197
 30
0.0
 41
1.0
 10
7.205829455289819
 20
1.203426518374314
 30
0.0
 41
1.0
 10
7.235261945322842
 20
1.200472219379316
 30
0.0
 41
1.0
 10
7.264738297031775
 20
1.196968774987213
 30
0.0
 41
1.0
 10
7.294255687492845
 20
1.192914912196003
 30
0.0
 41
1.0
 10
7.323808577762449
 20
1.188352966106968
 30
0.0
 41
1.0
 10
7.353389946651161
 20
1.183349899960151
 30
0.0
 41
1.0
 10
7.382992757067084
 20
1.177975265128985
 30
0.0
 41
1.0
 10
7.412611556640058
 20
1.172276979331908
 30
0.0
 41
1.0
 10
7.442243222356377
 20
1.16626997970758
 30
0.0
 41
1.0
 10
7.471886041484023
 20
1.159949720379945
 30
0.0
 41
1.0
 10
7.501539147516762
 20
1.153300373855018
 30
0.0
 41
1.0
 10
7.531201863570119
 20
1.146304423423063
 30
0.0
 41
1.0
 10
7.560872967335507
 20
1.138953405391932
 30
0.0
 41
1.0
 10
7.59055042459936
 20
1.1312517424587
 30
0.0
 41
1.0
 10
7.620231766906892
 20
1.123211072029787
 30
0.0
 41
1.0
 10
7.649914314581601
 20
1.114846857984715
 30
0.0
 41
1.0
 10
7.679595440484536
 20
1.10617440695109
 30
0.0
 41
1.0
 10
7.709272869255022
 20
1.097204353765709
 30
0.0
 41
1.0
 10
7.738944754443631
 20
1.087941461886089
 30
0.0
 41
1.0
 10
7.768609513089998
 20
1.078387041551504
 30
0.0
 41
1.0
 10
7.798265722420848
 20
1.068540443897043
 30
0.0
 41
1.0
 10
7.827912001099538
 20
1.058400789499915
 30
0.0
 41
1.0
 10
7.857546873563001
 20
1.047968947312934
 30
0.0
 41
1.0
 10
7.887168738319362
 20
1.037247982883644
 30
0.0
 41
1.0
 10
7.916775934772237
 20
1.026242154421498
 30
0.0
 41
1.0
 10
7.946366784151032
 20
1.014956295088159
 30
0.0
 41
1.0
 10
7.975939636931219
 20
1.003395099772017
 30
0.0
 41
1.0
 10
8.005492927954451
 20
0.9915623076191465
 30
0.0
 41
1.0
 10
8.035025185686688
 20
0.9794605402196081
 30
0.0
 41
1.0
 10
8.064535000005637
 20
0.9670917353382588
 30
0.0
 41
1.0
 10
8.094021001105634
 20
0.9544574235899865
 30
0.0
 41
1.0
 10
8.12348183610004
 20
0.9415590447040768
 30
0.0
 41
1.0
 10
8.152916141809194
 20
0.9283983130151263
 30
0.0
 41
1.0
 10
8.182322539723976
 20
0.9149773014694073
 30
0.0
 41
1.0
 10
8.211699651749961
 20
0.9012982576818149
 30
0.0
 41
1.0
 10
8.241046110975293
 20
0.8873634926249081
 30
0.0
 41
1.0
 10
8.270360573200544
 20
0.8731752520622229
 30
0.0
 41
1.0
 10
8.29964173206833
 20
0.8587355715221995
 30
0.0
 41
1.0
 10
8.328888318673563
 20
0.8440462402062072
 30
0.0
 41
1.0
 10
8.358099084982104
 20
0.8291088848350158
 30
0.0
 41
1.0
 10
8.387272791026639
 20
0.813925024818136
 30
0.0
 41
1.0
 10
8.416408192689257
 20
0.7984961354521727
 30
0.0
 41
1.0
 10
8.445504025013185
 20
0.7828237224030213
 30
0.0
 41
1.0
 10
8.474559004015901
 20
0.7669093457180287
 30
0.0
 41
1.0
 10
8.503571852168571
 20
0.7507545738621904
 30
0.0
 41
1.0
 10
8.53254131975653
 20
0.7343609557503097
 30
0.0
 41
1.0
 10
8.561466204901096
 20
0.7177299899479928
 30
0.0
 41
1.0
 10
8.590345382563018
 20
0.7008630902520718
 30
0.0
 41
1.0
 10
8.619177802948321
 20
0.6837615767029862
 30
0.0
 41
1.0
 10
8.64796243442645
 20
0.666426714251892
 30
0.0
 41
1.0
 10
8.676698216642359
 20
0.6488597436266832
 30
0.0
 41
1.0
 10
8.705384015008677
 20
0.631061913978896
 30
0.0
 41
1.0
 10
8.734018562664779
 20
0.6130345236531322
 30
0.0
 41
1.0
 10
8.762600446522091
 20
0.5947789366490982
 30
0.0
 41
1.0
 10
8.791128225853974
 20
0.5762965218610194
 30
0.0
 41
1.0
 10
8.819600529337254
 20
0.5575886071083134
 30
0.0
 41
1.0
 10
8.848016157658435
 20
0.5386564295735498
 30
0.0
 41
1.0
 10
8.87637419231784
 20
0.5195010878456038
 30
0.0
 41
1.0
 10
8.904674079111215
 20
0.5001234991762712
 30
0.0
 41
1.0
 10
8.932915530269463
 20
0.480524392255671
 30
0.0
 41
1.0
 10
8.955461863712677
 20
0.4646683161198105
 30
0.0
 41
1.0
 10
8.972345275894733
 20
0.4526769599493515
 30
0.0
 41
1.0
 10
8.98358918219262
 20
0.4446386042390241
 30
0.0
 41
1.0
 10
8.989208209884417
 20
0.4406083968181196
 30
0.0
 41
1.0
  0
POINT
  5
B5
330
70
100
AcDbEntity
  8
Untitled v10_Diametrial Pitch Circle
100
AcDbPoint
 10
0.0
 20
0.0
 30
0.0
  0
CIRCLE
  5
B6
330
70
100
AcDbEntity
  8
Untitled v10_Diametrial Pitch Circle
100
AcDbCircle
 10
0.0
 20
0.0
 30
0.0
 40
7.5
  0
POINT
  5
B8
330
70
100
AcDbEntity
  8
Untitled v10_Base Circle (1)
100
AcDbPoint
 10
0.0
 20
0.0
 30
0.0
  0
CIRCLE
  5
B9
330
70
100
AcDbEntity
  8
Untitled v10_Base Circle (1)
100
AcDbCircle
 10
0.0
 20
0.0
 30
0.0
 40
2.35
  0
CIRCLE
  5
BA
330
70
100
AcDbEntity
  8
Untitled v10_Base Circle (1)
100
AcDbCircle
 10
0.0
 20
0.0
 30
0.0
 40
20.7645
  0
POINT
  5
BC
330
70
100
AcDbEntity
  8
Untitled v10_Gear Tooth (1)
100
AcDbPoint
 10
0.0
 20
0.0
 30
0.0
  0
SPLINE
  5
BD
330
70
100
AcDbEntity
  8
Untitled v10_Gear Tooth (1)
100
AcDbSpline
210
0.0
220
0.0
230
1.0
 70
    12
 71
     5
 72
    81
 73
    75
 74
     0
 42
0.000000001
 43
0.0000000001
 40
0.0
 40
0.0
 40
0.0
 40
0.0
 40
0.0
 40
0.0
 40
0.0142857142857143
 40
0.0285714285714286
 40
0.0428571428571429
 40
0.0571428571428571
 40
0.0714285714285714
 40
0.0857142857142858
 40
0.1
 40
0.1142857142857143
 40
0.1285714285714286
 40
0.1428571428571429
 40
0.1571428571428572
 40
0.1714285714285715
 40
0.1857142857142857
 40
0.2
 40
0.2142857142857143
 40
0.2285714285714286
 40
0.2428571428571429
 40
0.2571428571428572
 40
0.2714285714285714
 40
0.2857142857142858
 40
0.3
 40
0.3142857142857143
 40
0.3285714285714286
 40
0.3428571428571429
 40
0.3571428571428572
 40
0.3714285714285715
 40
0.3857142857142858
 40
0.4000000000000001
 40
0.4142857142857145
 40
0.4285714285714287
 40
0.442857142857143
 40
0.4571428571428572
 40
0.4714285714285716
 40
0.4857142857142859
 40
0.5000000000000001
 40
0.5142857142857144
 40
0.5285714285714286
 40
0.5428571428571428
 40
0.5571428571428571
 40
0.5714285714285713
 40
0.5857142857142855
 40
0.5999999999999998
 40
0.614285714285714
 40
0.6285714285714282
 40
0.6428571428571425
 40
0.6571428571428567
 40
0.6714285714285709
 40
0.6857142857142852
 40
0.6999999999999994
 40
0.7142857142857137
 40
0.7285714285714279
 40
0.7428571428571421
 40
0.7571428571428564
 40
0.7714285714285706
 40
0.7857142857142848
 40
0.7999999999999991
 40
0.8142857142857133
 40
0.8285714285714275
 40
0.8428571428571418
 40
0.857142857142856
 40
0.8714285714285702
 40
0.8857142857142845
 40
0.8999999999999987
 40
0.9142857142857129
 40
0.9285714285714272
 40
0.9428571428571414
 40
0.9571428571428556
 40
0.9714285714285699
 40
0.9857142857142841
 40
1.0
 40
1.0
 40
1.0
 40
1.0
 40
1.0
 40
1.0
 10
21.09527125964572
 20
-1.421101736842504
 30
0.0
 41
1.0
 10
21.10359474414639
 20
-1.421662455789177
 30
0.0
 41
1.0
 10
21.12024526469706
 20
-1.422588079582427
 30
0.0
 41
1.0
 10
21.14523170015032
 20
-1.423389077741887
 30
0.0
 41
1.0
 10
21.17856776389727
 20
-1.42333920707708
 30
0.0
 41
1.0
 10
21.22026945741902
 20
-1.421744953064004
 30
0.0
 41
1.0
 10
21.26199845423477
 20
-1.419041386856982
 30
0.0
 41
1.0
 10
21.303749821707
 20
-1.415647444202636
 30
0.0
 41
1.0
 10
21.3455186317188
 20
-1.411878583425957
 30
0.0
 41
1.0
 10
21.38730053420916
 20
-1.407859900457166
 30
0.0
 41
1.0
 10
21.42909171900226
 20
-1.403586708403131
 30
0.0
 41
1.0
 10
21.47088892243897
 20
-1.398975380759659
 30
0.0
 41
1.0
 10
21.51268941506571
 20
-1.393916216256019
 30
0.0
 41
1.0
 10
21.55449100413684
 20
-1.388329008301228
 30
0.0
 41
1.0
 10
21.59629201261726
 20
-1.38220674851537
 30
0.0
 41
1.0
 10
21.63809114428466
 20
-1.375588178774094
 30
0.0
 41
1.0
 10
21.67988736015107
 20
-1.368538559065127
 30
0.0
 41
1.0
 10
21.72167975569517
 20
-1.361128184135296
 30
0.0
 41
1.0
 10
21.76346742684621
 20
-1.353409801708558
 30
0.0
 41
1.0
 10
21.80524937511584
 20
-1.345402855158148
 30
0.0
 41
1.0
 10
21.84702456386325
 20
-1.337105970024099
 30
0.0
 41
1.0
 10
21.88879195223048
 20
-1.328505218926743
 30
0.0
 41
1.0
 10
21.9305505356504
 20
-1.319583563862708
 30
0.0
 41
1.0
 10
21.97229938885182
 20
-1.310330880559817
 30
0.0
 41
1.0
 10
22.01403769150056
 20
-1.300750296891385
 30
0.0
 41
1.0
 10
22.05576469778557
 20
-1.290852780965845
 30
0.0
 41
1.0
 10
22.09747971576424
 20
-1.280653761615036
 30
0.0
 41
1.0
 10
22.13918208415595
 20
-1.270169171869918
 30
0.0
 41
1.0
 10
22.18087114763527
 20
-1.259411226147407
 30
0.0
 41
1.0
 10
22.22254624171246
 20
-1.248385982822914
 30
0.0
 41
1.0
 10
22.26420670312002
 20
-1.237095722688752
 30
0.0
 41
1.0
 10
22.30585187550225
 20
-1.225540423846923
 30
0.0
 41
1.0
 10
22.34748111660569
 20
-1.213719494813233
 30
0.0
 41
1.0
 10
22.38909380610448
 20
-1.201633635304493
 30
0.0
 41
1.0
 10
22.43068934953461
 20
-1.189285865657348
 30
0.0
 41
1.0
 10
22.47226717245776
 20
-1.176680518976442
 30
0.0
 41
1.0
 10
22.51382671668892
 20
-1.163822635516525
 30
0.0
 41
1.0
 10
22.55536743602128
 20
-1.150717242182542
 30
0.0
 41
1.0
 10
22.59688879191406
 20
-1.137368581509465
 30
0.0
 41
1.0
 10
22.63839025068734
 20
-1.123779699055815
 30
0.0
 41
1.0
 10
22.6798712842609
 20
-1.109952883776238
 30
0.0
 41
1.0
 10
22.72133137029041
 20
-1.095889939723083
 30
0.0
 41
1.0
 10
22.76276999268406
 20
-1.081592507657317
 30
0.0
 41
1.0
 10
22.8041866421597
 20
-1.067062410810954
 30
0.0
 41
1.0
 10
22.84558081681499
 20
-1.052301847494372
 30
0.0
 41
1.0
 10
22.88695202235833
 20
-1.037313204949257
 30
0.0
 41
1.0
 10
22.92829977264943
 20
-1.022098949283075
 30
0.0
 41
1.0
 10
22.9696235901095
 20
-1.006661494081392
 30
0.0
 41
1.0
 10
23.01092300681049
 20
-0.9910030625587475
 30
0.0
 41
1.0
 10
23.05219756405526
 20
-0.9751256096122901
 30
0.0
 41
1.0
 10
23.0934468081977
 20
-0.959030906467303
 30
0.0
 41
1.0
 10
23.13467028717003
 20
-0.9427205961650937
 30
0.0
 41
1.0
 10
23.17586754729202
 20
-0.9261962585428594
 30
0.0
 41
1.0
 10
23.21703812925935
 20
-0.9094594809532898
 30
0.0
 41
1.0
 10
23.25818156746385
 20
-0.8925119018887263
 30
0.0
 41
1.0
 10
23.29929739868347
 20
-0.8753551654831305
 30
0.0
 41
1.0
 10
23.34038516965426
 20
-0.8579908924886591
 30
0.0
 41
1.0
 10
23.38144444450151
 20
-0.8404206480301175
 30
0.0
 41
1.0
 10
23.42247481432901
 20
-0.8226459079806694
 30
0.0
 41
1.0
 10
23.46347590042128
 20
-0.8046680402981197
 30
0.0
 41
1.0
 10
23.50444733260379
 20
-0.7864883449514374
 30
0.0
 41
1.0
 10
23.54538873102383
 20
-0.7681080868085912
 30
0.0
 41
1.0
 10
23.58629968799931
 20
-0.7495285307837225
 30
0.0
 41
1.0
 10
23.62717974721523
 20
-0.7307509819705761
 30
0.0
 41
1.0
 10
23.66802839255648
 20
-0.711776811902941
 30
0.0
 41
1.0
 10
23.70884509299624
 20
-0.692607396222676
 30
0.0
 41
1.0
 10
23.74962934138254
 20
-0.673244063797714
 30
0.0
 41
1.0
 10
23.79038069501792
 20
-0.6536880433145214
 30
0.0
 41
1.0
 10
23.83109881768873
 20
-0.6339404110162002
 30
0.0
 41
1.0
 10
23.8717835160105
 20
-0.6140020427771324
 30
0.0
 41
1.0
 10
23.91243470037476
 20
-0.5938736170998345
 30
0.0
 41
1.0
 10
23.94492882127531
 20
-0.5776192156710727
 30
0.0
 41
1.0
 10
23.96928432910105
 20
-0.5653432342894193
 30
0.0
 41
1.0
 10
23.98551463306215
 20
-0.5571214013579699
 30
0.0
 41
1.0
 10
23.99362810972834
 20
-0.5530010235564225
 30
0.0
 41
1.0
  0
SPLINE
  5
BE
330
70
100
AcDbEntity
  8
Untitled v10_Gear Tooth (1)
100
AcDbSpline
210
0.0
220
0.0
230
1.0
 70
    12
 71
     5
 72
    81
 73
    75
 74
     0
 42
0.000000001
 43
0.0000000001
 40
0.0
 40
0.0
 40
0.0
 40
0.0
 40
0.0
 40
0.0
 40
0.0142857142857143
 40
0.0285714285714286
 40
0.0428571428571429
 40
0.0571428571428571
 40
0.0714285714285714
 40
0.0857142857142858
 40
0.1
 40
0.1142857142857143
 40
0.1285714285714286
 40
0.1428571428571429
 40
0.1571428571428572
 40
0.1714285714285715
 40
0.1857142857142857
 40
0.2
 40
0.2142857142857143
 40
0.2285714285714286
 40
0.2428571428571429
 40
0.2571428571428572
 40
0.2714285714285714
 40
0.2857142857142858
 40
0.3
 40
0.3142857142857143
 40
0.3285714285714286
 40
0.3428571428571429
 40
0.3571428571428572
 40
0.3714285714285715
 40
0.3857142857142858
 40
0.4000000000000001
 40
0.4142857142857145
 40
0.4285714285714287
 40
0.442857142857143
 40
0.4571428571428572
 40
0.4714285714285716
 40
0.4857142857142859
 40
0.5000000000000001
 40
0.5142857142857144
 40
0.5285714285714286
 40
0.5428571428571428
 40
0.5571428571428571
 40
0.5714285714285713
 40
0.5857142857142855
 40
0.5999999999999998
 40
0.614285714285714
 40
0.6285714285714282
 40
0.6428571428571425
 40
0.6571428571428567
 40
0.6714285714285709
 40
0.6857142857142852
 40
0.6999999999999994
 40
0.7142857142857137
 40
0.7285714285714279
 40
0.7428571428571421
 40
0.7571428571428564
 40
0.7714285714285706
 40
0.7857142857142848
 40
0.7999999999999991
 40
0.8142857142857133
 40
0.8285714285714275
 40
0.8428571428571418
 40
0.857142857142856
 40
0.8714285714285702
 40
0.8857142857142845
 40
0.8999999999999987
 40
0.9142857142857129
 40
0.9285714285714272
 40
0.9428571428571414
 40
0.9571428571428556
 40
0.9714285714285699
 40
0.9857142857142841
 40
1.0
 40
1.0
 40
1.0
 40
1.0
 40
1.0
 40
1.0
 10
21.09527125964572
 20
1.421101736842504
 30
0.0
 41
1.0
 10
21.10359474414639
 20
1.421662455789177
 30
0.0
 41
1.0
 10
21.12024526469706
 20
1.422588079582427
 30
0.0
 41
1.0
 10
21.14523170015032
 20
1.423389077741887
 30
0.0
 41
1.0
 10
21.17856776389727
 20
1.42333920707708
 30
0.0
 41
1.0
 10
21.22026945741902
 20
1.421744953064004
 30
0.0
 41
1.0
 10
21.26199845423477
 20
1.419041386856982
 30
0.0
 41
1.0
 10
21.303749821707
 20
1.415647444202636
 30
0.0
 41
1.0
 10
21.3455186317188
 20
1.411878583425957
 30
0.0
 41
1.0
 10
21.38730053420916
 20
1.407859900457166
 30
0.0
 41
1.0
 10
21.42909171900226
 20
1.403586708403131
 30
0.0
 41
1.0
 10
21.47088892243897
 20
1.398975380759659
 30
0.0
 41
1.0
 10
21.51268941506571
 20
1.393916216256019
 30
0.0
 41
1.0
 10
21.55449100413684
 20
1.388329008301228
 30
0.0
 41
1.0
 10
21.59629201261726
 20
1.38220674851537
 30
0.0
 41
1.0
 10
21.63809114428466
 20
1.375588178774094
 30
0.0
 41
1.0
 10
21.67988736015107
 20
1.368538559065127
 30
0.0
 41
1.0
 10
21.72167975569517
 20
1.361128184135296
 30
0.0
 41
1.0
 10
21.76346742684621
 20
1.353409801708558
 30
0.0
 41
1.0
 10
21.80524937511584
 20
1.345402855158148
 30
0.0
 41
1.0
 10
21.84702456386325
 20
1.337105970024099
 30
0.0
 41
1.0
 10
21.88879195223048
 20
1.328505218926743
 30
0.0
 41
1.0
 10
21.9305505356504
 20
1.319583563862708
 30
0.0
 41
1.0
 10
21.97229938885182
 20
1.310330880559817
 30
0.0
 41
1.0
 10
22.01403769150056
 20
1.300750296891385
 30
0.0
 41
1.0
 10
22.05576469778557
 20
1.290852780965845
 30
0.0
 41
1.0
 10
22.09747971576424
 20
1.280653761615036
 30
0.0
 41
1.0
 10
22.13918208415595
 20
1.270169171869918
 30
0.0
 41
1.0
 10
22.18087114763527
 20
1.259411226147407
 30
0.0
 41
1.0
 10
22.22254624171246
 20
1.248385982822914
 30
0.0
 41
1.0
 10
22.26420670312002
 20
1.237095722688752
 30
0.0
 41
1.0
 10
22.30585187550225
 20
1.225540423846923
 30
0.0
 41
1.0
 10
22.34748111660569
 20
1.213719494813233
 30
0.0
 41
1.0
 10
22.38909380610448
 20
1.201633635304493
 30
0.0
 41
1.0
 10
22.43068934953461
 20
1.189285865657348
 30
0.0
 41
1.0
 10
22.47226717245776
 20
1.176680518976442
 30
0.0
 41
1.0
 10
22.51382671668892
 20
1.163822635516525
 30
0.0
 41
1.0
 10
22.55536743602128
 20
1.150717242182542
 30
0.0
 41
1.0
 10
22.59688879191406
 20
1.137368581509465
 30
0.0
 41
1.0
 10
22.63839025068734
 20
1.123779699055815
 30
0.0
 41
1.0
 10
22.6798712842609
 20
1.109952883776238
 30
0.0
 41
1.0
 10
22.72133137029041
 20
1.095889939723083
 30
0.0
 41
1.0
 10
22.76276999268406
 20
1.081592507657317
 30
0.0
 41
1.0
 10
22.8041866421597
 20
1.067062410810954
 30
0.0
 41
1.0
 10
22.84558081681499
 20
1.052301847494372
 30
0.0
 41
1.0
 10
22.88695202235833
 20
1.037313204949257
 30
0.0
 41
1.0
 10
22.92829977264943
 20
1.022098949283075
 30
0.0
 41
1.0
 10
22.9696235901095
 20
1.006661494081392
 30
0.0
 41
1.0
 10
23.01092300681049
 20
0.9910030625587475
 30
0.0
 41
1.0
 10
23.05219756405526
 20
0.9751256096122901
 30
0.0
 41
1.0
 10
23.0934468081977
 20
0.959030906467303
 30
0.0
 41
1.0
 10
23.13467028717003
 20
0.9427205961650937
 30
0.0
 41
1.0
 10
23.17586754729202
 20
0.9261962585428594
 30
0.0
 41
1.0
 10
23.21703812925935
 20
0.9094594809532898
 30
0.0
 41
1.0
 10
23.25818156746385
 20
0.8925119018887263
 30
0.0
 41
1.0
 10
23.29929739868347
 20
0.8753551654831305
 30
0.0
 41
1.0
 10
23.34038516965426
 20
0.8579908924886591
 30
0.0
 41
1.0
 10
23.38144444450151
 20
0.8404206480301175
 30
0.0
 41
1.0
 10
23.42247481432901
 20
0.8226459079806694
 30
0.0
 41
1.0
 10
23.46347590042128
 20
0.8046680402981197
 30
0.0
 41
1.0
 10
23.50444733260379
 20
0.7864883449514374
 30
0.0
 41
1.0
 10
23.54538873102383
 20
0.7681080868085912
 30
0.0
 41
1.0
 10
23.58629968799931
 20
0.7495285307837225
 30
0.0
 41
1.0
 10
23.62717974721523
 20
0.7307509819705761
 30
0.0
 41
1.0
 10
23.66802839255648
 20
0.711776811902941
 30
0.0
 41
1.0
 10
23.70884509299624
 20
0.692607396222676
 30
0.0
 41
1.0
 10
23.74962934138254
 20
0.673244063797714
 30
0.0
 41
1.0
 10
23.79038069501792
 20
0.6536880433145214
 30
0.0
 41
1.0
 10
23.83109881768873
 20
0.6339404110162002
 30
0.0
 41
1.0
 10
23.8717835160105
 20
0.6140020427771324
 30
0.0
 41
1.0
 10
23.91243470037476
 20
0.5938736170998345
 30
0.0
 41
1.0
 10
23.94492882127531
 20
0.5776192156710727
 30
0.0
 41
1.0
 10
23.96928432910105
 20
0.5653432342894193
 30
0.0
 41
1.0
 10
23.98551463306215
 20
0.5571214013579699
 30
0.0
 41
1.0
 10
23.99362810972834
 20
0.5530010235564225
 30
0.0
 41
1.0
  0
ARC
  5
BF
330
70
100
AcDbEntity
  8
Untitled v10_Gear Tooth (1)
100
AcDbCircle
 10
-0.0000000000046851
 20
0.0
 30
0.0
 40
24.00000000000976
100
AcDbArc
 50
358.6796904560415
 51
1.320309543958465
  0
LINE
  5
C0
330
70
100
AcDbEntity
  8
Untitled v10_Gear Tooth (1)
100
AcDbLine
 10
20.70756603093119
 20
-1.394983628801717
 30
0.0
 11
21.09527125964572
 21
-1.421101736842504
 31
0.0
  0
LINE
  5
C1
330
70
100
AcDbEntity
  8
Untitled v10_Gear Tooth (1)
100
AcDbLine
 10
20.70756603093119
 20
-1.394983628801717
 30
0.0
 11
20.70756603093119
 21
1.394983628801717
 31
0.0
  0
LINE
  5
C2
330
70
100
AcDbEntity
  8
Untitled v10_Gear Tooth (1)
100
AcDbLine
 10
20.70756603093119
 20
1.394983628801717
 30
0.0
 11
21.09527125964572
 21
1.421101736842504
 31
0.0
  0
POINT
  5
C4
330
70
100
AcDbEntity
  8
Untitled v10_Diametrial Pitch Circle (1)
100
AcDbPoint
 10
0.0
 20
0.0
 30
0.0
  0
CIRCLE
  5
C5
330
70
100
AcDbEntity
  8
Untitled v10_Diametrial Pitch Circle (1)
100
AcDbCircle
 10
0.0
 20
0.0
 30
0.0
 40
22.5
  0
POINT
  5
C7
330
70
100
AcDbEntity
  8
Untitled v10_Sketch13
100
AcDbPoint
 10
0.0
 20
0.0
 30
0.0
  0
POINT
  5
C9
330
70
100
AcDbEntity
  8
Untitled v10_Sketch14
100
AcDbPoint
 10
0.0
 20
0.0
 30
0.0
  0
CIRCLE
  5
CA
330
70
100
AcDbEntity
  8
Untitled v10_Sketch14
100
AcDbCircle
 10
-170.0
 20
-80.0
 30
0.0
 40
2.349999999999998
  0
LINE
  5
CB
330
70
100
AcDbEntity
  8
Untitled v10_Sketch14
100
AcDbLine
 10
-96.00000154972077
 20
44.82186980033032
 30
0.0
 11
-96.00000154972077
 21
35.00000067055225
 31
0.0
  0
LINE
  5
CC
330
70
100
AcDbEntity
  8
Untitled v10_Sketch14
100
AcDbLine
 10
-128.310890488031
 20
20.96410060831634
 30
0.0
 11
-132.310890488031
 21
14.03589737804081
 31
0.0
  0
LINE
  5
CD
330
70
100
AcDbEntity
  8
Untitled v10_Sketch14
100
AcDbLine
 10
-170.8391451954249
 20
-73.70569024109911
 30
0.0
 11
-220.0
 21
-80.0
 31
0.0
  0
LINE
  5
CE
330
70
100
AcDbEntity
  8
Untitled v10_Sketch14
100
AcDbLine
 10
-118.9468346271249
 20
40.81687711734423
 30
0.0
 11
-114.0359000622359
 21
32.31088893831027
 31
0.0
  0
LINE
  5
CF
330
70
100
AcDbEntity
  8
Untitled v10_Sketch14
100
AcDbLine
 10
-120.9641032925114
 20
28.31088893831026
 30
0.0
 11
-125.8750377191
 21
36.81687687780089
 31
0.0
  0
CIRCLE
  5
D0
330
70
100
AcDbEntity
  8
Untitled v10_Sketch14
100
AcDbCircle
 10
-100.0
 20
0.0
 30
0.0
 40
2.5
  0
LINE
  5
D1
330
70
100
AcDbEntity
  8
Untitled v10_Sketch14
100
AcDbLine
 10
-132.310890488031
 20
14.03589737804081
 30
0.0
 11
-140.8168784275216
 21
18.94683180462944
 31
0.0
  0
LINE
  5
D2
330
70
100
AcDbEntity
  8
Untitled v10_Sketch14
100
AcDbLine
 10
-170.8391451954281
 20
-86.29430975890047
 30
0.0
 11
-220.0
 21
-80.0
 31
0.0
  0
LINE
  5
D3
330
70
100
AcDbEntity
  8
Untitled v10_Sketch14
100
AcDbLine
 10
-136.816878667065
 20
25.87503517320538
 30
0.0
 11
-128.310890488031
 21
20.96410060831634
 31
0.0
  0
LINE
  5
D4
330
70
100
AcDbEntity
  8
Untitled v10_Sketch14
100
AcDbLine
 10
-144.8218698003303
 20
3.99999845027926
 30
0.0
 11
-135.0000006705522
 21
3.999998450279242
 31
0.0
  0
LINE
  5
D5
330
70
100
AcDbEntity
  8
Untitled v10_Sketch14
100
AcDbLine
 10
-135.0000006705522
 20
3.999998450279242
 30
0.0
 11
-135.0000006705522
 21
-4.000001549720764
 31
0.0
  0
ARC
  5
D6
330
70
100
AcDbEntity
  8
Untitled v10_Sketch14
100
AcDbCircle
 10
-170.0
 20
-80.0
 30
0.0
 40
6.34999999999998
100
AcDbArc
 50
262.4062161828017
 51
97.59378381719779
  0
LINE
  5
D7
330
70
100
AcDbEntity
  8
Untitled v10_Sketch14
100
AcDbLine
 10
-104.0000015497207
 20
35.00000067055225
 30
0.0
 11
-104.0000015497207
 21
44.82186952372949
 31
0.0
  0
LINE
  5
D8
330
70
100
AcDbEntity
  8
Untitled v10_Sketch14
100
AcDbLine
 10
-114.0359000622359
 20
32.31088893831027
 30
0.0
 11
-120.9641032925114
 21
28.31088893831026
 31
0.0
  0
LINE
  5
D9
330
70
100
AcDbEntity
  8
Untitled v10_Sketch14
100
AcDbLine
 10
-135.0000006705522
 20
-4.000001549720764
 30
0.0
 11
-144.8218695237295
 21
-4.000001549720746
 31
0.0
  0
LINE
  5
DA
330
70
100
AcDbEntity
  8
Untitled v10_Sketch14
100
AcDbLine
 10
-140.8168771173442
 20
-18.94683462712493
 30
0.0
 11
-132.3108889383102
 21
-14.03590006223588
 31
0.0
  0
CIRCLE
  5
DB
330
70
100
AcDbEntity
  8
Untitled v10_Sketch14
100
AcDbCircle
 10
-100.0
 20
0.0
 30
0.0
 40
50.0
  0
LINE
  5
DC
330
70
100
AcDbEntity
  8
Untitled v10_Sketch14
100
AcDbLine
 10
-102.500001527369
 20
35.00000067055225
 30
0.0
 11
-104.0000015497207
 21
35.00000067055225
 31
0.0
  0
LINE
  5
DD
330
70
100
AcDbEntity
  8
Untitled v10_Sketch14
100
AcDbLine
 10
-114.0358973780408
 20
-32.31089048803101
 30
0.0
 11
-118.9468318046294
 21
-40.81687842752162
 31
0.0
  0
ARC
  5
DE
330
70
100
AcDbEntity
  8
Untitled v10_Sketch14
100
AcDbCircle
 10
-100.0
 20
0.0
 30
0.0
 40
4.5
100
AcDbArc
 50
123.7490119844038
 51
236.2509880155962
  0
LINE
  5
DF
330
70
100
AcDbEntity
  8
Untitled v10_Sketch14
100
AcDbLine
 10
-85.96409993776411
 20
-32.31088893831027
 30
0.0
 11
-79.03589670748857
 21
-28.31088893831028
 31
0.0
  0
LINE
  5
E0
330
70
100
AcDbEntity
  8
Untitled v10_Sketch14
100
AcDbLine
 10
-71.68911106168973
 20
20.96410329251141
 30
0.0
 11
-63.1831231221991
 21
25.87503771910002
 31
0.0
  0
ARC
  5
E1
330
70
100
AcDbEntity
  8
Untitled v10_Sketch14
100
AcDbCircle
 10
-100.0
 20
0.0
 30
0.0
 40
45.0
100
AcDbArc
 50
65.09969089522479
 51
84.90031306679016
  0
ARC
  5
E2
330
70
100
AcDbEntity
  8
Untitled v10_Sketch14
100
AcDbCircle
 10
-100.0
 20
0.0
 30
0.0
 40
45.0
100
AcDbArc
 50
95.09969089522483
 51
114.9003130667901
  0
ARC
  5
E3
330
70
100
AcDbEntity
  8
Untitled v10_Sketch14
100
AcDbCircle
 10
-100.0
 20
0.0
 30
0.0
 40
45.0
100
AcDbArc
 50
305.0996908952248
 51
324.9003130667901
  0
ARC
  5
E4
330
70
100
AcDbEntity
  8
Untitled v10_Sketch14
100
AcDbCircle
 10
-100.0
 20
0.0
 30
0.0
 40
45.0
100
AcDbArc
 50
5.099690895224801
 51
24.90031306679006
  0
LINE
  5
E5
330
70
100
AcDbEntity
  8
Untitled v10_Sketch14
100
AcDbLine
 10
-97.50000145286321
 20
3.741658357508602
 30
0.0
 11
-97.50000145286321
 21
35.00000067055225
 31
0.0
  0
ARC
  5
E6
330
70
100
AcDbEntity
  8
Untitled v10_Sketch14
100
AcDbCircle
 10
-100.0
 20
0.0
 30
0.0
 40
4.5
100
AcDbArc
 50
303.7489663482825
 51
56.25103365171753
  0
LINE
  5
E7
330
70
100
AcDbEntity
  8
Untitled v10_Sketch14
100
AcDbLine
 10
-71.68910951196899
 20
-20.96410060831634
 30
0.0
 11
-67.68910951196899
 21
-14.03589737804083
 31
0.0
  0
LINE
  5
E8
330
70
100
AcDbEntity
  8
Untitled v10_Sketch14
100
AcDbLine
 10
-170.0
 20
-80.0
 30
0.0
 11
-163.65
 21
-80.0
 31
0.0
  0
ARC
  5
E9
330
70
100
AcDbEntity
  8
Untitled v10_Sketch14
100
AcDbCircle
 10
-100.0
 20
0.0
 30
0.0
 40
44.99999999999997
100
AcDbArc
 50
155.0996908952248
 51
174.9003130667901
  0
ARC
  5
EA
330
70
100
AcDbEntity
  8
Untitled v10_Sketch14
100
AcDbCircle
 10
-100.0
 20
0.0
 30
0.0
 40
45.0
100
AcDbArc
 50
35.09969089522478
 51
54.90031306679007
  0
LINE
  5
EB
330
70
100
AcDbEntity
  8
Untitled v10_Sketch14
100
AcDbLine
 10
-103.9999984502792
 20
-35.00000067055225
 30
0.0
 11
-102.500001527369
 21
-35.00000052154064
 31
0.0
  0
CIRCLE
  5
EC
330
70
100
AcDbEntity
  8
Untitled v10_Sketch14
100
AcDbCircle
 10
549.0000081807375
 20
50.00000074505805
 30
0.0
 40
2.349999999999994
  0
LINE
  5
ED
330
70
100
AcDbEntity
  8
Untitled v10_Sketch14
100
AcDbLine
 10
-79.03589670748857
 20
-28.31088893831027
 30
0.0
 11
-74.12496228089995
 21
-36.81687687780089
 31
0.0
  0
LINE
  5
EE
330
70
100
AcDbEntity
  8
Untitled v10_Sketch14
100
AcDbLine
 10
-103.9999984502792
 20
-44.82186980033032
 30
0.0
 11
-103.9999984502792
 21
-35.00000067055225
 31
0.0
  0
ARC
  5
EF
330
70
100
AcDbEntity
  8
Untitled v10_Sketch14
100
AcDbCircle
 10
-100.0
 20
0.0
 30
0.0
 40
45.0
100
AcDbArc
 50
335.0996908952248
 51
354.9003130667902
  0
LINE
  5
F0
330
70
100
AcDbEntity
  8
Untitled v10_Sketch14
100
AcDbLine
 10
-170.0
 20
-80.0
 30
0.0
 11
-220.0
 21
-80.0
 31
0.0
  0
LINE
  5
F1
330
70
100
AcDbEntity
  8
Untitled v10_Sketch14
100
AcDbLine
 10
-81.05316537287507
 20
-40.81687711734423
 30
0.0
 11
-85.96409993776411
 21
-32.31088893831027
 31
0.0
  0
LINE
  5
F2
330
70
100
AcDbEntity
  8
Untitled v10_Sketch14
100
AcDbLine
 10
-97.50000145286321
 20
-3.741658357508602
 30
0.0
 11
-97.50000145286321
 21
-35.00000052154064
 31
0.0
  0
ARC
  5
F3
330
70
100
AcDbEntity
  8
Untitled v10_Sketch14
100
AcDbCircle
 10
-100.0
 20
0.0
 30
0.0
 40
44.99999999999999
100
AcDbArc
 50
125.0996908952248
 51
144.9003130667901
  0
LINE
  5
F4
330
70
100
AcDbEntity
  8
Untitled v10_Sketch14
100
AcDbLine
 10
-67.68911106168973
 20
14.0359000622359
 30
0.0
 11
-71.68911106168973
 21
20.96410329251141
 31
0.0
  0
LINE
  5
F5
330
70
100
AcDbEntity
  8
Untitled v10_Sketch14
100
AcDbLine
 10
-59.18312288265576
 20
18.94683462712491
 30
0.0
 11
-67.68911106168973
 21
14.0359000622359
 31
0.0
  0
LINE
  5
F6
330
70
100
AcDbEntity
  8
Untitled v10_Sketch14
100
AcDbLine
 10
-63.18312133293503
 20
-25.87503517320538
 30
0.0
 11
-71.68910951196899
 21
-20.96410060831634
 31
0.0
  0
ARC
  5
F7
330
70
100
AcDbEntity
  8
Untitled v10_Sketch14
100
AcDbCircle
 10
-100.0
 20
0.0
 30
0.0
 40
45.00000000000001
100
AcDbArc
 50
215.0996908952248
 51
234.9003130667902
  0
LINE
  5
F8
330
70
100
AcDbEntity
  8
Untitled v10_Sketch14
100
AcDbLine
 10
-95.99999845027923
 20
-35.00000067055225
 30
0.0
 11
-95.99999845027923
 21
-44.82186952372949
 31
0.0
  0
LINE
  5
F9
330
70
100
AcDbEntity
  8
Untitled v10_Sketch14
100
AcDbLine
 10
-64.99999932944774
 20
-3.999998450279242
 30
0.0
 11
-64.99999932944774
 21
4.000001549720764
 31
0.0
  0
LINE
  5
FA
330
70
100
AcDbEntity
  8
Untitled v10_Sketch14
100
AcDbLine
 10
-74.12496482679461
 20
36.81687866706496
 30
0.0
 11
-79.03589939168364
 21
28.310890488031
 31
0.0
  0
LINE
  5
FB
330
70
100
AcDbEntity
  8
Untitled v10_Sketch14
100
AcDbLine
 10
-55.17813019966968
 20
-3.99999845027926
 30
0.0
 11
-64.99999932944774
 21
-3.999998450279242
 31
0.0
  0
LINE
  5
FC
330
70
100
AcDbEntity
  8
Untitled v10_Sketch14
100
AcDbLine
 10
-79.03589939168364
 20
28.310890488031
 30
0.0
 11
-85.96410262195915
 21
32.31089048803102
 31
0.0
  0
LINE
  5
FD
330
70
100
AcDbEntity
  8
Untitled v10_Sketch14
100
AcDbLine
 10
-97.50000145286321
 20
0.0
 30
0.0
 11
-97.50000145286321
 21
0.0026952391306133
 31
0.0
  0
LINE
  5
FE
330
70
100
AcDbEntity
  8
Untitled v10_Sketch14
100
AcDbLine
 10
-97.50000145286321
 20
0.0
 30
0.0
 11
-97.50000145286321
 21
-0.0026952391306133
 31
0.0
  0
SPLINE
  5
FF
330
70
100
AcDbEntity
  8
Untitled v10_Sketch14
100
AcDbSpline
210
0.0
220
0.0
230
1.0
 70
    12
 71
     5
 72
   236
 73
   230
 74
     0
 42
0.000000001
 43
0.0000000001
 40
0.0
 40
0.0
 40
0.0
 40
0.0
 40
0.0
 40
0.0
 40
0.0044444444444444
 40
0.0088888888888889
 40
0.0133333333333333
 40
0.0177777777777778
 40
0.0222222222222222
 40
0.0266666666666667
 40
0.0311111111111111
 40
0.0355555555555556
 40
0.04
 40
0.0444444444444445
 40
0.0488888888888889
 40
0.0533333333333333
 40
0.0577777777777778
 40
0.0622222222222222
 40
0.0666666666666667
 40
0.0711111111111111
 40
0.0755555555555556
 40
0.08
 40
0.0844444444444445
 40
0.0888888888888889
 40
0.0933333333333334
 40
0.0977777777777778
 40
0.1022222222222222
 40
0.1066666666666667
 40
0.1111111111111111
 40
0.1155555555555556
 40
0.12
 40
0.1244444444444444
 40
0.1288888888888889
 40
0.1333333333333333
 40
0.1377777777777778
 40
0.1422222222222222
 40
0.1466666666666667
 40
0.1511111111111111
 40
0.1555555555555556
 40
0.16
 40
0.1644444444444444
 40
0.1688888888888889
 40
0.1733333333333333
 40
0.1777777777777778
 40
0.1822222222222222
 40
0.1866666666666667
 40
0.1911111111111111
 40
0.1955555555555556
 40
0.2
 40
0.2044444444444445
 40
0.2088888888888889
 40
0.2133333333333333
 40
0.2177777777777778
 40
0.2222222222222222
 40
0.2266666666666667
 40
0.2311111111111111
 40
0.2355555555555556
 40
0.24
 40
0.2444444444444445
 40
0.2488888888888889
 40
0.2533333333333334
 40
0.2577777777777777
 40
0.2622222222222222
 40
0.2666666666666666
 40
0.271111111111111
 40
0.2755555555555555
 40
0.2799999999999998
 40
0.2844444444444443
 40
0.2888888888888887
 40
0.2933333333333331
 40
0.2977777777777775
 40
0.3022222222222219
 40
0.3066666666666664
 40
0.3111111111111108
 40
0.3155555555555552
 40
0.3199999999999996
 40
0.324444444444444
 40
0.3288888888888884
 40
0.3333333333333329
 40
0.3377777777777773
 40
0.3422222222222217
 40
0.3466666666666661
 40
0.3511111111111105
 40
0.355555555555555
 40
0.3599999999999994
 40
0.3644444444444438
 40
0.3688888888888882
 40
0.3733333333333326
 40
0.3777777777777771
 40
0.3822222222222215
 40
0.3866666666666659
 40
0.3911111111111103
 40
0.3955555555555547
 40
0.3999999999999991
 40
0.4044444444444436
 40
0.408888888888888
 40
0.4133333333333324
 40
0.4177777777777769
 40
0.4222222222222213
 40
0.4266666666666657
 40
0.4311111111111101
 40
0.4355555555555545
 40
0.4399999999999989
 40
0.4444444444444433
 40
0.4488888888888878
 40
0.4533333333333322
 40
0.4577777777777766
 40
0.462222222222221
 40
0.4666666666666654
 40
0.4711111111111098
 40
0.4755555555555543
 40
0.4799999999999987
 40
0.4844444444444431
 40
0.4888888888888875
 40
0.493333333333332
 40
0.4977777777777764
 40
0.5022222222222208
 40
0.5066666666666653
 40
0.5111111111111098
 40
0.5155555555555543
 40
0.5199999999999987
 40
0.5244444444444432
 40
0.5288888888888877
 40
0.5333333333333322
 40
0.5377777777777766
 40
0.542222222222221
 40
0.5466666666666656
 40
0.5511111111111101
 40
0.5555555555555545
 40
0.5599999999999989
 40
0.5644444444444435
 40
0.568888888888888
 40
0.5733333333333324
 40
0.5777777777777768
 40
0.5822222222222213
 40
0.5866666666666659
 40
0.5911111111111103
 40
0.5955555555555547
 40
0.5999999999999992
 40
0.6044444444444438
 40
0.6088888888888882
 40
0.6133333333333326
 40
0.6177777777777771
 40
0.6222222222222216
 40
0.6266666666666661
 40
0.6311111111111105
 40
0.635555555555555
 40
0.6399999999999995
 40
0.644444444444444
 40
0.6488888888888884
 40
0.6533333333333329
 40
0.6577777777777774
 40
0.6622222222222219
 40
0.6666666666666663
 40
0.6711111111111108
 40
0.6755555555555553
 40
0.6799999999999998
 40
0.6844444444444442
 40
0.6888888888888887
 40
0.6933333333333332
 40
0.6977777777777776
 40
0.7022222222222221
 40
0.7066666666666666
 40
0.7111111111111111
 40
0.7155555555555555
 40
0.72
 40
0.7244444444444445
 40
0.728888888888889
 40
0.7333333333333334
 40
0.7377777777777779
 40
0.7422222222222224
 40
0.7466666666666669
 40
0.7511111111111113
 40
0.7555555555555558
 40
0.7600000000000003
 40
0.7644444444444448
 40
0.7688888888888892
 40
0.7733333333333336
 40
0.7777777777777782
 40
0.7822222222222227
 40
0.7866666666666671
 40
0.7911111111111115
 40
0.7955555555555561
 40
0.8000000000000005
 40
0.8044444444444449
 40
0.8088888888888893
 40
0.8133333333333339
 40
0.8177777777777784
 40
0.8222222222222228
 40
0.8266666666666672
 40
0.8311111111111117
 40
0.8355555555555563
 40
0.8400000000000007
 40
0.8444444444444451
 40
0.8488888888888897
 40
0.8533333333333342
 40
0.8577777777777786
 40
0.862222222222223
 40
0.8666666666666674
 40
0.8711111111111121
 40
0.8755555555555565
 40
0.8800000000000009
 40
0.8844444444444455
 40
0.8888888888888899
 40
0.8933333333333344
 40
0.8977777777777788
 40
0.9022222222222232
 40
0.9066666666666678
 40
0.9111111111111123
 40
0.9155555555555567
 40
0.9200000000000013
 40
0.9244444444444457
 40
0.9288888888888902
 40
0.9333333333333346
 40
0.937777777777779
 40
0.9422222222222236
 40
0.946666666666668
 40
0.9511111111111125
 40
0.9555555555555571
 40
0.9600000000000015
 40
0.9644444444444459
 40
0.9688888888888904
 40
0.9733333333333348
 40
0.9777777777777794
 40
0.9822222222222238
 40
0.9866666666666683
 40
0.9911111111111129
 40
0.9955555555555573
 40
1.0
 40
1.0
 40
1.0
 40
1.0
 40
1.0
 40
1.0
 10
546.7063538154929
 20
55.28853645003298
 30
0.0
 41
1.0
 10
546.7017982373598
 20
55.28670304828943
 30
0.0
 41
1.0
 10
546.6928088925926
 20
55.28313746616604
 30
0.0
 41
1.0
 10
546.679690307878
 20
55.27809275592222
 30
0.0
 41
1.0
 10
546.6629297678305
 20
55.27197383097637
 30
0.0
 41
1.0
 10
546.6431874806613
 20
55.26533239769059
 30
0.0
 41
1.0
 10
546.6246243105797
 20
55.25968306892668
 30
0.0
 41
1.0
 10
546.6071809525597
 20
55.25499513395212
 30
0.0
 41
1.0
 10
546.5907596482351
 20
55.2512179701224
 30
0.0
 41
1.0
 10
546.5752106203427
 20
55.24827385107688
 30
0.0
 41
1.0
 10
546.5603361887856
 20
55.24606064495049
 30
0.0
 41
1.0
 10
546.5459169619151
 20
55.24446701693972
 30
0.0
 41
1.0
 10
546.5317334509742
 20
55.24338482375987
 30
0.0
 41
1.0
 10
546.5175874380926
 20
55.24272192445412
 30
0.0
 41
1.0
 10
546.5033287075202
 20
55.24241662474675
 30
0.0
 41
1.0
 10
546.488853136683
 20
55.24244225068162
 30
0.0
 41
1.0
 10
546.474085633133
 20
55.24280611167831
 30
0.0
 41
1.0
 10
546.4589673141632
 20
55.24355054863896
 30
0.0
 41
1.0
 10
546.4434420429257
 20
55.2447523991891
 30
0.0
 41
1.0
 10
546.4274402816197
 20
55.24652506316751
 30
0.0
 41
1.0
 10
546.410910602175
 20
55.24898938419924
 30
0.0
 41
1.0
 10
546.3938546770067
 20
55.25224246259968
 30
0.0
 41
1.0
 10
546.3763627131548
 20
55.25632606748125
 30
0.0
 41
1.0
 10
546.3586448324598
 20
55.26119780921021
 30
0.0
 41
1.0
 10
546.3410744695827
 20
55.26669423594874
 30
0.0
 41
1.0
 10
546.324101627664
 20
55.27258170059586
 30
0.0
 41
1.0
 10
546.3081527718252
 20
55.27861658949721
 30
0.0
 41
1.0
 10
546.293530685678
 20
55.28460478128653
 30
0.0
 41
1.0
 10
546.2803252118264
 20
55.29045561298751
 30
0.0
 41
1.0
 10
546.2682910443768
 20
55.2962533242252
 30
0.0
 41
1.0
 10
546.2569477113158
 20
55.30220996331016
 30
0.0
 41
1.0
 10
546.2457425997277
 20
55.30858495471782
 30
0.0
 41
1.0
 10
546.2341856031141
 20
55.31561910676933
 30
0.0
 41
1.0
 10
546.2220117697474
 20
55.32345536038448
 30
0.0
 41
1.0
 10
546.2092832035074
 20
55.33208706631004
 30
0.0
 41
1.0
 10
546.1962613528635
 20
55.34140975017042
 30
0.0
 41
1.0
 10
546.1833092659384
 20
55.35125881179428
 30
0.0
 41
1.0
 10
546.170788961097
 20
55.36145087465804
 30
0.0
 41
1.0
 10
546.1589447436617
 20
55.37182791312895
 30
0.0
 41
1.0
 10
546.1478471129544
 20
55.38228540943138
 30
0.0
 41
1.0
 10
546.1374555933162
 20
55.39276685323407
 30
0.0
 41
1.0
 10
546.1276565723685
 20
55.4032668754763
 30
0.0
 41
1.0
 10
546.1183086294562
 20
55.41382838387921
 30
0.0
 41
1.0
 10
546.109290877914
 20
55.42454850970742
 30
0.0
 41
1.0
 10
546.1005230552831
 20
55.435554028236
 30
0.0
 41
1.0
 10
546.0919614712745
 20
55.44695516481546
 30
0.0
 41
1.0
 10
546.0836025082035
 20
55.45880406247818
 30
0.0
 41
1.0
 10
546.0754820441914
 20
55.47105480281871
 30
0.0
 41
1.0
 10
546.0676792262358
 20
55.48351347855145
 30
0.0
 41
1.0
 10
546.0602834948294
 20
55.49591334341844
 30
0.0
 41
1.0
 10
546.053355770456
 20
55.50800883977611
 30
0.0
 41
1.0
 10
546.0468947720438
 20
55.51965668195027
 30
0.0
 41
1.0
 10
546.0407940480658
 20
55.53091679776598
 30
0.0
 41
1.0
 10
546.0348243562521
 20
55.5421015042885
 30
0.0
 41
1.0
 10
546.0287156119258
 20
55.55362207420511
 30
0.0
 41
1.0
 10
546.0222289890864
 20
55.56585634854813
 30
0.0
 41
1.0
 10
546.0152234408
 20
55.5790251076776
 30
0.0
 41
1.0
 10
546.0077479557705
 20
55.59302266326932
 30
0.0
 41
1.0
 10
546.0000079692235
 20
55.60747377938887
 30
0.0
 41
1.0
 10
545.9922650495444
 20
55.62191087103151
 30
0.0
 41
1.0
 10
545.9847529924015
 20
55.63592152582673
 30
0.0
 41
1.0
 10
545.9775966921025
 20
55.64929126226218
 30
0.0
 41
1.0
 10
545.970705340358
 20
55.66219195166443
 30
0.0
 41
1.0
 10
545.963828807212
 20
55.67507953686102
 30
0.0
 41
1.0
 10
545.9566699865674
 20
55.68849205321003
 30
0.0
 41
1.0
 10
545.9489807552402
 20
55.70287679354857
 30
0.0
 41
1.0
 10
545.9406599250958
 20
55.71841405241831
 30
0.0
 41
1.0
 10
545.9318632775486
 20
55.73481899613426
 30
0.0
 41
1.0
 10
545.9229150917819
 20
55.7515017050016
 30
0.0
 41
1.0
 10
545.9142027417373
 20
55.76775774823777
 30
0.0
 41
1.0
 10
545.9060724761445
 20
55.78295663075657
 30
0.0
 41
1.0
 10
545.8987359307928
 20
55.79671087363078
 30
0.0
 41
1.0
 10
545.8921433109874
 20
55.80910523085282
 30
0.0
 41
1.0
 10
545.8860400654087
 20
55.82059484112581
 30
0.0
 41
1.0
 10
545.8800967405235
 20
55.83177134162692
 30
0.0
 41
1.0
 10
545.8740115297731
 20
55.84317825187015
 30
0.0
 41
1.0
 10
545.8676320599911
 20
55.8550916385478
 30
0.0
 41
1.0
 10
545.8610465584661
 20
55.86735604778562
 30
0.0
 41
1.0
 10
545.8544610543957
 20
55.87960630467983
 30
0.0
 41
1.0
 10
545.8480876881794
 20
55.89146946375025
 30
0.0
 41
1.0
 10
545.8420430639533
 20
55.90274820828465
 30
0.0
 41
1.0
 10
545.83620780857
 20
55.91367529179469
 30
0.0
 41
1.0
 10
545.8302416543658
 20
55.92488346394021
 30
0.0
 41
1.0
 10
545.8237428211675
 20
55.93711157046486
 30
0.0
 41
1.0
 10
545.8163706038765
 20
55.95097775665593
 30
0.0
 41
1.0
 10
545.8079760748711
 20
55.96673826752152
 30
0.0
 41
1.0
 10
545.7987477153173
 20
55.98401780875329
 30
0.0
 41
1.0
 10
545.7891030122
 20
56.00201718084837
 30
0.0
 41
1.0
 10
545.7795545383768
 20
56.01976842269189
 30
0.0
 41
1.0
 10
545.7705785916468
 20
56.03638596458087
 30
0.0
 41
1.0
 10
545.7624978237914
 20
56.05128966760261
 30
0.0
 41
1.0
 10
545.7553205393649
 20
56.06451373269317
 30
0.0
 41
1.0
 10
545.7487536808481
 20
56.07667223923218
 30
0.0
 41
1.0
 10
545.7423613729599
 20
56.08863768879395
 30
0.0
 41
1.0
 10
545.735686053015
 20
56.10129229521312
 30
0.0
 41
1.0
 10
545.7283765305633
 20
56.11526826171648
 30
0.0
 41
1.0
 10
545.7203348675797
 20
56.13064406905167
 30
0.0
 41
1.0
 10
545.7116868654259
 20
56.14703430646219
 30
0.0
 41
1.0
 10
545.7027081997584
 20
56.16377580207241
 30
0.0
 41
1.0
 10
545.6937656597623
 20
56.18008479437195
 30
0.0
 41
1.0
 10
545.6852524574402
 20
56.1952168108608
 30
0.0
 41
1.0
 10
545.6775251189411
 20
56.20864898978475
 30
0.0
 41
1.0
 10
545.6708436866943
 20
56.22014067477536
 30
0.0
 41
1.0
 10
545.6653129363095
 20
56.2297206777569
 30
0.0
 41
1.0
 10
545.6608266879353
 20
56.23769425136234
 30
0.0
 41
1.0
 10
545.6570029561311
 20
56.24464825728697
 30
0.0
 41
1.0
 10
545.6531457300646
 20
56.25143879803371
 30
0.0
 41
1.0
 10
545.6484846869013
 20
56.2589495331349
 30
0.0
 41
1.0
 10
545.6423871158563
 20
56.26787488030739
 30
0.0
 41
1.0
 10
545.634592073637
 20
56.27848127860902
 30
0.0
 41
1.0
 10
545.6254029233729
 20
56.29041206488687
 30
0.0
 41
1.0
 10
545.615438334883
 20
56.30296268335212
 30
0.0
 41
1.0
 10
545.6054023516044
 20
56.31533572788201
 30
0.0
 41
1.0
 10
545.5958668405978
 20
56.32688222148513
 30
0.0
 41
1.0
 10
545.587002456179
 20
56.33739922426666
 30
0.0
 41
1.0
 10
545.5784828562513
 20
56.34723814692364
 30
0.0
 41
1.0
 10
545.5697679144105
 20
56.35699845490323
 30
0.0
 41
1.0
 10
545.560322080638
 20
56.36729302571528
 30
0.0
 41
1.0
 10
545.5498321822774
 20
56.37851232571995
 30
0.0
 41
1.0
 10
545.5384918709373
 20
56.39052024579129
 30
0.0
 41
1.0
 10
545.5268872763341
 20
56.40276323503016
 30
0.0
 41
1.0
 10
545.5157171066988
 20
56.41455169841377
 30
0.0
 41
1.0
 10
545.5055561989038
 20
56.42529542280114
 30
0.0
 41
1.0
 10
545.4966236817833
 20
56.43473618642393
 30
0.0
 41
1.0
 10
545.4884898339476
 20
56.4432389374472
 30
0.0
 41
1.0
 10
545.4802931740348
 20
56.45159038773371
 30
0.0
 41
1.0
 10
545.4710897851539
 20
56.4606703091819
 30
0.0
 41
1.0
 10
545.4601336008294
 20
56.47118834220569
 30
0.0
 41
1.0
 10
545.447240340005
 20
56.48334291292333
 30
0.0
 41
1.0
 10
545.4329393603459
 20
56.49667598230504
 30
0.0
 41
1.0
 10
545.4181202982754
 20
56.5103933657715
 30
0.0
 41
1.0
 10
545.4037758255103
 20
56.5235964940384
 30
0.0
 41
1.0
 10
545.3907075441142
 20
56.53554817286165
 30
0.0
 41
1.0
 10
545.379244748875
 20
56.54592637952348
 30
0.0
 41
1.0
 10
545.3689652686904
 20
56.55507642958235
 30
0.0
 41
1.0
 10
545.3589948375168
 20
56.56374743922016
 30
0.0
 41
1.0
 10
545.3483069282927
 20
56.57282848445058
 30
0.0
 41
1.0
 10
545.3360047410622
 20
56.58310048422487
 30
0.0
 41
1.0
 10
545.3216523760521
 20
56.59494465010199
 30
0.0
 41
1.0
 10
545.3054517281097
 20
56.60818724147114
 30
0.0
 41
1.0
 10
545.2879993690532
 20
56.62231568348489
 30
0.0
 41
1.0
 10
545.270124581596
 20
56.63662267990631
 30
0.0
 41
1.0
 10
545.252688787596
 20
56.65038509312534
 30
0.0
 41
1.0
 10
545.2364164695536
 20
56.66301348542429
 30
0.0
 41
1.0
 10
545.2216746338753
 20
56.67425088369768
 30
0.0
 41
1.0
 10
545.208464470562
 20
56.68416724176037
 30
0.0
 41
1.0
 10
545.1965236213458
 20
56.69304834775044
 30
0.0
 41
1.0
 10
545.1853936956388
 20
56.70131606060365
 30
0.0
 41
1.0
 10
545.1745032332731
 20
56.70943864905183
 30
0.0
 41
1.0
 10
545.1632413749663
 20
56.71783763524598
 30
0.0
 41
1.0
 10
545.1510477037916
 20
56.72683710701519
 30
0.0
 41
1.0
 10
545.1375032853364
 20
56.7366383689421
 30
0.0
 41
1.0
 10
545.1224286988717
 20
56.74728296551939
 30
0.0
 41
1.0
 10
545.1059630848267
 20
56.75862836788342
 30
0.0
 41
1.0
 10
545.0886924673536
 20
56.77029818286733
 30
0.0
 41
1.0
 10
545.0715017604265
 20
56.78176739028765
 30
0.0
 41
1.0
 10
545.0553399841433
 20
56.79248907619968
 30
0.0
 41
1.0
 10
545.0410025864904
 20
56.80201388815664
 30
0.0
 41
1.0
 10
545.028932477116
 20
56.81009822098042
 30
0.0
 41
1.0
 10
545.0189501585395
 20
56.81685203501935
 30
0.0
 41
1.0
 10
545.0102378775709
 20
56.82274593044976
 30
0.0
 41
1.0
 10
545.0017152634428
 20
56.82840166995145
 30
0.0
 41
1.0
 10
544.992316343634
 20
56.83443721082269
 30
0.0
 41
1.0
 10
544.9813177297728
 20
56.84128351779264
 30
0.0
 41
1.0
 10
544.968612979874
 20
56.84903093066548
 30
0.0
 41
1.0
 10
544.9545135036942
 20
56.85753511624256
 30
0.0
 41
1.0
 10
544.9395741280945
 20
56.86650936022303
 30
0.0
 41
1.0
 10
544.9244157421087
 20
56.87561881404954
 30
0.0
 41
1.0
 10
544.909534597308
 20
56.88458119853848
 30
0.0
 41
1.0
 10
544.8951616868673
 20
56.89324255993156
 30
0.0
 41
1.0
 10
544.8813394356152
 20
56.90154408679891
 30
0.0
 41
1.0
 10
544.8679671233679
 20
56.9095048111022
 30
0.0
 41
1.0
 10
544.8548573406333
 20
56.91719828465005
 30
0.0
 41
1.0
 10
544.8417904712011
 20
56.92473142762641
 30
0.0
 41
1.0
 10
544.8285614469309
 20
56.93222374553535
 30
0.0
 41
1.0
 10
544.814990097205
 20
56.9397931046614
 30
0.0
 41
1.0
 10
544.8009386904094
 20
56.94753952519842
 30
0.0
 41
1.0
 10
544.7863245809986
 20
56.95553138715219
 30
0.0
 41
1.0
 10
544.7711398690024
 20
56.96378671462859
 30
0.0
 41
1.0
 10
544.7554512934545
 20
56.97226982518279
 30
0.0
 41
1.0
 10
544.7393657098325
 20
56.98091533069694
 30
0.0
 41
1.0
 10
544.7230027742372
 20
56.98964636428375
 30
0.0
 41
1.0
 10
544.7064655931365
 20
56.99839449243341
 30
0.0
 41
1.0
 10
544.6898102326234
 20
57.00712039026706
 30
0.0
 41
1.0
 10
544.6730216792592
 20
57.01582977874895
 30
0.0
 41
1.0
 10
544.6560288591932
 20
57.02456017782687
 30
0.0
 41
1.0
 10
544.6387150754868
 20
57.03337127382358
 30
0.0
 41
1.0
 10
544.6209297764941
 20
57.04233383240738
 30
0.0
 41
1.0
 10
544.6025007644216
 20
57.05151936192454
 30
0.0
 41
1.0
 10
544.5832435775985
 20
57.06098912335566
 30
0.0
 41
1.0
 10
544.5629912501106
 20
57.07078564298213
 30
0.0
 41
1.0
 10
544.5416304309073
 20
57.08092462688754
 30
0.0
 41
1.0
 10
544.5191341850629
 20
57.0913871075069
 30
0.0
 41
1.0
 10
544.4955988092758
 20
57.10211067111256
 30
0.0
 41
1.0
 10
544.4712728264732
 20
57.11298298545894
 30
0.0
 41
1.0
 10
544.4466053183008
 20
57.12382934230396
 30
0.0
 41
1.0
 10
544.4221651828338
 20
57.13444058596419
 30
0.0
 41
1.0
 10
544.3985257977073
 20
57.14461195331615
 30
0.0
 41
1.0
 10
544.3761649890917
 20
57.15417697214537
 30
0.0
 41
1.0
 10
544.3553506599535
 20
57.16304618520407
 30
0.0
 41
1.0
 10
544.3360509698409
 20
57.17123741189568
 30
0.0
 41
1.0
 10
544.3177880984426
 20
57.17892558295364
 30
0.0
 41
1.0
 10
544.2997087624284
 20
57.18641727496741
 30
0.0
 41
1.0
 10
544.2808378332133
 20
57.19406160978611
 30
0.0
 41
1.0
 10
544.2602763500046
 20
57.20218049404746
 30
0.0
 41
1.0
 10
544.2374303567585
 20
57.21098810851876
 30
0.0
 41
1.0
 10
544.2122079223318
 20
57.2205215439315
 30
0.0
 41
1.0
 10
544.1852790493272
 20
57.23054934990776
 30
0.0
 41
1.0
 10
544.1578566739397
 20
57.24064837710049
 30
0.0
 41
1.0
 10
544.1313845620384
 20
57.25031332876039
 30
0.0
 41
1.0
 10
544.1072651910704
 20
57.25905228547325
 30
0.0
 41
1.0
 10
544.0865536835548
 20
57.26649409975848
 30
0.0
 41
1.0
 10
544.0697061592981
 20
57.27247680799584
 30
0.0
 41
1.0
 10
544.0562066326001
 20
57.27717837975451
 30
0.0
 41
1.0
 10
544.044614005648
 20
57.28110104463263
 30
0.0
 41
1.0
 10
544.0330948285512
 20
57.28488627990174
 30
0.0
 41
1.0
 10
544.0198439760516
 20
57.28916891592715
 30
0.0
 41
1.0
 10
544.0035219456328
 20
57.29442533057606
 30
0.0
 41
1.0
 10
543.9837600132855
 20
57.30079829457803
 30
0.0
 41
1.0
 10
543.9610315933427
 20
57.30814055900514
 30
0.0
 41
1.0
 10
543.9363733091737
 20
57.31611032727035
 30
0.0
 41
1.0
 10
543.9111604934886
 20
57.32424794657775
 30
0.0
 41
1.0
 10
543.8868544338979
 20
57.33206232390599
 30
0.0
 41
1.0
 10
543.8647745373518
 20
57.33910881168947
 30
0.0
 41
1.0
 10
543.8458262092664
 20
57.34508219332475
 30
0.0
 41
1.0
 10
543.8305447990813
 20
57.34980202662409
 30
0.0
 41
1.0
 10
543.8214693843783
 20
57.35250218356309
 30
0.0
 41
1.0
 10
543.8164744668394
 20
57.35390875695578
 30
0.0
 41
1.0
 10
543.8139497287774
 20
57.35457155306928
 30
0.0
 41
1.0
 10
543.8128886581438
 20
57.35483422239401
 30
0.0
 41
1.0
  0
LINE
  5
100
330
70
100
AcDbEntity
  8
Untitled v10_Sketch14
100
AcDbLine
 10
-64.99999932944774
 20
4.000001549720764
 30
0.0
 11
-55.1781304762705
 21
4.000001549720746
 31
0.0
  0
ARC
  5
101
330
70
100
AcDbEntity
  8
Untitled v10_Sketch14
100
AcDbCircle
 10
-100.0
 20
0.0
 30
0.0
 40
45.0
100
AcDbArc
 50
275.0996908952248
 51
294.9003130667901
  0
CIRCLE
  5
102
330
70
100
AcDbEntity
  8
Untitled v10_Sketch14
100
AcDbCircle
 10
518.0000077188014
 20
50.00000074505805
 30
0.0
 40
2.350000000000003
  0
LINE
  5
103
330
70
100
AcDbEntity
  8
Untitled v10_Sketch14
100
AcDbLine
 10
-125.8750351732053
 20
-36.81687866706497
 30
0.0
 11
-120.9641006083163
 21
-28.310890488031
 31
0.0
  0
SPLINE
  5
104
330
70
100
AcDbEntity
  8
Untitled v10_Sketch14
100
AcDbSpline
210
0.0
220
0.0
230
1.0
 70
    12
 71
     5
 72
   236
 73
   230
 74
     0
 42
0.000000001
 43
0.0000000001
 40
0.0
 40
0.0
 40
0.0
 40
0.0
 40
0.0
 40
0.0
 40
0.0044444444444444
 40
0.0088888888888889
 40
0.0133333333333333
 40
0.0177777777777778
 40
0.0222222222222222
 40
0.0266666666666667
 40
0.0311111111111111
 40
0.0355555555555556
 40
0.04
 40
0.0444444444444445
 40
0.0488888888888889
 40
0.0533333333333333
 40
0.0577777777777778
 40
0.0622222222222222
 40
0.0666666666666667
 40
0.0711111111111111
 40
0.0755555555555556
 40
0.08
 40
0.0844444444444445
 40
0.0888888888888889
 40
0.0933333333333334
 40
0.0977777777777778
 40
0.1022222222222222
 40
0.1066666666666667
 40
0.1111111111111111
 40
0.1155555555555556
 40
0.12
 40
0.1244444444444444
 40
0.1288888888888889
 40
0.1333333333333333
 40
0.1377777777777778
 40
0.1422222222222222
 40
0.1466666666666667
 40
0.1511111111111111
 40
0.1555555555555556
 40
0.16
 40
0.1644444444444444
 40
0.1688888888888889
 40
0.1733333333333333
 40
0.1777777777777778
 40
0.1822222222222222
 40
0.1866666666666667
 40
0.1911111111111111
 40
0.1955555555555556
 40
0.2
 40
0.2044444444444445
 40
0.2088888888888889
 40
0.2133333333333333
 40
0.2177777777777778
 40
0.2222222222222222
 40
0.2266666666666667
 40
0.2311111111111111
 40
0.2355555555555556
 40
0.24
 40
0.2444444444444445
 40
0.2488888888888889
 40
0.2533333333333334
 40
0.2577777777777777
 40
0.2622222222222222
 40
0.2666666666666666
 40
0.271111111111111
 40
0.2755555555555555
 40
0.2799999999999998
 40
0.2844444444444443
 40
0.2888888888888887
 40
0.2933333333333331
 40
0.2977777777777775
 40
0.3022222222222219
 40
0.3066666666666664
 40
0.3111111111111108
 40
0.3155555555555552
 40
0.3199999999999996
 40
0.324444444444444
 40
0.3288888888888884
 40
0.3333333333333329
 40
0.3377777777777773
 40
0.3422222222222217
 40
0.3466666666666661
 40
0.3511111111111105
 40
0.355555555555555
 40
0.3599999999999994
 40
0.3644444444444438
 40
0.3688888888888882
 40
0.3733333333333326
 40
0.3777777777777771
 40
0.3822222222222215
 40
0.3866666666666659
 40
0.3911111111111103
 40
0.3955555555555547
 40
0.3999999999999991
 40
0.4044444444444436
 40
0.408888888888888
 40
0.4133333333333324
 40
0.4177777777777769
 40
0.4222222222222213
 40
0.4266666666666657
 40
0.4311111111111101
 40
0.4355555555555545
 40
0.4399999999999989
 40
0.4444444444444433
 40
0.4488888888888878
 40
0.4533333333333322
 40
0.4577777777777766
 40
0.462222222222221
 40
0.4666666666666654
 40
0.4711111111111098
 40
0.4755555555555543
 40
0.4799999999999987
 40
0.4844444444444431
 40
0.4888888888888875
 40
0.493333333333332
 40
0.4977777777777764
 40
0.5022222222222208
 40
0.5066666666666653
 40
0.5111111111111098
 40
0.5155555555555543
 40
0.5199999999999987
 40
0.5244444444444432
 40
0.5288888888888877
 40
0.5333333333333322
 40
0.5377777777777766
 40
0.542222222222221
 40
0.5466666666666656
 40
0.5511111111111101
 40
0.5555555555555545
 40
0.5599999999999989
 40
0.5644444444444435
 40
0.568888888888888
 40
0.5733333333333324
 40
0.5777777777777768
 40
0.5822222222222213
 40
0.5866666666666659
 40
0.5911111111111103
 40
0.5955555555555547
 40
0.5999999999999992
 40
0.6044444444444438
 40
0.6088888888888882
 40
0.6133333333333326
 40
0.6177777777777771
 40
0.6222222222222216
 40
0.6266666666666661
 40
0.6311111111111105
 40
0.635555555555555
 40
0.6399999999999995
 40
0.644444444444444
 40
0.6488888888888884
 40
0.6533333333333329
 40
0.6577777777777774
 40
0.6622222222222219
 40
0.6666666666666663
 40
0.6711111111111108
 40
0.6755555555555553
 40
0.6799999999999998
 40
0.6844444444444442
 40
0.6888888888888887
 40
0.6933333333333332
 40
0.6977777777777776
 40
0.7022222222222221
 40
0.7066666666666666
 40
0.7111111111111111
 40
0.7155555555555555
 40
0.72
 40
0.7244444444444445
 40
0.728888888888889
 40
0.7333333333333334
 40
0.7377777777777779
 40
0.7422222222222224
 40
0.7466666666666669
 40
0.7511111111111113
 40
0.7555555555555558
 40
0.7600000000000003
 40
0.7644444444444448
 40
0.7688888888888892
 40
0.7733333333333336
 40
0.7777777777777782
 40
0.7822222222222227
 40
0.7866666666666671
 40
0.7911111111111115
 40
0.7955555555555561
 40
0.8000000000000005
 40
0.8044444444444449
 40
0.8088888888888893
 40
0.8133333333333339
 40
0.8177777777777784
 40
0.8222222222222228
 40
0.8266666666666672
 40
0.8311111111111117
 40
0.8355555555555563
 40
0.8400000000000007
 40
0.8444444444444451
 40
0.8488888888888897
 40
0.8533333333333342
 40
0.8577777777777786
 40
0.862222222222223
 40
0.8666666666666674
 40
0.8711111111111121
 40
0.8755555555555565
 40
0.8800000000000009
 40
0.8844444444444455
 40
0.8888888888888899
 40
0.8933333333333344
 40
0.8977777777777788
 40
0.9022222222222232
 40
0.9066666666666678
 40
0.9111111111111123
 40
0.9155555555555567
 40
0.9200000000000013
 40
0.9244444444444457
 40
0.9288888888888902
 40
0.9333333333333346
 40
0.937777777777779
 40
0.9422222222222236
 40
0.946666666666668
 40
0.9511111111111125
 40
0.9555555555555571
 40
0.9600000000000015
 40
0.9644444444444459
 40
0.9688888888888904
 40
0.9733333333333348
 40
0.9777777777777794
 40
0.9822222222222238
 40
0.9866666666666683
 40
0.9911111111111129
 40
0.9955555555555573
 40
1.0
 40
1.0
 40
1.0
 40
1.0
 40
1.0
 40
1.0
 10
544.035879526426
 20
52.93033979599456
 30
0.0
 41
1.0
 10
544.0332716328034
 20
52.92617884118413
 30
0.0
 41
1.0
 10
544.0280948967064
 20
52.91801042036958
 30
0.0
 41
1.0
 10
544.0204469450135
 20
52.90621825342434
 30
0.0
 41
1.0
 10
544.0104839971232
 20
52.89141634089546
 30
0.0
 41
1.0
 10
543.9984158878351
 20
52.8744390832557
 30
0.0
 41
1.0
 10
543.9867185599023
 20
52.8589575226691
 30
0.0
 41
1.0
 10
543.9753620858668
 20
52.84491195501153
 30
0.0
 41
1.0
 10
543.9642971327931
 20
52.83220396477737
 30
0.0
 41
1.0
 10
543.9534482147381
 20
52.82068263315345
 30
0.0
 41
1.0
 10
543.9427154367481
 20
52.81014914027963
 30
0.0
 41
1.0
 10
543.9319867482065
 20
52.80038445923231
 30
0.0
 41
1.0
 10
543.9211481440066
 20
52.7911720880018
 30
0.0
 41
1.0
 10
543.9100934216184
 20
52.78232097344734
 30
0.0
 41
1.0
 10
543.8987373169327
 20
52.77369290924887
 30
0.0
 41
1.0
 10
543.8870112715754
 20
52.76520511400903
 30
0.0
 41
1.0
 10
543.8748502381113
 20
52.75681936293906
 30
0.0
 41
1.0
 10
543.8621816920716
 20
52.74853530016152
 30
0.0
 41
1.0
 10
543.8489150537694
 20
52.74038209221018
 30
0.0
 41
1.0
 10
543.8349274111892
 20
52.73241060818762
 30
0.0
 41
1.0
 10
543.8201061280474
 20
52.72468838397912
 30
0.0
 41
1.0
 10
543.8043954832231
 20
52.71729495841107
 30
0.0
 41
1.0
 10
543.7878439044765
 20
52.71031714577276
 30
0.0
 41
1.0
 10
543.7706462999485
 20
52.70384415864931
 30
0.0
 41
1.0
 10
543.7532008592065
 20
52.69796326111247
 30
0.0
 41
1.0
 10
543.7360089767585
 20
52.6927499338965
 30
0.0
 41
1.0
 10
543.7195588626487
 20
52.68825775932384
 30
0.0
 41
1.0
 10
543.7042095756407
 20
52.68450766165194
 30
0.0
 41
1.0
 10
543.6900870902884
 20
52.68147910114969
 30
0.0
 41
1.0
 10
543.6769434351459
 20
52.67909604191906
 30
0.0
 41
1.0
 10
543.6642652613194
 20
52.67724762028301
 30
0.0
 41
1.0
 10
543.6514530096879
 20
52.67581889732902
 30
0.0
 41
1.0
 10
543.6379686321852
 20
52.67471661370947
 30
0.0
 41
1.0
 10
543.6235137597966
 20
52.67390067633947
 30
0.0
 41
1.0
 10
543.6081425439494
 20
52.67340220960498
 30
0.0
 41
1.0
 10
543.5921279093953
 20
52.67329036751519
 30
0.0
 41
1.0
 10
543.5758603177888
 20
52.67364538006653
 30
0.0
 41
1.0
 10
543.5597404341557
 20
52.67453168159121
 30
0.0
 41
1.0
 10
543.5440587907898
 20
52.67596502573198
 30
0.0
 41
1.0
 10
543.5289338568477
 20
52.67790229429408
 30
0.0
 41
1.0
 10
543.5143661027732
 20
52.68027397846388
 30
0.0
 41
1.0
 10
543.5002667700755
 20
52.68300895489915
 30
0.0
 41
1.0
 10
543.4864962265159
 20
52.68605881170017
 30
0.0
 41
1.0
 10
543.4728995804026
 20
52.68943107431169
 30
0.0
 41
1.0
 10
543.4593373814055
 20
52.69318112899604
 30
0.0
 41
1.0
 10
543.445709494503
 20
52.69737246942753
 30
0.0
 41
1.0
 10
543.4319823440212
 20
52.70204515378374
 30
0.0
 41
1.0
 10
543.4182119461313
 20
52.70718312192478
 30
0.0
 41
1.0
 10
543.4045763079425
 20
52.71267602099932
 30
0.0
 41
1.0
 10
543.3913045778496
 20
52.71836062055406
 30
0.0
 41
1.0
 10
543.378590376721
 20
52.72407406844422
 30
0.0
 41
1.0
 10
543.3665168893539
 20
52.72969969112914
 30
0.0
 41
1.0
 10
543.3549627699622
 20
52.73522340060004
 30
0.0
 41
1.0
 10
543.3435589822884
 20
52.74076312144508
 30
0.0
 41
1.0
 10
543.3318452832192
 20
52.74649282846752
 30
0.0
 41
1.0
 10
543.3194063690747
 20
52.75257782308266
 30
0.0
 41
1.0
 10
543.3059983590489
 20
52.7591138150462
 30
0.0
 41
1.0
 10
543.2917230078738
 20
52.76604409554558
 30
0.0
 41
1.0
 10
543.2769670742868
 20
52.77318584412874
 30
0.0
 41
1.0
 10
543.2622170111268
 20
52.78031452261991
 30
0.0
 41
1.0
 10
543.247904372972
 20
52.78723390404863
 30
0.0
 41
1.0
 10
543.2342562705094
 20
52.79384388025846
 30
0.0
 41
1.0
 10
543.2210982148587
 20
52.80023012230024
 30
0.0
 41
1.0
 10
543.2079598501651
 20
52.80661447297063
 30
0.0
 41
1.0
 10
543.1942845632979
 20
52.81325757743559
 30
0.0
 41
1.0
 10
543.1796087062513
 20
52.82037546005355
 30
0.0
 41
1.0
 10
543.1637444416326
 20
52.82805450527952
 30
0.0
 41
1.0
 10
543.1469852202925
 20
52.83615584383959
 30
0.0
 41
1.0
 10
543.1299401356978
 20
52.84439282719695
 30
0.0
 41
1.0
 10
543.113336633976
 20
52.85242325156737
 30
0.0
 41
1.0
 10
543.0978254319468
 20
52.85994055560799
 30
0.0
 41
1.0
 10
543.0838055009594
 20
52.86675565867746
 30
0.0
 41
1.0
 10
543.0711867391125
 20
52.87290785960877
 30
0.0
 41
1.0
 10
543.0594956862454
 20
52.87861575183612
 30
0.0
 41
1.0
 10
543.0481180532434
 20
52.88416433196204
 30
0.0
 41
1.0
 10
543.0364902007169
 20
52.88981591906598
 30
0.0
 41
1.0
 10
543.0243265882542
 20
52.89570429309343
 30
0.0
 41
1.0
 10
543.0117899667258
 20
52.90175554791744
 30
0.0
 41
1.0
 10
542.9992616616772
 20
52.90779535175879
 30
0.0
 41
1.0
 10
542.9871325101496
 20
52.91364667838443
 30
0.0
 41
1.0
 10
542.9756128267244
 20
52.91921843341206
 30
0.0
 41
1.0
 10
542.964469227415
 20
52.92462875261314
 30
0.0
 41
1.0
 10
542.9530545089805
 20
52.93018953690058
 30
0.0
 41
1.0
 10
542.9406093418007
 20
52.93626236457697
 30
0.0
 41
1.0
 10
542.9264947529775
 20
52.94314706425232
 30
0.0
 41
1.0
 10
542.9104396404969
 20
52.95096340503334
 30
0.0
 41
1.0
 10
542.8928170812853
 20
52.95951855389617
 30
0.0
 41
1.0
 10
542.8744345870898
 20
52.96841133755421
 30
0.0
 41
1.0
 10
542.856275791331
 20
52.97715994178169
 30
0.0
 41
1.0
 10
542.839246551834
 20
52.98532788646134
 30
0.0
 41
1.0
 10
542.8239488964708
 20
52.99263547931246
 30
0.0
 41
1.0
 10
542.8103694409604
 20
52.99911527076794
 30
0.0
 41
1.0
 10
542.7979101499873
 20
53.00509180659425
 30
0.0
 41
1.0
 10
542.7857055494829
 20
53.01101475433014
 30
0.0
 41
1.0
 10
542.7728669111779
 20
53.01732889136246
 30
0.0
 41
1.0
 10
542.7587385162964
 20
53.02433925627809
 30
0.0
 41
1.0
 10
542.7431950014861
 20
53.03205177480883
 30
0.0
 41
1.0
 10
542.7265646809448
 20
53.04022858728799
 30
0.0
 41
1.0
 10
542.7094603836119
 20
53.04849521448339
 30
0.0
 41
1.0
 10
542.6926395316288
 20
53.05643317328708
 30
0.0
 41
1.0
 10
542.6768578301441
 20
53.06367129701101
 30
0.0
 41
1.0
 10
542.6627110452994
 20
53.06999614242265
 30
0.0
 41
1.0
 10
542.6505510101035
 20
53.07536586353521
 30
0.0
 41
1.0
 10
542.6404455545811
 20
53.07986535524314
 30
0.0
 41
1.0
 10
542.632129354432
 20
53.08367916116338
 30
0.0
 41
1.0
 10
542.6249484282936
 20
53.08705753697218
 30
0.0
 41
1.0
 10
542.6178364871486
 20
53.09028397924059
 30
0.0
 41
1.0
 10
542.6096509246917
 20
53.09362059914612
 30
0.0
 41
1.0
 10
542.5994716986521
 20
53.09725729435427
 30
0.0
 41
1.0
 10
542.5869310925234
 20
53.10125623997187
 30
0.0
 41
1.0
 10
542.5724841735733
 20
53.10550720182057
 30
0.0
 41
1.0
 10
542.5570455837022
 20
53.10980382728935
 30
0.0
 41
1.0
 10
542.5416536095739
 20
53.11391482762275
 30
0.0
 41
1.0
 10
542.527152360464
 20
53.11765130443042
 30
0.0
 41
1.0
 10
542.5137991836911
 20
53.12094938397848
 30
0.0
 41
1.0
 10
542.501123508928
 20
53.12390154442134
 30
0.0
 41
1.0
 10
542.4883360077855
 20
53.12667528515859
 30
0.0
 41
1.0
 10
542.4746431708356
 20
53.1294516461083
 30
0.0
 41
1.0
 10
542.459562125709
 20
53.13236244292269
 30
0.0
 41
1.0
 10
542.4433295427845
 20
53.13541138656539
 30
0.0
 41
1.0
 10
542.4267449800193
 20
53.13849516335494
 30
0.0
 41
1.0
 10
542.41077903803
 20
53.14146656959266
 30
0.0
 41
1.0
 10
542.3962436881961
 20
53.14418599345309
 30
0.0
 41
1.0
 10
542.3834679884152
 20
53.1465733298345
 30
0.0
 41
1.0
 10
542.3718897756311
 20
53.14867124410902
 30
0.0
 41
1.0
 10
542.3603496791509
 20
53.15060983350377
 30
0.0
 41
1.0
 10
542.3475669372212
 20
53.15254602800763
 30
0.0
 41
1.0
 10
542.3325208532146
 20
53.15461541190394
 30
0.0
 41
1.0
 10
542.3149457086789
 20
53.15687019760716
 30
0.0
 41
1.0
 10
542.2955389915482
 20
53.15925097238725
 30
0.0
 41
1.0
 10
542.2754872427908
 20
53.16163814259212
 30
0.0
 41
1.0
 10
542.2561217164691
 20
53.16388822819568
 30
0.0
 41
1.0
 10
542.23852423418
 20
53.16587599639767
 30
0.0
 41
1.0
 10
542.2231504812073
 20
53.16753447996653
 30
0.0
 41
1.0
 10
542.2094559425623
 20
53.16889489910984
 30
0.0
 41
1.0
 10
542.1962930027141
 20
53.17004942086242
 30
0.0
 41
1.0
 10
542.1823085980555
 20
53.1711139453607
 30
0.0
 41
1.0
 10
542.1663181895393
 20
53.1721931235193
 30
0.0
 41
1.0
 10
542.1477450563083
 20
53.17333914650966
 30
0.0
 41
1.0
 10
542.1268546568942
 20
53.1745301260387
 30
0.0
 41
1.0
 10
542.104430911972
 20
53.17570203646077
 30
0.0
 41
1.0
 10
542.0815604636471
 20
53.17677010324899
 30
0.0
 41
1.0
 10
542.0593652664647
 20
53.17765562685153
 30
0.0
 41
1.0
 10
542.0387779018768
 20
53.17830758226705
 30
0.0
 41
1.0
 10
542.0202463293056
 20
53.17873379483934
 30
0.0
 41
1.0
 10
542.003730393661
 20
53.17899155785845
 30
0.0
 41
1.0
 10
541.9888498605927
 20
53.17915786846413
 30
0.0
 41
1.0
 10
541.9749859218645
 20
53.1793045824773
 30
0.0
 41
1.0
 10
541.9614010150337
 20
53.17947464140104
 30
0.0
 41
1.0
 10
541.947353180056
 20
53.1796500097414
 30
0.0
 41
1.0
 10
541.9321985360676
 20
53.17976347525537
 30
0.0
 41
1.0
 10
541.9154798341438
 20
53.17973165330158
 30
0.0
 41
1.0
 10
541.8970275006261
 20
53.17948269322265
 30
0.0
 41
1.0
 10
541.8770378788499
 20
53.17898307143757
 30
0.0
 41
1.0
 10
541.8562063106663
 20
53.17827273583212
 30
0.0
 41
1.0
 10
541.8355573056397
 20
53.17744707553892
 30
0.0
 41
1.0
 10
541.8161801051087
 20
53.17662144789998
 30
0.0
 41
1.0
 10
541.7989823627532
 20
53.17589987174478
 30
0.0
 41
1.0
 10
541.7844655875369
 20
53.17534560210354
 30
0.0
 41
1.0
 10
541.7724199298763
 20
53.17494209279487
 30
0.0
 41
1.0
 10
541.7619072017004
 20
53.17458940409409
 30
0.0
 41
1.0
 10
541.7516879017645
 20
53.17415552657109
 30
0.0
 41
1.0
 10
541.7405364139967
 20
53.17351383525519
 30
0.0
 41
1.0
 10
541.7276141901988
 20
53.17258779091929
 30
0.0
 41
1.0
 10
541.7127820165912
 20
53.17138791497129
 30
0.0
 41
1.0
 10
541.6963766658851
 20
53.16998048146288
 30
0.0
 41
1.0
 10
541.6790155288773
 20
53.1684596526987
 30
0.0
 41
1.0
 10
541.661397734392
 20
53.16691947992289
 30
0.0
 41
1.0
 10
541.6440906779244
 20
53.16542328383349
 30
0.0
 41
1.0
 10
541.6273717286277
 20
53.1639822876054
 30
0.0
 41
1.0
 10
541.6113097774
 20
53.16257384848093
 30
0.0
 41
1.0
 10
541.5958121531948
 20
53.16115416180181
 30
0.0
 41
1.0
 10
541.5806840058796
 20
53.1596725756956
 30
0.0
 41
1.0
 10
541.5656848161007
 20
53.15808650323859
 30
0.0
 41
1.0
 10
541.5505784366748
 20
53.15637209038591
 30
0.0
 41
1.0
 10
541.5351498264463
 20
53.15451879133284
 30
0.0
 41
1.0
 10
541.5192287678041
 20
53.15252656750452
 30
0.0
 41
1.0
 10
541.5027082063383
 20
53.15040216165471
 30
0.0
 41
1.0
 10
541.4855711565352
 20
53.14815551210557
 30
0.0
 41
1.0
 10
541.4678925850223
 20
53.14579697937261
 30
0.0
 41
1.0
 10
541.4497973738677
 20
53.14333647143101
 30
0.0
 41
1.0
 10
541.4314275081136
 20
53.14078213375402
 30
0.0
 41
1.0
 10
541.4129066268525
 20
53.1381392069305
 30
0.0
 41
1.0
 10
541.3943032030904
 20
53.13540883128801
 30
0.0
 41
1.0
 10
541.3756017280016
 20
53.13258681050562
 30
0.0
 41
1.0
 10
541.3567226479613
 20
53.12966172269774
 30
0.0
 41
1.0
 10
541.3375364704225
 20
53.1266132623741
 30
0.0
 41
1.0
 10
541.3178798015289
 20
53.12341018812595
 30
0.0
 41
1.0
 10
541.297571298788
 20
53.12000913609708
 30
0.0
 41
1.0
 10
541.2764257212724
 20
53.11635124361231
 30
0.0
 41
1.0
 10
541.2542829943988
 20
53.11237277505391
 30
0.0
 41
1.0
 10
541.2310421834368
 20
53.1080198108345
 30
0.0
 41
1.0
 10
541.2066926464286
 20
53.10326117391959
 30
0.0
 41
1.0
 10
541.1813489749085
 20
53.09810297232203
 30
0.0
 41
1.0
 10
541.155278255385
 20
53.09260040545751
 30
0.0
 41
1.0
 10
541.1289464934701
 20
53.08687609495763
 30
0.0
 41
1.0
 10
541.1029368760004
 20
53.08109522021865
 30
0.0
 41
1.0
 10
541.0778336319715
 20
53.07542914731186
 30
0.0
 41
1.0
 10
541.0541211807879
 20
53.07002405656263
 30
0.0
 41
1.0
 10
541.032068842153
 20
53.06496504494994
 30
0.0
 41
1.0
 10
541.0116403826183
 20
53.06024781332631
 30
0.0
 41
1.0
 10
540.9923464157261
 20
53.05573302789547
 30
0.0
 41
1.0
 10
540.9733164195633
 20
53.05116716697085
 30
0.0
 41
1.0
 10
540.9535562898586
 20
53.04625950986014
 30
0.0
 41
1.0
 10
540.9321495400791
 20
53.04074208860754
 30
0.0
 41
1.0
 10
540.9084897573957
 20
53.03443906049075
 30
0.0
 41
1.0
 10
540.8824807665657
 20
53.02732639677145
 30
0.0
 41
1.0
 10
540.8548006541999
 20
53.01961066780968
 30
0.0
 41
1.0
 10
540.8266794272389
 20
53.01166248459956
 30
0.0
 41
1.0
 10
540.7995821227839
 20
53.00392167776969
 30
0.0
 41
1.0
 10
540.7749325119009
 20
52.99681463171388
 30
0.0
 41
1.0
 10
540.7538023616544
 20
52.9906612672692
 30
0.0
 41
1.0
 10
540.736655880547
 20
52.98559865360992
 30
0.0
 41
1.0
 10
540.7229710194899
 20
52.98146748235694
 30
0.0
 41
1.0
 10
540.7112867027112
 20
52.97782700974885
 30
0.0
 41
1.0
 10
540.699742587211
 20
52.97411852699319
 30
0.0
 41
1.0
 10
540.6865051520522
 20
52.96979459663894
 30
0.0
 41
1.0
 10
540.6702107090502
 20
52.96445327665175
 30
0.0
 41
1.0
 10
540.6504770356857
 20
52.95799334044332
 30
0.0
 41
1.0
 10
540.6277736829481
 20
52.95057392709175
 30
0.0
 41
1.0
 10
540.6031401997528
 20
52.94252782927813
 30
0.0
 41
1.0
 10
540.5779594307697
 20
52.93429158036303
 30
0.0
 41
1.0
 10
540.5537022397452
 20
52.92632680105334
 30
0.0
 41
1.0
 10
540.5316974066058
 20
52.91904929185882
 30
0.0
 41
1.0
 10
540.5128568215381
 20
52.91274431131157
 30
0.0
 41
1.0
 10
540.4977196525938
 20
52.90758054912025
 30
0.0
 41
1.0
 10
540.4887903754404
 20
52.90443062705058
 30
0.0
 41
1.0
 10
540.4839226391697
 20
52.9026326299634
 30
0.0
 41
1.0
 10
540.4814905013902
 20
52.9016848394842
 30
0.0
 41
1.0
 10
540.4804776840601
 20
52.90127366176172
 30
0.0
 41
1.0
  0
SPLINE
  5
105
330
70
100
AcDbEntity
  8
Untitled v10_Sketch14
100
AcDbSpline
210
0.0
220
0.0
230
1.0
 70
    12
 71
     5
 72
    96
 73
    90
 74
     0
 42
0.000000001
 43
0.0000000001
 40
0.0
 40
0.0
 40
0.0
 40
0.0
 40
0.0
 40
0.0
 40
0.011764705882353
 40
0.0235294117647059
 40
0.0352941176470588
 40
0.0470588235294118
 40
0.0588235294117647
 40
0.0705882352941177
 40
0.0823529411764706
 40
0.0941176470588236
 40
0.1058823529411765
 40
0.1176470588235294
 40
0.1294117647058823
 40
0.1411764705882353
 40
0.1529411764705882
 40
0.1647058823529412
 40
0.1764705882352942
 40
0.1882352941176471
 40
0.2000000000000001
 40
0.211764705882353
 40
0.223529411764706
 40
0.2352941176470589
 40
0.2470588235294119
 40
0.2588235294117648
 40
0.2705882352941178
 40
0.2823529411764707
 40
0.2941176470588237
 40
0.3058823529411767
 40
0.3176470588235296
 40
0.3294117647058826
 40
0.3411764705882355
 40
0.3529411764705885
 40
0.3647058823529414
 40
0.3764705882352944
 40
0.3882352941176474
 40
0.4000000000000003
 40
0.4117647058823533
 40
0.4235294117647063
 40
0.4352941176470592
 40
0.4470588235294122
 40
0.4588235294117651
 40
0.4705882352941181
 40
0.482352941176471
 40
0.4941176470588239
 40
0.5058823529411769
 40
0.5176470588235298
 40
0.5294117647058827
 40
0.5411764705882356
 40
0.5529411764705885
 40
0.5647058823529414
 40
0.5764705882352943
 40
0.5882352941176472
 40
0.6000000000000001
 40
0.611764705882353
 40
0.6235294117647059
 40
0.6352941176470588
 40
0.6470588235294117
 40
0.6588235294117646
 40
0.6705882352941175
 40
0.6823529411764704
 40
0.6941176470588233
 40
0.7058823529411762
 40
0.7176470588235291
 40
0.729411764705882
 40
0.7411764705882349
 40
0.7529411764705878
 40
0.7647058823529407
 40
0.7764705882352936
 40
0.7882352941176465
 40
0.7999999999999994
 40
0.8117647058823521
 40
0.823529411764705
 40
0.8352941176470579
 40
0.8470588235294108
 40
0.8588235294117637
 40
0.8705882352941166
 40
0.8823529411764695
 40
0.8941176470588224
 40
0.9058823529411753
 40
0.9176470588235282
 40
0.9294117647058811
 40
0.941176470588234
 40
0.9529411764705869
 40
0.9647058823529398
 40
0.9764705882352927
 40
0.9882352941176456
 40
1.0
 40
1.0
 40
1.0
 40
1.0
 40
1.0
 40
1.0
 10
540.7038308228699
 20
46.51132383640501
 30
0.0
 41
1.0
 10
540.7113923228082
 20
46.5089366058504
 30
0.0
 41
1.0
 10
540.7269860575391
 20
46.50413481279379
 30
0.0
 41
1.0
 10
540.7517888592062
 20
46.49685012789895
 30
0.0
 41
1.0
 10
540.7876843402823
 20
46.48697318253226
 30
0.0
 41
1.0
 10
540.8372399803688
 20
46.47435943188554
 30
0.0
 41
1.0
 10
540.8914097949313
 20
46.46149585588048
 30
0.0
 41
1.0
 10
540.9500432962267
 20
46.44841838155549
 30
0.0
 41
1.0
 10
541.0128882918241
 20
46.43518684497472
 30
0.0
 41
1.0
 10
541.0795550802443
 20
46.42189204149602
 30
0.0
 41
1.0
 10
541.1495217047704
 20
46.40865844009404
 30
0.0
 41
1.0
 10
541.2222023943636
 20
46.39564010461853
 30
0.0
 41
1.0
 10
541.2970018213372
 20
46.38301830432986
 30
0.0
 41
1.0
 10
541.3733734041138
 20
46.37099833106177
 30
0.0
 41
1.0
 10
541.4508796685875
 20
46.35980699517325
 30
0.0
 41
1.0
 10
541.5292430114802
 20
46.34968910987765
 30
0.0
 41
1.0
 10
541.6084225302602
 20
46.34090625922539
 30
0.0
 41
1.0
 10
541.6885913790779
 20
46.33372716273164
 30
0.0
 41
1.0
 10
541.770022368493
 20
46.32841034486531
 30
0.0
 41
1.0
 10
541.852998909913
 20
46.3251888948136
 30
0.0
 41
1.0
 10
541.9377160119535
 20
46.32425440753586
 30
0.0
 41
1.0
 10
542.0241845516224
 20
46.32574108754766
 30
0.0
 41
1.0
 10
542.112136131444
 20
46.32971006292777
 30
0.0
 41
1.0
 10
542.2009223236146
 20
46.33613272961923
 30
0.0
 41
1.0
 10
542.2894305802891
 20
46.34487671936149
 30
0.0
 41
1.0
 10
542.3762612171607
 20
46.35573279909444
 30
0.0
 41
1.0
 10
542.4598885890754
 20
46.3684393032635
 30
0.0
 41
1.0
 10
542.5388296217288
 20
46.38270760554433
 30
0.0
 41
1.0
 10
542.6118057532534
 20
46.39824672727193
 30
0.0
 41
1.0
 10
542.6779159161144
 20
46.4147891879265
 30
0.0
 41
1.0
 10
542.7367862193615
 20
46.43211425132207
 30
0.0
 41
1.0
 10
542.7887788527881
 20
46.45007769658
 30
0.0
 41
1.0
 10
542.8348615038048
 20
46.46860403763177
 30
0.0
 41
1.0
 10
542.8763711586952
 20
46.48766685187091
 30
0.0
 41
1.0
 10
542.9148084683378
 20
46.50727293052511
 30
0.0
 41
1.0
 10
542.951630581213
 20
46.52744525856277
 30
0.0
 41
1.0
 10
542.9880181823107
 20
46.54820557044118
 30
0.0
 41
1.0
 10
543.0247402399207
 20
46.56956021283505
 30
0.0
 41
1.0
 10
543.0622502712755
 20
46.59149474511977
 30
0.0
 41
1.0
 10
543.1007363172001
 20
46.61396641136335
 30
0.0
 41
1.0
 10
543.1401877978382
 20
46.63689813290645
 30
0.0
 41
1.0
 10
543.1804580091206
 20
46.66017016963103
 30
0.0
 41
1.0
 10
543.2213189996295
 20
46.68361777637926
 30
0.0
 41
1.0
 10
543.2624686778897
 20
46.70705386095306
 30
0.0
 41
1.0
 10
543.3035455027894
 20
46.73028771011487
 30
0.0
 41
1.0
 10
543.3441395272654
 20
46.75314586028548
 30
0.0
 41
1.0
 10
543.3838063384786
 20
46.77549063064731
 30
0.0
 41
1.0
 10
543.4220760063843
 20
46.79724352818134
 30
0.0
 41
1.0
 10
543.4585208157941
 20
46.818347123682
 30
0.0
 41
1.0
 10
543.492827071742
 20
46.83872217823164
 30
0.0
 41
1.0
 10
543.5248677643926
 20
46.85822502001812
 30
0.0
 41
1.0
 10
543.5547699524688
 20
46.87660807550919
 30
0.0
 41
1.0
 10
543.582998429038
 20
46.89346992547612
 30
0.0
 41
1.0
 10
543.6102129608107
 20
46.90835933988495
 30
0.0
 41
1.0
 10
543.6370955444011
 20
46.92090263936734
 30
0.0
 41
1.0
 10
543.6642032709792
 20
46.93090727815494
 30
0.0
 41
1.0
 10
543.6917753071973
 20
46.93851220380594
 30
0.0
 41
1.0
 10
543.7196841720858
 20
46.94418762541289
 30
0.0
 41
1.0
 10
543.7475961168543
 20
46.94851313330914
 30
0.0
 41
1.0
 10
543.7750799473983
 20
46.95201347880335
 30
0.0
 41
1.0
 10
543.8017390821064
 20
46.95496171099158
 30
0.0
 41
1.0
 10
543.8273263784639
 20
46.95722257937958
 30
0.0
 41
1.0
 10
543.8517618437397
 20
46.95843094366523
 30
0.0
 41
1.0
 10
543.8751587683121
 20
46.9581489011486
 30
0.0
 41
1.0
 10
543.8978417070184
 20
46.95602686667115
 30
0.0
 41
1.0
 10
543.9203823918462
 20
46.95197333385728
 30
0.0
 41
1.0
 10
543.9433192589706
 20
46.94614571870459
 30
0.0
 41
1.0
 10
543.9668304898892
 20
46.93893145020879
 30
0.0
 41
1.0
 10
543.9904660928004
 20
46.9309236447853
 30
0.0
 41
1.0
 10
544.0127453404129
 20
46.92292304818728
 30
0.0
 41
1.0
 10
544.0318201725736
 20
46.91570213370049
 30
0.0
 41
1.0
 10
544.0463868758749
 20
46.90970543621808
 30
0.0
 41
1.0
 10
544.0564333904875
 20
46.90480313172898
 30
0.0
 41
1.0
 10
544.0642557127498
 20
46.89994263336643
 30
0.0
 41
1.0
 10
544.0731961375073
 20
46.89369382512225
 30
0.0
 41
1.0
 10
544.0862216872126
 20
46.88485007785523
 30
0.0
 41
1.0
 10
544.1043027238917
 20
46.87312584324963
 30
0.0
 41
1.0
 10
544.1256846998087
 20
46.85944619672859
 30
0.0
 41
1.0
 10
544.1474796258488
 20
46.84518015412841
 30
0.0
 41
1.0
 10
544.1667326171132
 20
46.83161666853294
 30
0.0
 41
1.0
 10
544.1818361126747
 20
46.81927213091348
 30
0.0
 41
1.0
 10
544.1933704945831
 20
46.80748995562588
 30
0.0
 41
1.0
 10
544.2030994298431
 20
46.79500207972594
 30
0.0
 41
1.0
 10
544.2133006357878
 20
46.78031172151627
 30
0.0
 41
1.0
 10
544.2258508503154
 20
46.7622129964895
 30
0.0
 41
1.0
 10
544.2418136468559
 20
46.74002017591178
 30
0.0
 41
1.0
 10
544.2577543758702
 20
46.71870843424571
 30
0.0
 41
1.0
 10
544.2715714878069
 20
46.70067365231744
 30
0.0
 41
1.0
 10
544.2816104955792
 20
46.68773887638813
 30
0.0
 41
1.0
 10
544.2868368749635
 20
46.68104360577046
 30
0.0
 41
1.0
  0
LINE
  5
106
330
70
100
AcDbEntity
  8
Untitled v10_Sketch14
100
AcDbLine
 10
-85.96410262195915
 20
32.31089048803102
 30
0.0
 11
-81.05316819537055
 21
40.81687842752162
 31
0.0
  0
ARC
  5
107
330
70
100
AcDbEntity
  8
Untitled v10_Sketch14
100
AcDbCircle
 10
548.9031652764778
 20
49.96615922999765
 30
0.0
 40
8.897470038103232
100
AcDbArc
 50
197.1702087838061
 51
202.8483967970677
  0
SPLINE
  5
108
330
70
100
AcDbEntity
  8
Untitled v10_Sketch14
100
AcDbSpline
210
0.0
220
0.0
230
1.0
 70
    12
 71
     5
 72
    96
 73
    90
 74
     0
 42
0.000000001
 43
0.0000000001
 40
0.0
 40
0.0
 40
0.0
 40
0.0
 40
0.0
 40
0.0
 40
0.011764705882353
 40
0.0235294117647059
 40
0.0352941176470588
 40
0.0470588235294118
 40
0.0588235294117647
 40
0.0705882352941177
 40
0.0823529411764706
 40
0.0941176470588236
 40
0.1058823529411765
 40
0.1176470588235294
 40
0.1294117647058823
 40
0.1411764705882353
 40
0.1529411764705882
 40
0.1647058823529412
 40
0.1764705882352942
 40
0.1882352941176471
 40
0.2000000000000001
 40
0.211764705882353
 40
0.223529411764706
 40
0.2352941176470589
 40
0.2470588235294119
 40
0.2588235294117648
 40
0.2705882352941178
 40
0.2823529411764707
 40
0.2941176470588237
 40
0.3058823529411767
 40
0.3176470588235296
 40
0.3294117647058826
 40
0.3411764705882355
 40
0.3529411764705885
 40
0.3647058823529414
 40
0.3764705882352944
 40
0.3882352941176474
 40
0.4000000000000003
 40
0.4117647058823533
 40
0.4235294117647063
 40
0.4352941176470592
 40
0.4470588235294122
 40
0.4588235294117651
 40
0.4705882352941181
 40
0.482352941176471
 40
0.4941176470588239
 40
0.5058823529411769
 40
0.5176470588235298
 40
0.5294117647058827
 40
0.5411764705882356
 40
0.5529411764705885
 40
0.5647058823529414
 40
0.5764705882352943
 40
0.5882352941176472
 40
0.6000000000000001
 40
0.611764705882353
 40
0.6235294117647059
 40
0.6352941176470588
 40
0.6470588235294117
 40
0.6588235294117646
 40
0.6705882352941175
 40
0.6823529411764704
 40
0.6941176470588233
 40
0.7058823529411762
 40
0.7176470588235291
 40
0.729411764705882
 40
0.7411764705882349
 40
0.7529411764705878
 40
0.7647058823529407
 40
0.7764705882352936
 40
0.7882352941176465
 40
0.7999999999999994
 40
0.8117647058823521
 40
0.823529411764705
 40
0.8352941176470579
 40
0.8470588235294108
 40
0.8588235294117637
 40
0.8705882352941166
 40
0.8823529411764695
 40
0.8941176470588224
 40
0.9058823529411753
 40
0.9176470588235282
 40
0.9294117647058811
 40
0.941176470588234
 40
0.9529411764705869
 40
0.9647058823529398
 40
0.9764705882352927
 40
0.9882352941176456
 40
1.0
 40
1.0
 40
1.0
 40
1.0
 40
1.0
 40
1.0
 10
540.2376668729544
 20
52.05397253943161
 30
0.0
 41
1.0
 10
540.2423810759935
 20
52.04759669119447
 30
0.0
 41
1.0
 10
540.2521742492535
 20
52.03454619170514
 30
0.0
 41
1.0
 10
540.2679583069613
 20
52.0140740367912
 30
0.0
 41
1.0
 10
540.291192838349
 20
51.98498458573659
 30
0.0
 41
1.0
 10
540.3238700167399
 20
51.94565177268962
 30
0.0
 41
1.0
 10
540.3601332970356
 20
51.90340470297392
 30
0.0
 41
1.0
 10
540.3998820494778
 20
51.85836089664988
 30
0.0
 41
1.0
 10
540.4429474168601
 20
51.8107169971018
 30
0.0
 41
1.0
 10
540.4890674922355
 20
51.76077552009957
 30
0.0
 41
1.0
 10
540.5378931647773
 20
51.70894396161948
 30
0.0
 41
1.0
 10
540.5890410922193
 20
51.6556912695119
 30
0.0
 41
1.0
 10
540.6421361917434
 20
51.60151401852374
 30
0.0
 41
1.0
 10
540.696856937077
 20
51.54689956582764
 30
0.0
 41
1.0
 10
540.752982720018
 20
51.49228854568612
 30
0.0
 41
1.0
 10
540.8104328523932
 20
51.43804218726216
 30
0.0
 41
1.0
 10
540.869327998606
 20
51.38439615840297
 30
0.0
 41
1.0
 10
540.9299661926755
 20
51.33146608030699
 30
0.0
 41
1.0
 10
540.9927200998501
 20
51.27930074963927
 30
0.0
 41
1.0
 10
541.0579560111618
 20
51.22792215446807
 30
0.0
 41
1.0
 10
541.1259443085864
 20
51.17737067518298
 30
0.0
 41
1.0
 10
541.1967726752432
 20
51.12774849217316
 30
0.0
 41
1.0
 10
541.2702599031963
 20
51.0792628191708
 30
0.0
 41
1.0
 10
541.3458645902895
 20
51.03227165130839
 30
0.0
 41
1.0
 10
541.4226088622984
 20
50.98732183962908
 30
0.0
 41
1.0
 10
541.4992373667247
 20
50.94506682482503
 30
0.0
 41
1.0
 10
541.5743620275573
 20
50.90619166673754
 30
0.0
 41
1.0
 10
541.6466133621834
 20
50.87133459096925
 30
0.0
 41
1.0
 10
541.7147859593557
 20
50.84101171064489
 30
0.0
 41
1.0
 10
541.7779936190206
 20
50.81553626368695
 30
0.0
 41
1.0
 10
541.8358041115705
 20
50.79494943835591
 30
0.0
 41
1.0
 10
541.8884256837976
 20
50.7789216676911
 30
0.0
 41
1.0
 10
541.9365968416652
 20
50.76682308979144
 30
0.0
 41
1.0
 10
541.9813836989792
 20
50.75784646749916
 30
0.0
 41
1.0
 10
542.0240042995864
 20
50.75111523457771
 30
0.0
 41
1.0
 10
542.0656510115962
 20
50.74579149587002
 30
0.0
 41
1.0
 10
542.1072918044238
 20
50.74119884569661
 30
0.0
 41
1.0
 10
542.1495525169659
 20
50.73689043040509
 30
0.0
 41
1.0
 10
542.1927915643841
 20
50.73258799654375
 30
0.0
 41
1.0
 10
542.2371359435961
 20
50.72814642621317
 30
0.0
 41
1.0
 10
542.2825317896182
 20
50.72350958015171
 30
0.0
 41
1.0
 10
542.3287900348904
 20
50.71866681705699
 30
0.0
 41
1.0
 10
542.375629428067
 20
50.71361884177854
 30
0.0
 41
1.0
 10
542.4226956019766
 20
50.70839185846246
 30
0.0
 41
1.0
 10
542.4695839652867
 20
50.70304408539207
 30
0.0
 41
1.0
 10
542.5158609045229
 20
50.69767614842184
 30
0.0
 41
1.0
 10
542.5610859553915
 20
50.69243788074345
 30
0.0
 41
1.0
 10
542.6048327994615
 20
50.68754199812019
 30
0.0
 41
1.0
 10
542.6467216518362
 20
50.68319344402908
 30
0.0
 41
1.0
 10
542.6864521524906
 20
50.67951249811336
 30
0.0
 41
1.0
 10
542.7238371001362
 20
50.67645758194402
 30
0.0
 41
1.0
 10
542.7588337673687
 20
50.67375372108237
 30
0.0
 41
1.0
 10
542.7915822313754
 20
50.67080296204025
 30
0.0
 41
1.0
 10
542.8223510282783
 20
50.66685245090916
 30
0.0
 41
1.0
 10
542.8514722617064
 20
50.66119900717808
 30
0.0
 41
1.0
 10
542.8792834523209
 20
50.65335940807393
 30
0.0
 41
1.0
 10
542.9060597613333
 20
50.64330548590184
 30
0.0
 41
1.0
 10
542.931974436443
 20
50.63149257924244
 30
0.0
 41
1.0
 10
542.9570981438566
 20
50.61858575914222
 30
0.0
 41
1.0
 10
542.9813904812967
 20
50.60526300786285
 30
0.0
 41
1.0
 10
543.0046911017314
 20
50.59197833158613
 30
0.0
 41
1.0
 10
543.0267205644206
 20
50.57876757708918
 30
0.0
 41
1.0
 10
543.0471995298009
 20
50.56538235820966
 30
0.0
 41
1.0
 10
543.0659622589643
 20
50.55140181380785
 30
0.0
 41
1.0
 10
543.0830658412892
 20
50.53635235500287
 30
0.0
 41
1.0
 10
543.098919031572
 20
50.51982389595067
 30
0.0
 41
1.0
 10
543.1140499606307
 20
50.50162730402604
 30
0.0
 41
1.0
 10
543.1288305053745
 20
50.48197128341371
 30
0.0
 41
1.0
 10
543.1432452398708
 20
50.46160017391834
 30
0.0
 41
1.0
 10
543.1565668971213
 20
50.4420321421265
 30
0.0
 41
1.0
 10
543.1677544134609
 20
50.42497839455769
 30
0.0
 41
1.0
 10
543.176014353641
 20
50.41156487100927
 30
0.0
 41
1.0
 10
543.1812606524159
 20
50.40169363023984
 30
0.0
 41
1.0
 10
543.1847321148053
 20
50.39316355879897
 30
0.0
 41
1.0
 10
543.1882921130407
 20
50.38285311691311
 30
0.0
 41
1.0
 10
543.1936317798947
 20
50.36804214906034
 30
0.0
 41
1.0
 10
543.2013683136484
 20
50.34792927731224
 30
0.0
 41
1.0
 10
543.2106260010571
 20
50.32429420069085
 30
0.0
 41
1.0
 10
543.2198730971657
 20
50.29994199368367
 30
0.0
 41
1.0
 10
543.2274766774885
 20
50.27765227900623
 30
0.0
 41
1.0
 10
543.2324397249131
 20
50.25878772633525
 30
0.0
 41
1.0
 10
543.2348458470226
 20
50.24247600671678
 30
0.0
 41
1.0
 10
543.2353765316986
 20
50.2266545782237
 30
0.0
 41
1.0
 10
543.2349947047645
 20
50.20877371036881
 30
0.0
 41
1.0
 10
543.2345098779444
 20
50.18675470323323
 30
0.0
 41
1.0
 10
543.2343794389811
 20
50.15941763784077
 30
0.0
 41
1.0
 10
543.2347490322043
 20
50.13280635122782
 30
0.0
 41
1.0
 10
543.2353267317286
 20
50.11009441153234
 30
0.0
 41
1.0
 10
543.23584558909
 20
50.09372917727098
 30
0.0
 41
1.0
 10
543.2361384375018
 20
50.08524060083431
 30
0.0
 41
1.0
  0
LINE
  5
109
330
70
100
AcDbEntity
  8
Untitled v10_Sketch14
100
AcDbLine
 10
-128.3108889383102
 20
-20.96410329251142
 30
0.0
 11
-136.8168768778009
 21
-25.87503771910004
 31
0.0
  0
SPLINE
  5
10A
330
70
100
AcDbEntity
  8
Untitled v10_Sketch14
100
AcDbSpline
210
0.0
220
0.0
230
1.0
 70
    12
 71
     5
 72
   236
 73
   230
 74
     0
 42
0.000000001
 43
0.0000000001
 40
0.0
 40
0.0
 40
0.0
 40
0.0
 40
0.0
 40
0.0
 40
0.0044444444444444
 40
0.0088888888888889
 40
0.0133333333333333
 40
0.0177777777777778
 40
0.0222222222222222
 40
0.0266666666666667
 40
0.0311111111111111
 40
0.0355555555555556
 40
0.04
 40
0.0444444444444445
 40
0.0488888888888889
 40
0.0533333333333333
 40
0.0577777777777778
 40
0.0622222222222222
 40
0.0666666666666667
 40
0.0711111111111111
 40
0.0755555555555556
 40
0.08
 40
0.0844444444444445
 40
0.0888888888888889
 40
0.0933333333333334
 40
0.0977777777777778
 40
0.1022222222222222
 40
0.1066666666666667
 40
0.1111111111111111
 40
0.1155555555555556
 40
0.12
 40
0.1244444444444444
 40
0.1288888888888889
 40
0.1333333333333333
 40
0.1377777777777778
 40
0.1422222222222222
 40
0.1466666666666667
 40
0.1511111111111111
 40
0.1555555555555556
 40
0.16
 40
0.1644444444444444
 40
0.1688888888888889
 40
0.1733333333333333
 40
0.1777777777777778
 40
0.1822222222222222
 40
0.1866666666666667
 40
0.1911111111111111
 40
0.1955555555555556
 40
0.2
 40
0.2044444444444445
 40
0.2088888888888889
 40
0.2133333333333333
 40
0.2177777777777778
 40
0.2222222222222222
 40
0.2266666666666667
 40
0.2311111111111111
 40
0.2355555555555556
 40
0.24
 40
0.2444444444444445
 40
0.2488888888888889
 40
0.2533333333333334
 40
0.2577777777777777
 40
0.2622222222222222
 40
0.2666666666666666
 40
0.271111111111111
 40
0.2755555555555555
 40
0.2799999999999998
 40
0.2844444444444443
 40
0.2888888888888887
 40
0.2933333333333331
 40
0.2977777777777775
 40
0.3022222222222219
 40
0.3066666666666664
 40
0.3111111111111108
 40
0.3155555555555552
 40
0.3199999999999996
 40
0.324444444444444
 40
0.3288888888888884
 40
0.3333333333333329
 40
0.3377777777777773
 40
0.3422222222222217
 40
0.3466666666666661
 40
0.3511111111111105
 40
0.355555555555555
 40
0.3599999999999994
 40
0.3644444444444438
 40
0.3688888888888882
 40
0.3733333333333326
 40
0.3777777777777771
 40
0.3822222222222215
 40
0.3866666666666659
 40
0.3911111111111103
 40
0.3955555555555547
 40
0.3999999999999991
 40
0.4044444444444436
 40
0.408888888888888
 40
0.4133333333333324
 40
0.4177777777777769
 40
0.4222222222222213
 40
0.4266666666666657
 40
0.4311111111111101
 40
0.4355555555555545
 40
0.4399999999999989
 40
0.4444444444444433
 40
0.4488888888888878
 40
0.4533333333333322
 40
0.4577777777777766
 40
0.462222222222221
 40
0.4666666666666654
 40
0.4711111111111098
 40
0.4755555555555543
 40
0.4799999999999987
 40
0.4844444444444431
 40
0.4888888888888875
 40
0.493333333333332
 40
0.4977777777777764
 40
0.5022222222222208
 40
0.5066666666666653
 40
0.5111111111111098
 40
0.5155555555555543
 40
0.5199999999999987
 40
0.5244444444444432
 40
0.5288888888888877
 40
0.5333333333333322
 40
0.5377777777777766
 40
0.542222222222221
 40
0.5466666666666656
 40
0.5511111111111101
 40
0.5555555555555545
 40
0.5599999999999989
 40
0.5644444444444435
 40
0.568888888888888
 40
0.5733333333333324
 40
0.5777777777777768
 40
0.5822222222222213
 40
0.5866666666666659
 40
0.5911111111111103
 40
0.5955555555555547
 40
0.5999999999999992
 40
0.6044444444444438
 40
0.6088888888888882
 40
0.6133333333333326
 40
0.6177777777777771
 40
0.6222222222222216
 40
0.6266666666666661
 40
0.6311111111111105
 40
0.635555555555555
 40
0.6399999999999995
 40
0.644444444444444
 40
0.6488888888888884
 40
0.6533333333333329
 40
0.6577777777777774
 40
0.6622222222222219
 40
0.6666666666666663
 40
0.6711111111111108
 40
0.6755555555555553
 40
0.6799999999999998
 40
0.6844444444444442
 40
0.6888888888888887
 40
0.6933333333333332
 40
0.6977777777777776
 40
0.7022222222222221
 40
0.7066666666666666
 40
0.7111111111111111
 40
0.7155555555555555
 40
0.72
 40
0.7244444444444445
 40
0.728888888888889
 40
0.7333333333333334
 40
0.7377777777777779
 40
0.7422222222222224
 40
0.7466666666666669
 40
0.7511111111111113
 40
0.7555555555555558
 40
0.7600000000000003
 40
0.7644444444444448
 40
0.7688888888888892
 40
0.7733333333333336
 40
0.7777777777777782
 40
0.7822222222222227
 40
0.7866666666666671
 40
0.7911111111111115
 40
0.7955555555555561
 40
0.8000000000000005
 40
0.8044444444444449
 40
0.8088888888888893
 40
0.8133333333333339
 40
0.8177777777777784
 40
0.8222222222222228
 40
0.8266666666666672
 40
0.8311111111111117
 40
0.8355555555555563
 40
0.8400000000000007
 40
0.8444444444444451
 40
0.8488888888888897
 40
0.8533333333333342
 40
0.8577777777777786
 40
0.862222222222223
 40
0.8666666666666674
 40
0.8711111111111121
 40
0.8755555555555565
 40
0.8800000000000009
 40
0.8844444444444455
 40
0.8888888888888899
 40
0.8933333333333344
 40
0.8977777777777788
 40
0.9022222222222232
 40
0.9066666666666678
 40
0.9111111111111123
 40
0.9155555555555567
 40
0.9200000000000013
 40
0.9244444444444457
 40
0.9288888888888902
 40
0.9333333333333346
 40
0.937777777777779
 40
0.9422222222222236
 40
0.946666666666668
 40
0.9511111111111125
 40
0.9555555555555571
 40
0.9600000000000015
 40
0.9644444444444459
 40
0.9688888888888904
 40
0.9733333333333348
 40
0.9777777777777794
 40
0.9822222222222238
 40
0.9866666666666683
 40
0.9911111111111129
 40
0.9955555555555573
 40
1.0
 40
1.0
 40
1.0
 40
1.0
 40
1.0
 40
1.0
 10
543.2615336587787
 20
49.45285322305942
 30
0.0
 41
1.0
 10
543.2618695763916
 20
49.44795405849411
 30
0.0
 41
1.0
 10
543.262482786203
 20
49.43830285810513
 30
0.0
 41
1.0
 10
543.2632267251342
 20
49.42426744143055
 30
0.0
 41
1.0
 10
543.2638668768673
 20
49.40643636880629
 30
0.0
 41
1.0
 10
543.264082553028
 20
49.38560802219519
 30
0.0
 41
1.0
 10
543.2637190489369
 20
49.3662076597311
 30
0.0
 41
1.0
 10
543.2627872459752
 20
49.34816938884438
 30
0.0
 41
1.0
 10
543.2613050801426
 20
49.33138459254656
 30
0.0
 41
1.0
 10
543.2593001898808
 20
49.31568680542888
 30
0.0
 41
1.0
 10
543.2568086218564
 20
49.30085646206514
 30
0.0
 41
1.0
 10
543.2538684660118
 20
49.28665050425202
 30
0.0
 41
1.0
 10
543.2505147469668
 20
49.27282676766388
 30
0.0
 41
1.0
 10
543.246773843288
 20
49.25916826278225
 30
0.0
 41
1.0
 10
543.2426580104992
 20
49.24551306135931
 30
0.0
 41
1.0
 10
543.2381604413949
 20
49.2317538942369
 30
0.0
 41
1.0
 10
543.2332509794616
 20
49.21782160298782
 30
0.0
 41
1.0
 10
543.2278711603511
 20
49.20367327088825
 30
0.0
 41
1.0
 10
543.221930559899
 20
49.18927925275532
 30
0.0
 41
1.0
 10
543.2152998400876
 20
49.1746084566877
 30
0.0
 41
1.0
 10
543.2078481796522
 20
49.15964931441791
 30
0.0
 41
1.0
 10
543.1994837475096
 20
49.14443342215491
 30
0.0
 41
1.0
 10
543.1901946943819
 20
49.12905947925757
 30
0.0
 41
1.0
 10
543.1800862664259
 20
49.11371422435401
 30
0.0
 41
1.0
 10
543.1694293132334
 20
49.09870230551668
 30
0.0
 41
1.0
 10
543.1585851050206
 20
49.08437950023959
 30
0.0
 41
1.0
 10
543.1479171171108
 20
49.07107612019636
 30
0.0
 41
1.0
 10
543.137703535176
 20
49.05902014291271
 30
0.0
 41
1.0
 10
543.1280583477222
 20
49.0482689973821
 30
0.0
 41
1.0
 10
543.118825634415
 20
49.03861541531199
 30
0.0
 41
1.0
 10
543.1096552513093
 20
49.02966796719439
 30
0.0
 41
1.0
 10
543.100129704285
 20
49.02098125348672
 30
0.0
 41
1.0
 10
543.0898685197823
 20
49.0121635690734
 30
0.0
 41
1.0
 10
543.0786538783213
 20
49.00300710106101
 30
0.0
 41
1.0
 10
543.0665112948718
 20
48.99356885901688
 30
0.0
 41
1.0
 10
543.0536209224899
 20
48.98406521085377
 30
0.0
 41
1.0
 10
543.0402514932807
 20
48.97479057160445
 30
0.0
 41
1.0
 10
543.0266892785089
 20
48.96603257473174
 30
0.0
 41
1.0
 10
543.0131600639787
 20
48.95797473579833
 30
0.0
 41
1.0
 10
542.9997850374902
 20
48.95065180587465
 30
0.0
 41
1.0
 10
542.9866054358958
 20
48.94400782766922
 30
0.0
 41
1.0
 10
542.97359125732
 20
48.93793309025767
 30
0.0
 41
1.0
 10
542.9606579927093
 20
48.93230635381975
 30
0.0
 41
1.0
 10
542.9476759087073
 20
48.927042663516
 30
0.0
 41
1.0
 10
542.9344996323989
 20
48.92210486092636
 30
0.0
 41
1.0
 10
542.9210108322044
 20
48.91748545562343
 30
0.0
 41
1.0
 10
542.9071587992269
 20
48.91319712006769
 30
0.0
 41
1.0
 10
542.8929982914147
 20
48.90925978681252
 30
0.0
 41
1.0
 10
542.8787381833224
 20
48.90568880847922
 30
0.0
 41
1.0
 10
542.8646598043491
 20
48.90248681890419
 30
0.0
 41
1.0
 10
542.8510155191566
 20
48.89963587542581
 30
0.0
 41
1.0
 10
542.837941204646
 20
48.89709048196372
 30
0.0
 41
1.0
 10
542.8253469707381
 20
48.89476791581593
 30
0.0
 41
1.0
 10
542.8128649464954
 20
48.89254666590872
 30
0.0
 41
1.0
 10
542.8000205275936
 20
48.89029695670004
 30
0.0
 41
1.0
 10
542.7863805645642
 20
48.88790841046571
 30
0.0
 41
1.0
 10
542.7716914969071
 20
48.88531510848352
 30
0.0
 41
1.0
 10
542.7560689785341
 20
48.88253098229135
 30
0.0
 41
1.0
 10
542.7399333630017
 20
48.87963545811842
 30
0.0
 41
1.0
 10
542.7238101791515
 20
48.8767328105694
 30
0.0
 41
1.0
 10
542.7081639012912
 20
48.87391795010685
 30
0.0
 41
1.0
 10
542.6932371079239
 20
48.87124337984381
 30
0.0
 41
1.0
 10
542.6788382783999
 20
48.86867584712554
 30
0.0
 41
1.0
 10
542.6644564909147
 20
48.86611835830969
 30
0.0
 41
1.0
 10
542.6494882326023
 20
48.86345461077588
 30
0.0
 41
1.0
 10
542.6334314284144
 20
48.86058684644098
 30
0.0
 41
1.0
 10
542.616083339199
 20
48.85747454374801
 30
0.0
 41
1.0
 10
542.5977629969928
 20
48.8541778411767
 30
0.0
 41
1.0
 10
542.5791316565444
 20
48.8508228513465
 30
0.0
 41
1.0
 10
542.5609789764707
 20
48.84756030768549
 30
0.0
 41
1.0
 10
542.5440115899739
 20
48.84452467860825
 30
0.0
 41
1.0
 10
542.5286634104679
 20
48.84179750413728
 30
0.0
 41
1.0
 10
542.5148384447094
 20
48.83935761712777
 30
0.0
 41
1.0
 10
542.5020251693848
 20
48.83710357048272
 30
0.0
 41
1.0
 10
542.4895590973612
 20
48.83490486121466
 30
0.0
 41
1.0
 10
542.4768300475075
 20
48.83264241099602
 30
0.0
 41
1.0
 10
542.4635283788988
 20
48.83025661363333
 30
0.0
 41
1.0
 10
542.449829200687
 20
48.82778334037531
 30
0.0
 41
1.0
 10
542.4361434813671
 20
48.82530569138182
 30
0.0
 41
1.0
 10
542.4228914681572
 20
48.82291017767087
 30
0.0
 41
1.0
 10
542.4102968530616
 20
48.82064672214831
 30
0.0
 41
1.0
 10
542.3981013860053
 20
48.81847371899539
 30
0.0
 41
1.0
 10
542.3855981378104
 20
48.81626308483113
 30
0.0
 41
1.0
 10
542.3719602675163
 20
48.8138610198947
 30
0.0
 41
1.0
 10
542.356494600354
 20
48.81113451178073
 30
0.0
 41
1.0
 10
542.3389114116726
 20
48.80802110596647
 30
0.0
 41
1.0
 10
542.3196258714533
 20
48.80458408637366
 30
0.0
 41
1.0
 10
542.2995270741641
 20
48.80097354049169
 30
0.0
 41
1.0
 10
542.2796939992548
 20
48.79737783764234
 30
0.0
 41
1.0
 10
542.2611160576763
 20
48.79397630786336
 30
0.0
 41
1.0
 10
542.2444446992057
 20
48.7908965384507
 30
0.0
 41
1.0
 10
542.229649963068
 20
48.78815699617511
 30
0.0
 41
1.0
 10
542.2160572653145
 20
48.78566872773802
 30
0.0
 41
1.0
 10
542.2027021147674
 20
48.78328680892657
 30
0.0
 41
1.0
 10
542.1886040815656
 20
48.78084869083529
 30
0.0
 41
1.0
 10
542.1730533808926
 20
48.77821573303904
 30
0.0
 41
1.0
 10
542.1559451086081
 20
48.77531904282541
 30
0.0
 41
1.0
 10
542.1376846868825
 20
48.77215916592582
 30
0.0
 41
1.0
 10
542.1189880181118
 20
48.76879335408993
 30
0.0
 41
1.0
 10
542.1007138478794
 20
48.76532824893615
 30
0.0
 41
1.0
 10
542.0836917207989
 20
48.76190776264735
 30
0.0
 41
1.0
 10
542.0685290805876
 20
48.75870939857314
 30
0.0
 41
1.0
 10
542.0555351625831
 20
48.75590610485268
 30
0.0
 41
1.0
 10
542.0447149424609
 20
48.75360643238671
 30
0.0
 41
1.0
 10
542.0357452963367
 20
48.75180372638673
 30
0.0
 41
1.0
 10
542.0279500455783
 20
48.75031604734743
 30
0.0
 41
1.0
 10
542.0202999091462
 20
48.74874599985368
 30
0.0
 41
1.0
 10
542.0117164340372
 20
48.74663402916723
 30
0.0
 41
1.0
 10
542.0013436713713
 20
48.74359297844819
 30
0.0
 41
1.0
 10
541.9888475866343
 20
48.73945701007507
 30
0.0
 41
1.0
 10
541.9746611310049
 20
48.73440442455326
 30
0.0
 41
1.0
 10
541.9596455563446
 20
48.72880589213345
 30
0.0
 41
1.0
 10
541.9447768023296
 20
48.72308458587077
 30
0.0
 41
1.0
 10
541.930848799397
 20
48.71758383874059
 30
0.0
 41
1.0
 10
541.9181072899397
 20
48.71240324076552
 30
0.0
 41
1.0
 10
541.9061172172704
 20
48.70734101404529
 30
0.0
 41
1.0
 10
541.8941415476316
 20
48.70206871285461
 30
0.0
 41
1.0
 10
541.8814319058167
 20
48.69626638842419
 30
0.0
 41
1.0
 10
541.8675201605763
 20
48.68975685659947
 30
0.0
 41
1.0
 10
541.8525956010196
 20
48.68268223097174
 30
0.0
 41
1.0
 10
541.8373658093798
 20
48.67542889739219
 30
0.0
 41
1.0
 10
541.8227025422144
 20
48.66844827029552
 30
0.0
 41
1.0
 10
541.8093447599396
 20
48.66210466614418
 30
0.0
 41
1.0
 10
541.7976057605845
 20
48.65652669392915
 30
0.0
 41
1.0
 10
541.7870056666065
 20
48.65141843950752
 30
0.0
 41
1.0
 10
541.7765300581809
 20
48.64620369275193
 30
0.0
 41
1.0
 10
541.76505053615
 20
48.64025659981976
 30
0.0
 41
1.0
 10
541.7516616451544
 20
48.63308690027594
 30
0.0
 41
1.0
 10
541.7361177247629
 20
48.62458064946359
 30
0.0
 41
1.0
 10
541.7190179764944
 20
48.61509975459568
 30
0.0
 41
1.0
 10
541.7013926275416
 20
48.60524489365758
 30
0.0
 41
1.0
 10
541.6844030205082
 20
48.5956824803749
 30
0.0
 41
1.0
 10
541.6689979774439
 20
48.586947078064
 30
0.0
 41
1.0
 10
541.6555855178388
 20
48.57925235418647
 30
0.0
 41
1.0
 10
541.6437067690355
 20
48.57230350854038
 30
0.0
 41
1.0
 10
541.6323791161428
 20
48.56550055433899
 30
0.0
 41
1.0
 10
541.620439783317
 20
48.55814194592866
 30
0.0
 41
1.0
 10
541.6068689460741
 20
48.54961609309491
 30
0.0
 41
1.0
 10
541.591169350239
 20
48.53962623136801
 30
0.0
 41
1.0
 10
541.5735686218907
 20
48.52831068535685
 30
0.0
 41
1.0
 10
541.554738599508
 20
48.51607843423778
 30
0.0
 41
1.0
 10
541.5356082242376
 20
48.50349960618196
 30
0.0
 41
1.0
 10
541.5171314348093
 20
48.49117000024975
 30
0.0
 41
1.0
 10
541.50009269721
 20
48.47959649397218
 30
0.0
 41
1.0
 10
541.484849818603
 20
48.46904872212725
 30
0.0
 41
1.0
 10
541.4713366366874
 20
48.45954943339059
 30
0.0
 41
1.0
 10
541.4592002776284
 20
48.45093742361306
 30
0.0
 41
1.0
 10
541.447897879255
 20
48.44290709901983
 30
0.0
 41
1.0
 10
541.4368075006347
 20
48.43505967169029
 30
0.0
 41
1.0
 10
541.4253394844792
 20
48.42694443743148
 30
0.0
 41
1.0
 10
541.4130124265932
 20
48.41812855672039
 30
0.0
 41
1.0
 10
541.3995054170881
 20
48.40827580579073
 30
0.0
 41
1.0
 10
541.3847235007493
 20
48.39722838334374
 30
0.0
 41
1.0
 10
541.3688452273381
 20
48.38507457594992
 30
0.0
 41
1.0
 10
541.3524096594512
 20
48.372255413813
 30
0.0
 41
1.0
 10
541.3361895744116
 20
48.3594502599751
 30
0.0
 41
1.0
 10
541.3209983816285
 20
48.34739268048132
 30
0.0
 41
1.0
 10
541.3075092476206
 20
48.3367003337797
 30
0.0
 41
1.0
 10
541.2960907212879
 20
48.32771917383752
 30
0.0
 41
1.0
 10
541.2865827563528
 20
48.32031246802237
 30
0.0
 41
1.0
 10
541.2782850858184
 20
48.31384791028661
 30
0.0
 41
1.0
 10
541.2702725253088
 20
48.30749014220593
 30
0.0
 41
1.0
 10
541.2616279588842
 20
48.30041632297515
 30
0.0
 41
1.0
 10
541.2517179754302
 20
48.29207164479463
 30
0.0
 41
1.0
 10
541.2404237643049
 20
48.28238279185562
 30
0.0
 41
1.0
 10
541.2279788254448
 20
48.27160133102509
 30
0.0
 41
1.0
 10
541.2148272912826
 20
48.26016633441319
 30
0.0
 41
1.0
 10
541.2014794869842
 20
48.24856482868682
 30
0.0
 41
1.0
 10
541.1883572261753
 20
48.23718154807131
 30
0.0
 41
1.0
 10
541.1756783083976
 20
48.22618860580348
 30
0.0
 41
1.0
 10
541.1635117766378
 20
48.21560817656163
 30
0.0
 41
1.0
 10
541.1518084061762
 20
48.20535035095815
 30
0.0
 41
1.0
 10
541.1404403323679
 20
48.19525962073321
 30
0.0
 41
1.0
 10
541.1292380029342
 20
48.18516015861277
 30
0.0
 41
1.0
 10
541.1180243918464
 20
48.17489386243764
 30
0.0
 41
1.0
 10
541.1066317258234
 20
48.16432580245233
 30
0.0
 41
1.0
 10
541.0949223185991
 20
48.15335589604785
 30
0.0
 41
1.0
 10
541.082805598045
 20
48.14192667322323
 30
0.0
 41
1.0
 10
541.0702619809929
 20
48.13003619041545
 30
0.0
 41
1.0
 10
541.0573460269599
 20
48.1177368937358
 30
0.0
 41
1.0
 10
541.0441529439005
 20
48.1051102027424
 30
0.0
 41
1.0
 10
541.0307928123369
 20
48.09224616397557
 30
0.0
 41
1.0
 10
541.0173625780556
 20
48.07922169039571
 30
0.0
 41
1.0
 10
541.0039169666145
 20
48.06607795197031
 30
0.0
 41
1.0
 10
540.9904458976452
 20
48.0528024379457
 30
0.0
 41
1.0
 10
540.9768917245296
 20
48.03933914737442
 30
0.0
 41
1.0
 10
540.963161620864
 20
48.02559553896074
 30
0.0
 41
1.0
 10
540.9491417614814
 20
48.01145029737497
 30
0.0
 41
1.0
 10
540.9347109258585
 20
47.99676175007768
 30
0.0
 41
1.0
 10
540.9197538495496
 20
47.98137339427889
 30
0.0
 41
1.0
 10
540.9041784923524
 20
47.96513957730184
 30
0.0
 41
1.0
 10
540.8879348894929
 20
47.94795734933757
 30
0.0
 41
1.0
 10
540.8710327568477
 20
47.92979523244973
 30
0.0
 41
1.0
 10
540.8535612107154
 20
47.91072552333837
 30
0.0
 41
1.0
 10
540.8357038832183
 20
47.89094986877991
 30
0.0
 41
1.0
 10
540.8177657056286
 20
47.87084138298396
 30
0.0
 41
1.0
 10
540.8001213959955
 20
47.85087648751137
 30
0.0
 41
1.0
 10
540.783142879055
 20
47.83153722161344
 30
0.0
 41
1.0
 10
540.7671361356988
 20
47.8132265822397
 30
0.0
 41
1.0
 10
540.7522690313946
 20
47.79617171644225
 30
0.0
 41
1.0
 10
540.7385147796422
 20
47.78034784865077
 30
0.0
 41
1.0
 10
540.725559356831
 20
47.7653546013137
 30
0.0
 41
1.0
 10
540.7128475122479
 20
47.75047519113613
 30
0.0
 41
1.0
 10
540.6997458799787
 20
47.73489010030708
 30
0.0
 41
1.0
 10
540.6856705144559
 20
47.71784384092882
 30
0.0
 41
1.0
 10
540.6702341751534
 20
47.69883771273242
 30
0.0
 41
1.0
 10
540.6533731784041
 20
47.67779574567136
 30
0.0
 41
1.0
 10
540.6355146887886
 20
47.65528362798697
 30
0.0
 41
1.0
 10
540.6174359631477
 20
47.6323241702115
 30
0.0
 41
1.0
 10
540.6000637154374
 20
47.61013433000044
 30
0.0
 41
1.0
 10
540.5842991781873
 20
47.58989593120972
 30
0.0
 41
1.0
 10
540.5708213844168
 20
47.5724977641078
 30
0.0
 41
1.0
 10
540.5599253194541
 20
47.55832357489779
 30
0.0
 41
1.0
 10
540.5512822758305
 20
47.54693762763857
 30
0.0
 41
1.0
 10
540.5439692810992
 20
47.53712455434538
 30
0.0
 41
1.0
 10
540.5368096869467
 20
47.52733886793087
 30
0.0
 41
1.0
 10
540.5286419194355
 20
47.51605996562723
 30
0.0
 41
1.0
 10
540.5185989872493
 20
47.50216111369432
 30
0.0
 41
1.0
 10
540.50643116537
 20
47.48533575334199
 30
0.0
 41
1.0
 10
540.4924247889246
 20
47.4659886259355
 30
0.0
 41
1.0
 10
540.4772252600223
 20
47.44499999793106
 30
0.0
 41
1.0
 10
540.46169473563
 20
47.42353584793924
 30
0.0
 41
1.0
 10
540.4467518356715
 20
47.40283418697494
 30
0.0
 41
1.0
 10
540.4332271642812
 20
47.38401244196133
 30
0.0
 41
1.0
 10
540.4216907853593
 20
47.36783738750212
 30
0.0
 41
1.0
 10
540.4124797416989
 20
47.35476241146749
 30
0.0
 41
1.0
 10
540.4071072824729
 20
47.34696557355775
 30
0.0
 41
1.0
 10
540.404226037277
 20
47.34264977976636
 30
0.0
 41
1.0
 10
540.4028154937468
 20
47.34045342644321
 30
0.0
 41
1.0
 10
540.4022377915159
 20
47.33952545758818
 30
0.0
 41
1.0
  0
SPLINE
  5
10B
330
70
100
AcDbEntity
  8
Untitled v10_Sketch14
100
AcDbSpline
210
0.0
220
0.0
230
1.0
 70
    12
 71
     5
 72
    96
 73
    90
 74
     0
 42
0.000000001
 43
0.0000000001
 40
0.0
 40
0.0
 40
0.0
 40
0.0
 40
0.0
 40
0.0
 40
0.011764705882353
 40
0.0235294117647059
 40
0.0352941176470588
 40
0.0470588235294118
 40
0.0588235294117647
 40
0.0705882352941177
 40
0.0823529411764706
 40
0.0941176470588236
 40
0.1058823529411765
 40
0.1176470588235294
 40
0.1294117647058823
 40
0.1411764705882353
 40
0.1529411764705882
 40
0.1647058823529412
 40
0.1764705882352942
 40
0.1882352941176471
 40
0.2000000000000001
 40
0.211764705882353
 40
0.223529411764706
 40
0.2352941176470589
 40
0.2470588235294119
 40
0.2588235294117648
 40
0.2705882352941178
 40
0.2823529411764707
 40
0.2941176470588237
 40
0.3058823529411767
 40
0.3176470588235296
 40
0.3294117647058826
 40
0.3411764705882355
 40
0.3529411764705885
 40
0.3647058823529414
 40
0.3764705882352944
 40
0.3882352941176474
 40
0.4000000000000003
 40
0.4117647058823533
 40
0.4235294117647063
 40
0.4352941176470592
 40
0.4470588235294122
 40
0.4588235294117651
 40
0.4705882352941181
 40
0.482352941176471
 40
0.4941176470588239
 40
0.5058823529411769
 40
0.5176470588235298
 40
0.5294117647058827
 40
0.5411764705882356
 40
0.5529411764705885
 40
0.5647058823529414
 40
0.5764705882352943
 40
0.5882352941176472
 40
0.6000000000000001
 40
0.611764705882353
 40
0.6235294117647059
 40
0.6352941176470588
 40
0.6470588235294117
 40
0.6588235294117646
 40
0.6705882352941175
 40
0.6823529411764704
 40
0.6941176470588233
 40
0.7058823529411762
 40
0.7176470588235291
 40
0.729411764705882
 40
0.7411764705882349
 40
0.7529411764705878
 40
0.7647058823529407
 40
0.7764705882352936
 40
0.7882352941176465
 40
0.7999999999999994
 40
0.8117647058823521
 40
0.823529411764705
 40
0.8352941176470579
 40
0.8470588235294108
 40
0.8588235294117637
 40
0.8705882352941166
 40
0.8823529411764695
 40
0.8941176470588224
 40
0.9058823529411753
 40
0.9176470588235282
 40
0.9294117647058811
 40
0.941176470588234
 40
0.9529411764705869
 40
0.9647058823529398
 40
0.9764705882352927
 40
0.9882352941176456
 40
1.0
 40
1.0
 40
1.0
 40
1.0
 40
1.0
 40
1.0
 10
544.3388525467935
 20
42.30123113671695
 30
0.0
 41
1.0
 10
544.3463731076604
 20
42.30374436477774
 30
0.0
 41
1.0
 10
544.3618111272067
 20
42.3090253998945
 30
0.0
 41
1.0
 10
544.3861588456123
 20
42.31771068705135
 30
0.0
 41
1.0
 10
544.4210044226483
 20
42.33081890479766
 30
0.0
 41
1.0
 10
544.4685099542518
 20
42.34974224057239
 30
0.0
 41
1.0
 10
544.5198952750825
 20
42.37117560709506
 30
0.0
 41
1.0
 10
544.5750175206155
 20
42.39505961547429
 30
0.0
 41
1.0
 10
544.6336374921326
 20
42.42129443911132
 30
0.0
 41
1.0
 10
544.6953865463418
 20
42.4497244722113
 30
0.0
 41
1.0
 10
544.7597692503613
 20
42.48014361382949
 30
0.0
 41
1.0
 10
544.8262211490071
 20
42.51233219666062
 30
0.0
 41
1.0
 10
544.8941540646654
 20
42.54608694578259
 30
0.0
 41
1.0
 10
544.9630051360387
 20
42.58125267318703
 30
0.0
 41
1.0
 10
545.0322871233573
 20
42.61775573148135
 30
0.0
 41
1.0
 10
545.1016315432546
 20
42.65563100760275
 30
0.0
 41
1.0
 10
545.1708515496404
 20
42.69506608558842
 30
0.0
 41
1.0
 10
545.2399292777974
 20
42.73638014154919
 30
0.0
 41
1.0
 10
545.3089334792339
 20
42.7799426801971
 30
0.0
 41
1.0
 10
545.3779564322084
 20
42.82610885969162
 30
0.0
 41
1.0
 10
545.4470432853138
 20
42.87514830679917
 30
0.0
 41
1.0
 10
545.5161239547988
 20
42.92717598859866
 30
0.0
 41
1.0
 10
545.5849453723616
 20
42.98208359866649
 30
0.0
 41
1.0
 10
545.6529997619317
 20
43.03946685953391
 30
0.0
 41
1.0
 10
545.7194648575073
 20
43.09856474381355
 30
0.0
 41
1.0
 10
545.783331274804
 20
43.15838526461014
 30
0.0
 41
1.0
 10
545.843518544119
 20
43.21781997832133
 30
0.0
 41
1.0
 10
545.8989964834334
 20
43.27576365214184
 30
0.0
 41
1.0
 10
545.9489017474355
 20
43.33122935957668
 30
0.0
 41
1.0
 10
545.9926625782815
 20
43.38347107013142
 30
0.0
 41
1.0
 10
546.0301062373134
 20
43.4320904368937
 30
0.0
 41
1.0
 10
546.0616105131349
 20
43.47718367254081
 30
0.0
 41
1.0
 10
546.0880026509041
 20
43.51925849994948
 30
0.0
 41
1.0
 10
546.1103798260642
 20
43.55907940360189
 30
0.0
 41
1.0
 10
546.1299520988948
 20
43.59753393817186
 30
0.0
 41
1.0
 10
546.1478848170547
 20
43.63549718927671
 30
0.0
 41
1.0
 10
546.1651203995721
 20
43.67368072968645
 30
0.0
 41
1.0
 10
546.1822772243801
 20
43.71254168218897
 30
0.0
 41
1.0
 10
546.1997306826126
 20
43.75233493481417
 30
0.0
 41
1.0
 10
546.2176580337995
 20
43.79313642491069
 30
0.0
 41
1.0
 10
546.2360960243562
 20
43.83487757584958
 30
0.0
 41
1.0
 10
546.2549963496734
 20
43.87737528535204
 30
0.0
 41
1.0
 10
546.2742714279539
 20
43.92036228530386
 30
0.0
 41
1.0
 10
546.2937868320953
 20
43.96350965002369
 30
0.0
 41
1.0
 10
546.313362167623
 20
44.0064505807274
 30
0.0
 41
1.0
 10
546.3327677397292
 20
44.04880378159361
 30
0.0
 41
1.0
 10
546.3517249376288
 20
44.09019664718826
 30
0.0
 41
1.0
 10
546.3698997169684
 20
44.13028945737529
 30
0.0
 41
1.0
 10
546.386979804932
 20
44.16878434627136
 30
0.0
 41
1.0
 10
546.4027579924284
 20
44.20543282297089
 30
0.0
 41
1.0
 10
546.4172159745144
 20
44.240044000028
 30
0.0
 41
1.0
 10
546.4306020639273
 20
44.27249226949136
 30
0.0
 41
1.0
 10
546.4435282344601
 20
44.30272607489328
 30
0.0
 41
1.0
 10
546.4567934749534
 20
44.33076816461024
 30
0.0
 41
1.0
 10
546.4711691754798
 20
44.356717093235
 30
0.0
 41
1.0
 10
546.4872192078266
 20
44.38074453794264
 30
0.0
 41
1.0
 10
546.5050553905542
 20
44.40310348829996
 30
0.0
 41
1.0
 10
546.5242982074216
 20
44.42409942001987
 30
0.0
 41
1.0
 10
546.5443369753351
 20
44.44400505891493
 30
0.0
 41
1.0
 10
546.5645144098564
 20
44.46299148817622
 30
0.0
 41
1.0
 10
546.58434917549
 20
44.48104650434011
 30
0.0
 41
1.0
 10
546.6037208279876
 20
44.49791542073299
 30
0.0
 41
1.0
 10
546.6227792759546
 20
44.51325581409761
 30
0.0
 41
1.0
 10
546.6418735659816
 20
44.5267800041212
 30
0.0
 41
1.0
 10
546.6614717494479
 20
44.53839593901633
 30
0.0
 41
1.0
 10
546.6820901533464
 20
44.54836564420112
 30
0.0
 41
1.0
 10
546.7040718548903
 20
44.55713295673547
 30
0.0
 41
1.0
 10
546.72733328089
 20
44.56511604571744
 30
0.0
 41
1.0
 10
546.7511617552487
 20
44.57253025386251
 30
0.0
 41
1.0
 10
546.773888677879
 20
44.57915304842835
 30
0.0
 41
1.0
 10
546.7935648883053
 20
44.58452311092763
 30
0.0
 41
1.0
 10
546.8088743691707
 20
44.58823377412933
 30
0.0
 41
1.0
 10
546.8198836725073
 20
44.59017291961217
 30
0.0
 41
1.0
 10
546.8290689934093
 20
44.59083853950019
 30
0.0
 41
1.0
 10
546.8399749063055
 20
44.59103819725783
 30
0.0
 41
1.0
 10
546.8557110215966
 20
44.59153968144455
 30
0.0
 41
1.0
 10
546.8772302197415
 20
44.59268234310876
 30
0.0
 41
1.0
 10
546.9025692961134
 20
44.59418328670501
 30
0.0
 41
1.0
 10
546.9285871311199
 20
44.59545255190029
 30
0.0
 41
1.0
 10
546.952135545048
 20
44.5957960858783
 30
0.0
 41
1.0
 10
546.9716104667909
 20
44.5946867571056
 30
0.0
 41
1.0
 10
546.9878673666483
 20
44.59193451664724
 30
0.0
 41
1.0
 10
547.0030784298974
 20
44.58755013748685
 30
0.0
 41
1.0
 10
547.0199661547763
 20
44.58166150645162
 30
0.0
 41
1.0
 10
547.0407576552681
 20
44.57439616134102
 30
0.0
 41
1.0
 10
547.0667164415896
 20
44.56582448873234
 30
0.0
 41
1.0
 10
547.0921394897167
 20
44.55795265297012
 30
0.0
 41
1.0
 10
547.1139183469325
 20
44.55148370252601
 30
0.0
 41
1.0
 10
547.1296429453599
 20
44.546920029697
 30
0.0
 41
1.0
 10
547.1378065564302
 20
44.54457543071029
 30
0.0
 41
1.0
  0
LINE
  5
10C
330
70
100
AcDbEntity
  8
Untitled v10_Sketch14
100
AcDbLine
 10
-67.68910951196899
 20
-14.03589737804083
 30
0.0
 11
-59.18312157247837
 21
-18.94683180462946
 31
0.0
  0
SPLINE
  5
10D
330
70
100
AcDbEntity
  8
Untitled v10_Sketch14
100
AcDbSpline
210
0.0
220
0.0
230
1.0
 70
    12
 71
     5
 72
   236
 73
   230
 74
     0
 42
0.000000001
 43
0.0000000001
 40
0.0
 40
0.0
 40
0.0
 40
0.0
 40
0.0
 40
0.0
 40
0.0044444444444444
 40
0.0088888888888889
 40
0.0133333333333333
 40
0.0177777777777778
 40
0.0222222222222222
 40
0.0266666666666667
 40
0.0311111111111111
 40
0.0355555555555556
 40
0.04
 40
0.0444444444444445
 40
0.0488888888888889
 40
0.0533333333333333
 40
0.0577777777777778
 40
0.0622222222222222
 40
0.0666666666666667
 40
0.0711111111111111
 40
0.0755555555555556
 40
0.08
 40
0.0844444444444445
 40
0.0888888888888889
 40
0.0933333333333334
 40
0.0977777777777778
 40
0.1022222222222222
 40
0.1066666666666667
 40
0.1111111111111111
 40
0.1155555555555556
 40
0.12
 40
0.1244444444444444
 40
0.1288888888888889
 40
0.1333333333333333
 40
0.1377777777777778
 40
0.1422222222222222
 40
0.1466666666666667
 40
0.1511111111111111
 40
0.1555555555555556
 40
0.16
 40
0.1644444444444444
 40
0.1688888888888889
 40
0.1733333333333333
 40
0.1777777777777778
 40
0.1822222222222222
 40
0.1866666666666667
 40
0.1911111111111111
 40
0.1955555555555556
 40
0.2
 40
0.2044444444444445
 40
0.2088888888888889
 40
0.2133333333333333
 40
0.2177777777777778
 40
0.2222222222222222
 40
0.2266666666666667
 40
0.2311111111111111
 40
0.2355555555555556
 40
0.24
 40
0.2444444444444445
 40
0.2488888888888889
 40
0.2533333333333334
 40
0.2577777777777777
 40
0.2622222222222222
 40
0.2666666666666666
 40
0.271111111111111
 40
0.2755555555555555
 40
0.2799999999999998
 40
0.2844444444444443
 40
0.2888888888888887
 40
0.2933333333333331
 40
0.2977777777777775
 40
0.3022222222222219
 40
0.3066666666666664
 40
0.3111111111111108
 40
0.3155555555555552
 40
0.3199999999999996
 40
0.324444444444444
 40
0.3288888888888884
 40
0.3333333333333329
 40
0.3377777777777773
 40
0.3422222222222217
 40
0.3466666666666661
 40
0.3511111111111105
 40
0.355555555555555
 40
0.3599999999999994
 40
0.3644444444444438
 40
0.3688888888888882
 40
0.3733333333333326
 40
0.3777777777777771
 40
0.3822222222222215
 40
0.3866666666666659
 40
0.3911111111111103
 40
0.3955555555555547
 40
0.3999999999999991
 40
0.4044444444444436
 40
0.408888888888888
 40
0.4133333333333324
 40
0.4177777777777769
 40
0.4222222222222213
 40
0.4266666666666657
 40
0.4311111111111101
 40
0.4355555555555545
 40
0.4399999999999989
 40
0.4444444444444433
 40
0.4488888888888878
 40
0.4533333333333322
 40
0.4577777777777766
 40
0.462222222222221
 40
0.4666666666666654
 40
0.4711111111111098
 40
0.4755555555555543
 40
0.4799999999999987
 40
0.4844444444444431
 40
0.4888888888888875
 40
0.493333333333332
 40
0.4977777777777764
 40
0.5022222222222208
 40
0.5066666666666653
 40
0.5111111111111098
 40
0.5155555555555543
 40
0.5199999999999987
 40
0.5244444444444432
 40
0.5288888888888877
 40
0.5333333333333322
 40
0.5377777777777766
 40
0.542222222222221
 40
0.5466666666666656
 40
0.5511111111111101
 40
0.5555555555555545
 40
0.5599999999999989
 40
0.5644444444444435
 40
0.568888888888888
 40
0.5733333333333324
 40
0.5777777777777768
 40
0.5822222222222213
 40
0.5866666666666659
 40
0.5911111111111103
 40
0.5955555555555547
 40
0.5999999999999992
 40
0.6044444444444438
 40
0.6088888888888882
 40
0.6133333333333326
 40
0.6177777777777771
 40
0.6222222222222216
 40
0.6266666666666661
 40
0.6311111111111105
 40
0.635555555555555
 40
0.6399999999999995
 40
0.644444444444444
 40
0.6488888888888884
 40
0.6533333333333329
 40
0.6577777777777774
 40
0.6622222222222219
 40
0.6666666666666663
 40
0.6711111111111108
 40
0.6755555555555553
 40
0.6799999999999998
 40
0.6844444444444442
 40
0.6888888888888887
 40
0.6933333333333332
 40
0.6977777777777776
 40
0.7022222222222221
 40
0.7066666666666666
 40
0.7111111111111111
 40
0.7155555555555555
 40
0.72
 40
0.7244444444444445
 40
0.728888888888889
 40
0.7333333333333334
 40
0.7377777777777779
 40
0.7422222222222224
 40
0.7466666666666669
 40
0.7511111111111113
 40
0.7555555555555558
 40
0.7600000000000003
 40
0.7644444444444448
 40
0.7688888888888892
 40
0.7733333333333336
 40
0.7777777777777782
 40
0.7822222222222227
 40
0.7866666666666671
 40
0.7911111111111115
 40
0.7955555555555561
 40
0.8000000000000005
 40
0.8044444444444449
 40
0.8088888888888893
 40
0.8133333333333339
 40
0.8177777777777784
 40
0.8222222222222228
 40
0.8266666666666672
 40
0.8311111111111117
 40
0.8355555555555563
 40
0.8400000000000007
 40
0.8444444444444451
 40
0.8488888888888897
 40
0.8533333333333342
 40
0.8577777777777786
 40
0.862222222222223
 40
0.8666666666666674
 40
0.8711111111111121
 40
0.8755555555555565
 40
0.8800000000000009
 40
0.8844444444444455
 40
0.8888888888888899
 40
0.8933333333333344
 40
0.8977777777777788
 40
0.9022222222222232
 40
0.9066666666666678
 40
0.9111111111111123
 40
0.9155555555555567
 40
0.9200000000000013
 40
0.9244444444444457
 40
0.9288888888888902
 40
0.9333333333333346
 40
0.937777777777779
 40
0.9422222222222236
 40
0.946666666666668
 40
0.9511111111111125
 40
0.9555555555555571
 40
0.9600000000000015
 40
0.9644444444444459
 40
0.9688888888888904
 40
0.9733333333333348
 40
0.9777777777777794
 40
0.9822222222222238
 40
0.9866666666666683
 40
0.9911111111111129
 40
0.9955555555555573
 40
1.0
 40
1.0
 40
1.0
 40
1.0
 40
1.0
 40
1.0
 10
544.6790900149443
 20
46.18435840666755
 30
0.0
 41
1.0
 10
544.6822414346819
 20
46.1805923466948
 30
0.0
 41
1.0
 10
544.688410365096
 20
46.17314479724775
 30
0.0
 41
1.0
 10
544.6972620352653
 20
46.16222718296718
 30
0.0
 41
1.0
 10
544.7082607704174
 20
46.14817781393405
 30
0.0
 41
1.0
 10
544.7206778510644
 20
46.13145409882754
 30
0.0
 41
1.0
 10
544.7317870170227
 20
46.11554521355323
 30
0.0
 41
1.0
 10
544.7416358021953
 20
46.10040424581782
 30
0.0
 41
1.0
 10
544.7503025605747
 20
46.08595386514785
 30
0.0
 41
1.0
 10
544.7579074980426
 20
46.07207564366724
 30
0.0
 41
1.0
 10
544.7646088342838
 20
46.0586131369137
 30
0.0
 41
1.0
 10
544.7705802507368
 20
46.04539209537669
 30
0.0
 41
1.0
 10
544.775992423533
 20
46.03223719095616
 30
0.0
 41
1.0
 10
544.7809942366204
 20
46.01898838037655
 30
0.0
 41
1.0
 10
544.7856907839616
 20
46.00552186454955
 30
0.0
 41
1.0
 10
544.7901396096413
 20
45.9917468597284
 30
0.0
 41
1.0
 10
544.7943569668308
 20
45.9775896900161
 30
0.0
 41
1.0
 10
544.7983207826964
 20
45.96298127057238
 30
0.0
 41
1.0
 10
544.8019753275538
 20
45.9478444679501
 30
0.0
 41
1.0
 10
544.8052342401093
 20
45.93207810529321
 30
0.0
 41
1.0
 10
544.8079984833939
 20
45.91559592886653
 30
0.0
 41
1.0
 10
544.8101751927149
 20
45.8983695235841
 30
0.0
 41
1.0
 10
544.8116967677775
 20
45.88047177407325
 30
0.0
 41
1.0
 10
544.8125385922996
 20
45.86211561719686
 30
0.0
 41
1.0
 10
544.81274072056
 20
45.84370671981837
 30
0.0
 41
1.0
 10
544.8123863055385
 20
45.82574526128176
 30
0.0
 41
1.0
 10
544.8115752526188
 20
45.80871211477919
 30
0.0
 41
1.0
 10
544.8103986169094
 20
45.79295523143855
 30
0.0
 41
1.0
 10
544.8089148611335
 20
45.77858807305432
 30
0.0
 41
1.0
 10
544.8071196723362
 20
45.76535130838237
 30
0.0
 41
1.0
 10
544.8049598546081
 20
45.75272245485152
 30
0.0
 41
1.0
 10
544.802359447393
 20
45.74009577977591
 30
0.0
 41
1.0
 10
544.7992408796053
 20
45.72693075031281
 30
0.0
 41
1.0
 10
544.7955500809383
 20
45.71293121122174
 30
0.0
 41
1.0
 10
544.7912741840533
 20
45.69815828153473
 30
0.0
 41
1.0
 10
544.7864317579656
 20
45.68289289787955
 30
0.0
 41
1.0
 10
544.7810671587014
 20
45.6675312037894
 30
0.0
 41
1.0
 10
544.775242917871
 20
45.65247416565142
 30
0.0
 41
1.0
 10
544.7690338322861
 20
45.63800296424034
 30
0.0
 41
1.0
 10
544.7625175187694
 20
45.6242169461646
 30
0.0
 41
1.0
 10
544.7557602295062
 20
45.61109507943797
 30
0.0
 41
1.0
 10
544.7488021789325
 20
45.59853097139807
 30
0.0
 41
1.0
 10
544.7416462607663
 20
45.58637686379462
 30
0.0
 41
1.0
 10
544.7342374537196
 20
45.57448777136542
 30
0.0
 41
1.0
 10
544.7264799898043
 20
45.56274818426132
 30
0.0
 41
1.0
 10
544.7182825395247
 20
45.55108248904183
 30
0.0
 41
1.0
 10
544.709596629836
 20
45.53947113200131
 30
0.0
 41
1.0
 10
544.7004548447877
 20
45.52796242482841
 30
0.0
 41
1.0
 10
544.6910171433999
 20
45.51669156143745
 30
0.0
 41
1.0
 10
544.6815095778074
 20
45.50582603391866
 30
0.0
 41
1.0
 10
544.6721468617422
 20
45.49549966258041
 30
0.0
 41
1.0
 10
544.6630656638518
 20
45.48575550675913
 30
0.0
 41
1.0
 10
544.6542418847183
 20
45.47647380632007
 30
0.0
 41
1.0
 10
544.6454493329188
 20
45.46734002762775
 30
0.0
 41
1.0
 10
544.6363803256392
 20
45.45797021464082
 30
0.0
 41
1.0
 10
544.6267493159966
 20
45.44802047103473
 30
0.0
 41
1.0
 10
544.6163899152905
 20
45.43728842832095
 30
0.0
 41
1.0
 10
544.605387500748
 20
45.4258533370136
 30
0.0
 41
1.0
 10
544.594035459974
 20
45.41402653190345
 30
0.0
 41
1.0
 10
544.5826976636579
 20
45.40220127102053
 30
0.0
 41
1.0
 10
544.5716940924373
 20
45.39072734968996
 30
0.0
 41
1.0
 10
544.5611901358883
 20
45.37978982788921
 30
0.0
 41
1.0
 10
544.551050395971
 20
45.36924923064198
 30
0.0
 41
1.0
 10
544.5409185396949
 20
45.35872677614172
 30
0.0
 41
1.0
 10
544.5303746758601
 20
45.34777363762962
 30
0.0
 41
1.0
 10
544.5190700779797
 20
45.33601561484616
 30
0.0
 41
1.0
 10
544.5068645446083
 20
45.32330075807969
 30
0.0
 41
1.0
 10
544.4939808295734
 20
45.30986524270836
 30
0.0
 41
1.0
 10
544.4808797720663
 20
45.29619977177368
 30
0.0
 41
1.0
 10
544.4681116204422
 20
45.28289044087024
 30
0.0
 41
1.0
 10
544.4561690144191
 20
45.2704613858053
 30
0.0
 41
1.0
 10
544.4453550693006
 20
45.25923362174857
 30
0.0
 41
1.0
 10
544.4356045666565
 20
45.24913360070712
 30
0.0
 41
1.0
 10
544.4265633045415
 20
45.23977858439579
 30
0.0
 41
1.0
 10
544.4177704093032
 20
45.23067241794286
 30
0.0
 41
1.0
 10
544.4088022265217
 20
45.2213601094872
 30
0.0
 41
1.0
 10
544.3994432870685
 20
45.21161143423668
 30
0.0
 41
1.0
 10
544.3898141726322
 20
45.20155833921769
 30
0.0
 41
1.0
 10
544.3801985186609
 20
45.19150961509268
 30
0.0
 41
1.0
 10
544.3708854623953
 20
45.18178226586229
 30
0.0
 41
1.0
 10
544.3620266305207
 20
45.17254816286701
 30
0.0
 41
1.0
 10
544.3534375496243
 20
45.16362185070704
 30
0.0
 41
1.0
 10
544.3446215875098
 20
45.15448418520499
 30
0.0
 41
1.0
 10
544.3350002170194
 20
45.14452473481831
 30
0.0
 41
1.0
 10
544.3240908307155
 20
45.13322845234391
 30
0.0
 41
1.0
 10
544.311695746279
 20
45.12037451513464
 30
0.0
 41
1.0
 10
544.2981136459242
 20
45.1062581517506
 30
0.0
 41
1.0
 10
544.2839756029729
 20
45.0915233821378
 30
0.0
 41
1.0
 10
544.270043809427
 20
45.07695680848662
 30
0.0
 41
1.0
 10
544.2570133080089
 20
45.0632850730107
 30
0.0
 41
1.0
 10
544.2453361387281
 20
45.05099430857242
 30
0.0
 41
1.0
 10
544.2349772083129
 20
45.0400818446014
 30
0.0
 41
1.0
 10
544.2254430523221
 20
45.0300792058708
 30
0.0
 41
1.0
 10
544.2160385653166
 20
45.02030223253946
 30
0.0
 41
1.0
 10
544.2060661067264
 20
45.01004313756688
 30
0.0
 41
1.0
 10
544.1950329393703
 20
44.99877255744593
 30
0.0
 41
1.0
 10
544.1828946881357
 20
44.98637309569467
 30
0.0
 41
1.0
 10
544.1699790256757
 20
44.97308349499171
 30
0.0
 41
1.0
 10
544.1568314774611
 20
44.95937086984618
 30
0.0
 41
1.0
 10
544.1440841008922
 20
44.94582625312901
 30
0.0
 41
1.0
 10
544.1323234221998
 20
44.9330536663318
 30
0.0
 41
1.0
 10
544.1219365398238
 20
44.92155375913959
 30
0.0
 41
1.0
 10
544.1130719740413
 20
44.911648213507
 30
0.0
 41
1.0
 10
544.10566994564
 20
44.90342777358613
 30
0.0
 41
1.0
 10
544.0994729534931
 20
44.89669712808613
 30
0.0
 41
1.0
 10
544.0940408989535
 20
44.89091163702752
 30
0.0
 41
1.0
 10
544.0887746593329
 20
44.8851448045503
 30
0.0
 41
1.0
 10
544.0830718673216
 20
44.87839094429077
 30
0.0
 41
1.0
 10
544.0764676108103
 20
44.86983372565774
 30
0.0
 41
1.0
 10
544.0687891271088
 20
44.85914264263591
 30
0.0
 41
1.0
 10
544.0602818786702
 20
44.84671642568194
 30
0.0
 41
1.0
 10
544.0514247583807
 20
44.83336118447077
 30
0.0
 41
1.0
 10
544.0427585831424
 20
44.81999291614435
 30
0.0
 41
1.0
 10
544.0347238501119
 20
44.80735604351657
 30
0.0
 41
1.0
 10
544.0274608315146
 20
44.79567558036265
 30
0.0
 41
1.0
 10
544.0207361611713
 20
44.78453256502781
 30
0.0
 41
1.0
 10
544.0141466218001
 20
44.77322806176502
 30
0.0
 41
1.0
 10
544.0072748263087
 20
44.76106334267313
 30
0.0
 41
1.0
 10
543.9998461947936
 20
44.74761990211561
 30
0.0
 41
1.0
 10
543.9919303330882
 20
44.73312397374954
 30
0.0
 41
1.0
 10
543.9838725753388
 20
44.71830405669656
 30
0.0
 41
1.0
 10
543.9761128526681
 20
44.70403775855359
 30
0.0
 41
1.0
 10
543.9690348567672
 20
44.69105416756519
 30
0.0
 41
1.0
 10
543.9628164565976
 20
44.67964148255148
 30
0.0
 41
1.0
 10
543.9572433570415
 20
44.66927823899951
 30
0.0
 41
1.0
 10
543.9518335630362
 20
44.65890201211159
 30
0.0
 41
1.0
 10
543.9460420481455
 20
44.64734321910924
 30
0.0
 41
1.0
 10
543.9394244514493
 20
44.63367301766197
 30
0.0
 41
1.0
 10
543.9318490044732
 20
44.61765482902741
 30
0.0
 41
1.0
 10
543.9235877477064
 20
44.59993364410721
 30
0.0
 41
1.0
 10
543.9151210827946
 20
44.58160097395008
 30
0.0
 41
1.0
 10
543.9069968474806
 20
44.56387857864072
 30
0.0
 41
1.0
 10
543.8996684464938
 20
44.54775663259447
 30
0.0
 41
1.0
 10
543.8933403839525
 20
44.53364782425765
 30
0.0
 41
1.0
 10
543.8878147032901
 20
44.52104393667639
 30
0.0
 41
1.0
 10
543.882649115745
 20
44.50888200380205
 30
0.0
 41
1.0
 10
543.8773152740885
 20
44.49591100078592
 30
0.0
 41
1.0
 10
543.8713476066899
 20
44.48103670295928
 30
0.0
 41
1.0
 10
543.8645182602499
 20
44.46372674415194
 30
0.0
 41
1.0
 10
543.8569300829698
 20
44.44422682657553
 30
0.0
 41
1.0
 10
543.8488862116679
 20
44.42326271808383
 30
0.0
 41
1.0
 10
543.8408030625878
 20
44.40184167996257
 30
0.0
 41
1.0
 10
543.8331021864724
 20
44.38100643489377
 30
0.0
 41
1.0
 10
543.8261202944991
 20
44.36162815295226
 30
0.0
 41
1.0
 10
543.8199883713979
 20
44.34413528702926
 30
0.0
 41
1.0
 10
543.8146395194066
 20
44.32850735196517
 30
0.0
 41
1.0
 10
543.8098830110179
 20
44.31440651682812
 30
0.0
 41
1.0
 10
543.8054592850237
 20
44.30126646468238
 30
0.0
 41
1.0
 10
543.8010995822985
 20
44.28839900161527
 30
0.0
 41
1.0
 10
543.7965917773533
 20
44.27509290841747
 30
0.0
 41
1.0
 10
543.7918008227008
 20
44.26071504827213
 30
0.0
 41
1.0
 10
543.7866647241589
 20
44.24480478433906
 30
0.0
 41
1.0
 10
543.7811994146215
 20
44.2271786394108
 30
0.0
 41
1.0
 10
543.7754974503359
 20
44.20801298773987
 30
0.0
 41
1.0
 10
543.7697357110541
 20
44.18798148330054
 30
0.0
 41
1.0
 10
543.7641400671861
 20
44.16808796945282
 30
0.0
 41
1.0
 10
543.7589374014644
 20
44.14940402364869
 30
0.0
 41
1.0
 10
543.7543092665162
 20
44.1328250194212
 30
0.0
 41
1.0
 10
543.7503504780249
 20
44.11884746701758
 30
0.0
 41
1.0
 10
543.7470119252567
 20
44.10726667457275
 30
0.0
 41
1.0
 10
543.7440987404802
 20
44.09715948913479
 30
0.0
 41
1.0
 10
543.7413534451748
 20
44.08730628181054
 30
0.0
 41
1.0
 10
543.7385177306496
 20
44.07650229318086
 30
0.0
 41
1.0
 10
543.7354052643909
 20
44.0639263645955
 30
0.0
 41
1.0
 10
543.7319630205218
 20
44.04944934717626
 30
0.0
 41
1.0
 10
543.7282320371642
 20
44.03341201061238
 30
0.0
 41
1.0
 10
543.7243135448934
 20
44.01643062619719
 30
0.0
 41
1.0
 10
543.7203341383487
 20
43.99919916838712
 30
0.0
 41
1.0
 10
543.7164089308182
 20
43.98227682953724
 30
0.0
 41
1.0
 10
543.7126129602102
 20
43.96593087153959
 30
0.0
 41
1.0
 10
543.7089890495251
 20
43.95021981653528
 30
0.0
 41
1.0
 10
543.7055502225406
 20
43.93504199273721
 30
0.0
 41
1.0
 10
543.7022844400474
 20
43.92019643436817
 30
0.0
 41
1.0
 10
543.6991578800494
 20
43.90544123384628
 30
0.0
 41
1.0
 10
543.6961202555985
 20
43.89054443054888
 30
0.0
 41
1.0
 10
543.6931151449795
 20
43.87529824935057
 30
0.0
 41
1.0
 10
543.6900899847444
 20
43.85954079176315
 30
0.0
 41
1.0
 10
543.6870052805216
 20
43.84317232661764
 30
0.0
 41
1.0
 10
543.6838463315925
 20
43.82617977084116
 30
0.0
 41
1.0
 10
543.6806264504833
 20
43.8086376235087
 30
0.0
 41
1.0
 10
543.677374804831
 20
43.79066771625765
 30
0.0
 41
1.0
 10
543.6741275236212
 20
43.77240760197722
 30
0.0
 41
1.0
 10
543.6709178293382
 20
43.75397648786304
 30
0.0
 41
1.0
 10
543.667765796789
 20
43.73543984799404
 30
0.0
 41
1.0
 10
543.6646706244208
 20
43.71678163586636
 30
0.0
 41
1.0
 10
543.6616185916705
 20
43.69792266192959
 30
0.0
 41
1.0
 10
543.6585889948095
 20
43.67873349671185
 30
0.0
 41
1.0
 10
543.6555610547045
 20
43.65904908929508
 30
0.0
 41
1.0
 10
543.6525199749215
 20
43.63868357255149
 30
0.0
 41
1.0
 10
543.6494644945969
 20
43.61744258232299
 30
0.0
 41
1.0
 10
543.6464057641385
 20
43.59515418324534
 30
0.0
 41
1.0
 10
543.6433638735742
 20
43.57170571861601
 30
0.0
 41
1.0
 10
543.6403651854801
 20
43.5470774330988
 30
0.0
 41
1.0
 10
543.6374393015223
 20
43.52138019719866
 30
0.0
 41
1.0
 10
543.6346162582069
 20
43.49488508283776
 30
0.0
 41
1.0
 10
543.6319234390855
 20
43.46807317985749
 30
0.0
 41
1.0
 10
543.6293839638606
 20
43.4415501751399
 30
0.0
 41
1.0
 10
543.6270153904015
 20
43.41592465850652
 30
0.0
 41
1.0
 10
543.6248283867858
 20
43.39170251239323
 30
0.0
 41
1.0
 10
543.622825245342
 20
43.36916617147203
 30
0.0
 41
1.0
 10
543.6209988580515
 20
43.34827984717556
 30
0.0
 41
1.0
 10
543.6193305104966
 20
43.32853504881342
 30
0.0
 41
1.0
 10
543.6177923100642
 20
43.30902551833801
 30
0.0
 41
1.0
 10
543.6163535534492
 20
43.28871596876972
 30
0.0
 41
1.0
 10
543.6149858834085
 20
43.26665196296715
 30
0.0
 41
1.0
 10
543.613669144439
 20
43.24220242966774
 30
0.0
 41
1.0
 10
543.6123964694444
 20
43.21526847549201
 30
0.0
 41
1.0
 10
543.6111809386243
 20
43.18655883288165
 30
0.0
 41
1.0
 10
543.6100501730253
 20
43.15735783304781
 30
0.0
 41
1.0
 10
543.6090385902239
 20
43.12919472421128
 30
0.0
 41
1.0
 10
543.6081806440192
 20
43.10355535314585
 30
0.0
 41
1.0
 10
543.6075032658517
 20
43.08155789187772
 30
0.0
 41
1.0
 10
543.607019543506
 20
43.06368618563226
 30
0.0
 41
1.0
 10
543.6067196662135
 20
43.0493945072255
 30
0.0
 41
1.0
 10
543.6065713089577
 20
43.03715709371118
 30
0.0
 41
1.0
 10
543.6065309577735
 20
43.02503200324501
 30
0.0
 41
1.0
 10
543.606552667487
 20
43.01110628631626
 30
0.0
 41
1.0
 10
543.6065973048648
 20
42.99395879147134
 30
0.0
 41
1.0
 10
543.6066430288597
 20
42.97319472275667
 30
0.0
 41
1.0
 10
543.6066835884495
 20
42.94930982637986
 30
0.0
 41
1.0
 10
543.6067237172678
 20
42.92339561070505
 30
0.0
 41
1.0
 10
543.6067755699212
 20
42.8969021353938
 30
0.0
 41
1.0
 10
543.6068546409223
 20
42.8713709236397
 30
0.0
 41
1.0
 10
543.6069760960656
 20
42.84819420967458
 30
0.0
 41
1.0
 10
543.6071504279303
 20
42.82832740233693
 30
0.0
 41
1.0
 10
543.6073838151604
 20
42.81233540890205
 30
0.0
 41
1.0
 10
543.6076202706828
 20
42.80286978222918
 30
0.0
 41
1.0
 10
543.6078260542969
 20
42.79768467827338
 30
0.0
 41
1.0
 10
543.6079758847019
 20
42.79507869442454
 30
0.0
 41
1.0
 10
543.608053960187
 20
42.79398838699897
 30
0.0
 41
1.0
  0
LINE
  5
10E
330
70
100
AcDbEntity
  8
Untitled v10_Sketch14
100
AcDbLine
 10
-132.3108889383102
 20
-14.03590006223588
 30
0.0
 11
-128.3108889383102
 21
-20.96410329251142
 31
0.0
  0
LINE
  5
10F
330
70
100
AcDbEntity
  8
Untitled v10_Sketch14
100
AcDbLine
 10
-102.500001527369
 20
-3.741656366257136
 30
0.0
 11
-102.500001527369
 21
-35.00000052154064
 31
0.0
  0
LINE
  5
110
330
70
100
AcDbEntity
  8
Untitled v10_Sketch14
100
AcDbLine
 10
-102.500001527369
 20
3.741656366257136
 30
0.0
 11
-102.500001527369
 21
35.00000067055225
 31
0.0
  0
LINE
  5
111
330
70
100
AcDbEntity
  8
Untitled v10_Sketch14
100
AcDbLine
 10
-96.00000154972077
 20
35.00000067055225
 30
0.0
 11
-97.50000145286321
 21
35.00000067055225
 31
0.0
  0
LINE
  5
112
330
70
100
AcDbEntity
  8
Untitled v10_Sketch14
100
AcDbLine
 10
-120.9641006083163
 20
-28.310890488031
 30
0.0
 11
-114.0358973780408
 21
-32.31089048803101
 31
0.0
  0
SPLINE
  5
113
330
70
100
AcDbEntity
  8
Untitled v10_Sketch14
100
AcDbSpline
210
0.0
220
0.0
230
1.0
 70
    12
 71
     5
 72
    96
 73
    90
 74
     0
 42
0.000000001
 43
0.0000000001
 40
0.0
 40
0.0
 40
0.0
 40
0.0
 40
0.0
 40
0.0
 40
0.011764705882353
 40
0.0235294117647059
 40
0.0352941176470588
 40
0.0470588235294118
 40
0.0588235294117647
 40
0.0705882352941177
 40
0.0823529411764706
 40
0.0941176470588236
 40
0.1058823529411765
 40
0.1176470588235294
 40
0.1294117647058823
 40
0.1411764705882353
 40
0.1529411764705882
 40
0.1647058823529412
 40
0.1764705882352942
 40
0.1882352941176471
 40
0.2000000000000001
 40
0.211764705882353
 40
0.223529411764706
 40
0.2352941176470589
 40
0.2470588235294119
 40
0.2588235294117648
 40
0.2705882352941178
 40
0.2823529411764707
 40
0.2941176470588237
 40
0.3058823529411767
 40
0.3176470588235296
 40
0.3294117647058826
 40
0.3411764705882355
 40
0.3529411764705885
 40
0.3647058823529414
 40
0.3764705882352944
 40
0.3882352941176474
 40
0.4000000000000003
 40
0.4117647058823533
 40
0.4235294117647063
 40
0.4352941176470592
 40
0.4470588235294122
 40
0.4588235294117651
 40
0.4705882352941181
 40
0.482352941176471
 40
0.4941176470588239
 40
0.5058823529411769
 40
0.5176470588235298
 40
0.5294117647058827
 40
0.5411764705882356
 40
0.5529411764705885
 40
0.5647058823529414
 40
0.5764705882352943
 40
0.5882352941176472
 40
0.6000000000000001
 40
0.611764705882353
 40
0.6235294117647059
 40
0.6352941176470588
 40
0.6470588235294117
 40
0.6588235294117646
 40
0.6705882352941175
 40
0.6823529411764704
 40
0.6941176470588233
 40
0.7058823529411762
 40
0.7176470588235291
 40
0.729411764705882
 40
0.7411764705882349
 40
0.7529411764705878
 40
0.7647058823529407
 40
0.7764705882352936
 40
0.7882352941176465
 40
0.7999999999999994
 40
0.8117647058823521
 40
0.823529411764705
 40
0.8352941176470579
 40
0.8470588235294108
 40
0.8588235294117637
 40
0.8705882352941166
 40
0.8823529411764695
 40
0.8941176470588224
 40
0.9058823529411753
 40
0.9176470588235282
 40
0.9294117647058811
 40
0.941176470588234
 40
0.9529411764705869
 40
0.9647058823529398
 40
0.9764705882352927
 40
0.9882352941176456
 40
1.0
 40
1.0
 40
1.0
 40
1.0
 40
1.0
 40
1.0
 10
543.1184194815848
 20
56.81207382894114
 30
0.0
 41
1.0
 10
543.1184857223938
 20
56.80414472034095
 30
0.0
 41
1.0
 10
543.1187376748551
 20
56.78783036165369
 30
0.0
 41
1.0
 10
543.1194740150399
 20
56.76199040407476
 30
0.0
 41
1.0
 10
543.1211727954616
 20
56.72479962892097
 30
0.0
 41
1.0
 10
543.124489940668
 20
56.67377155118476
 30
0.0
 41
1.0
 10
543.1289953461674
 20
56.61827793246465
 30
0.0
 41
1.0
 10
543.134676677334
 20
56.55847299717464
 30
0.0
 41
1.0
 10
543.1415129098992
 20
56.49461508493001
 30
0.0
 41
1.0
 10
543.1494699710002
 20
56.42710288117076
 30
0.0
 41
1.0
 10
543.1585049441705
 20
56.35647125926205
 30
0.0
 41
1.0
 10
543.1685833396322
 20
56.28332492891511
 30
0.0
 41
1.0
 10
543.1796935883247
 20
56.20828609568788
 30
0.0
 41
1.0
 10
543.1918620313878
 20
56.13193802821671
 30
0.0
 41
1.0
 10
543.2051691913577
 20
56.05476687735595
 30
0.0
 41
1.0
 10
543.2197621153061
 20
55.97711231095567
 30
0.0
 41
1.0
 10
543.235876944871
 20
55.89909406355236
 30
0.0
 41
1.0
 10
543.2538227550739
 20
55.82063049465951
 30
0.0
 41
1.0
 10
543.2739297203941
 20
55.74154203447115
 30
0.0
 41
1.0
 10
543.2965071007638
 20
55.66163117124159
 30
0.0
 41
1.0
 10
543.3217973747935
 20
55.5807716468545
 30
0.0
 41
1.0
 10
543.349931539743
 20
55.49899458813676
 30
0.0
 41
1.0
 10
543.3808847924882
 20
55.41657414587149
 30
0.0
 41
1.0
 10
543.4144295537435
 20
55.33411817240772
 30
0.0
 41
1.0
 10
543.4500961376214
 20
55.25264385958038
 30
0.0
 41
1.0
 10
543.4872530254185
 20
55.17341772969936
 30
0.0
 41
1.0
 10
543.5251799081243
 20
55.09780989842663
 30
0.0
 41
1.0
 10
543.5631439906284
 20
55.02714166280425
 30
0.0
 41
1.0
 10
543.6004734384298
 20
54.96253909007506
 30
0.0
 41
1.0
 10
543.6366354172559
 20
54.90477649036392
 30
0.0
 41
1.0
 10
543.6713044558608
 20
54.85414124386228
 30
0.0
 41
1.0
 10
543.7044553148395
 20
54.81024432090491
 30
0.0
 41
1.0
 10
543.73631523453
 20
54.77214206959587
 30
0.0
 41
1.0
 10
543.7672722370229
 20
54.73855477538363
 30
0.0
 41
1.0
 10
543.7977965077835
 20
54.70805733307643
 30
0.0
 41
1.0
 10
543.8283601904597
 20
54.67927101486241
 30
0.0
 41
1.0
 10
543.8593488074758
 20
54.65107963890506
 30
0.0
 41
1.0
 10
543.8910060191476
 20
54.62275383413174
 30
0.0
 41
1.0
 10
543.923458236157
 20
54.59385781762515
 30
0.0
 41
1.0
 10
543.9567229030069
 20
54.56419953962321
 30
0.0
 41
1.0
 10
543.9907234441808
 20
54.53376524355204
 30
0.0
 41
1.0
 10
544.0253006460086
 20
54.50265745154077
 30
0.0
 41
1.0
 10
544.0602273856722
 20
54.47104204921772
 30
0.0
 41
1.0
 10
544.0952323765181
 20
54.43914852797982
 30
0.0
 41
1.0
 10
544.130022517131
 20
54.40726180022597
 30
0.0
 41
1.0
 10
544.1643061532342
 20
54.37571814558809
 30
0.0
 41
1.0
 10
544.1978150114696
 20
54.34489768008042
 30
0.0
 41
1.0
 10
544.2303292241696
 20
54.31522307805708
 30
0.0
 41
1.0
 10
544.261662001652
 20
54.287083374235
 30
0.0
 41
1.0
 10
544.2916410461527
 20
54.26075242408312
 30
0.0
 41
1.0
 10
544.3200904694605
 20
54.23630662410182
 30
0.0
 41
1.0
 10
544.3468140784593
 20
54.21354862983569
 30
0.0
 41
1.0
 10
544.3715737297323
 20
54.19191235144594
 30
0.0
 41
1.0
 10
544.3941441571414
 20
54.17063087575418
 30
0.0
 41
1.0
 10
544.4143807190321
 20
54.14894011216134
 30
0.0
 41
1.0
 10
544.4322724441358
 20
54.12625073556511
 30
0.0
 41
1.0
 10
544.448025385993
 20
54.10237822211946
 30
0.0
 41
1.0
 10
544.4620473462394
 20
54.07758911603162
 30
0.0
 41
1.0
 10
544.4747864139897
 20
54.05237993452648
 30
0.0
 41
1.0
 10
544.48660841109
 20
54.02732292463867
 30
0.0
 41
1.0
 10
544.4976504722042
 20
54.00287963470525
 30
0.0
 41
1.0
 10
544.5077075952317
 20
53.97924331652405
 30
0.0
 41
1.0
 10
544.5164077919954
 20
53.95637721314439
 30
0.0
 41
1.0
 10
544.5233696009311
 20
53.93403825963772
 30
0.0
 41
1.0
 10
544.528360839756
 20
53.91180975825633
 30
0.0
 41
1.0
 10
544.531471155636
 20
53.88911968254223
 30
0.0
 41
1.0
 10
544.5330166460097
 20
53.86550459348142
 30
0.0
 41
1.0
 10
544.5334208388589
 20
53.84091475254303
 30
0.0
 41
1.0
 10
544.5331087663016
 20
53.81596141041429
 30
0.0
 41
1.0
 10
544.532384412907
 20
53.79230026648024
 30
0.0
 41
1.0
 10
544.5314113624332
 20
53.77192763776519
 30
0.0
 41
1.0
 10
544.5302095230885
 20
53.75622079823735
 30
0.0
 41
1.0
 10
544.5286516982088
 20
53.74515109965035
 30
0.0
 41
1.0
 10
544.5264463200831
 20
53.73620965249506
 30
0.0
 41
1.0
 10
544.5232660934705
 20
53.72577581532889
 30
0.0
 41
1.0
 10
544.5188803062237
 20
53.7106549132039
 30
0.0
 41
1.0
 10
544.5133172441132
 20
53.68983583770972
 30
0.0
 41
1.0
 10
544.5069145210805
 20
53.66527312693058
 30
0.0
 41
1.0
 10
544.5000817108414
 20
53.64013647089198
 30
0.0
 41
1.0
 10
544.4931315709753
 20
53.61763444053988
 30
0.0
 41
1.0
 10
544.4860584548347
 20
53.59945549075511
 30
0.0
 41
1.0
 10
544.4784172602806
 20
53.58484474928516
 30
0.0
 41
1.0
 10
544.4695469908638
 20
53.57173301613279
 30
0.0
 41
1.0
 10
544.4587279759617
 20
53.55749152240479
 30
0.0
 41
1.0
 10
544.4453932951605
 20
53.53996274548757
 30
0.0
 41
1.0
 10
544.4292194439439
 20
53.51792326510772
 30
0.0
 41
1.0
 10
544.4138767293269
 20
53.4961770405497
 30
0.0
 41
1.0
 10
544.4009943548556
 20
53.47746313210027
 30
0.0
 41
1.0
 10
544.3917948759296
 20
53.46391840276074
 30
0.0
 41
1.0
 10
544.3870423352291
 20
53.4568788681878
 30
0.0
 41
1.0
  0
ARC
  5
114
330
70
100
AcDbEntity
  8
Untitled v10_Sketch14
100
AcDbCircle
 10
548.901769081939
 20
50.02954521517175
 30
0.0
 40
8.897470038103245
100
AcDbArc
 50
161.1702087838063
 51
166.8483967970676
  0
ARC
  5
115
330
70
100
AcDbEntity
  8
Untitled v10_Sketch14
100
AcDbCircle
 10
548.9378968841172
 20
50.081646216942
 30
0.0
 40
8.897470038102909
100
AcDbArc
 50
125.1702087838066
 51
130.8483967970685
  0
ARC
  5
116
330
70
100
AcDbEntity
  8
Untitled v10_Sketch14
100
AcDbCircle
 10
-100.0
 20
0.0
 30
0.0
 40
44.99999999999999
100
AcDbArc
 50
245.0996908952248
 51
264.9003130667901
  0
LINE
  5
117
330
70
100
AcDbEntity
  8
Untitled v10_Sketch14
100
AcDbLine
 10
-97.50000145286321
 20
-35.00000052154064
 30
0.0
 11
-95.99999845027923
 21
-35.00000067055225
 31
0.0
  0
ARC
  5
118
330
70
100
AcDbEntity
  8
Untitled v10_Sketch14
100
AcDbCircle
 10
548.9415521688747
 20
49.91569955334583
 30
0.0
 40
8.897470038103222
100
AcDbArc
 50
233.1702087838062
 51
238.8483967970676
  0
ARC
  5
119
330
70
100
AcDbEntity
  8
Untitled v10_Sketch14
100
AcDbCircle
 10
-100.0
 20
0.0
 30
0.0
 40
45.0
100
AcDbArc
 50
185.0996908952248
 51
204.9003130667901
  0
SPLINE
  5
11A
330
70
100
AcDbEntity
  8
Untitled v10_Sketch14
100
AcDbSpline
210
0.0
220
0.0
230
1.0
 70
    12
 71
     5
 72
    96
 73
    90
 74
     0
 42
0.000000001
 43
0.0000000001
 40
0.0
 40
0.0
 40
0.0
 40
0.0
 40
0.0
 40
0.0
 40
0.011764705882353
 40
0.0235294117647059
 40
0.0352941176470588
 40
0.0470588235294118
 40
0.0588235294117647
 40
0.0705882352941177
 40
0.0823529411764706
 40
0.0941176470588236
 40
0.1058823529411765
 40
0.1176470588235294
 40
0.1294117647058823
 40
0.1411764705882353
 40
0.1529411764705882
 40
0.1647058823529412
 40
0.1764705882352942
 40
0.1882352941176471
 40
0.2000000000000001
 40
0.211764705882353
 40
0.223529411764706
 40
0.2352941176470589
 40
0.2470588235294119
 40
0.2588235294117648
 40
0.2705882352941178
 40
0.2823529411764707
 40
0.2941176470588237
 40
0.3058823529411767
 40
0.3176470588235296
 40
0.3294117647058826
 40
0.3411764705882355
 40
0.3529411764705885
 40
0.3647058823529414
 40
0.3764705882352944
 40
0.3882352941176474
 40
0.4000000000000003
 40
0.4117647058823533
 40
0.4235294117647063
 40
0.4352941176470592
 40
0.4470588235294122
 40
0.4588235294117651
 40
0.4705882352941181
 40
0.482352941176471
 40
0.4941176470588239
 40
0.5058823529411769
 40
0.5176470588235298
 40
0.5294117647058827
 40
0.5411764705882356
 40
0.5529411764705885
 40
0.5647058823529414
 40
0.5764705882352943
 40
0.5882352941176472
 40
0.6000000000000001
 40
0.611764705882353
 40
0.6235294117647059
 40
0.6352941176470588
 40
0.6470588235294117
 40
0.6588235294117646
 40
0.6705882352941175
 40
0.6823529411764704
 40
0.6941176470588233
 40
0.7058823529411762
 40
0.7176470588235291
 40
0.729411764705882
 40
0.7411764705882349
 40
0.7529411764705878
 40
0.7647058823529407
 40
0.7764705882352936
 40
0.7882352941176465
 40
0.7999999999999994
 40
0.8117647058823521
 40
0.823529411764705
 40
0.8352941176470579
 40
0.8470588235294108
 40
0.8588235294117637
 40
0.8705882352941166
 40
0.8823529411764695
 40
0.8941176470588224
 40
0.9058823529411753
 40
0.9176470588235282
 40
0.9294117647058811
 40
0.941176470588234
 40
0.9529411764705869
 40
0.9647058823529398
 40
0.9764705882352927
 40
0.9882352941176456
 40
1.0
 40
1.0
 40
1.0
 40
1.0
 40
1.0
 40
1.0
 10
549.7542772960305
 20
41.03180675586045
 30
0.0
 41
1.0
 10
549.7588843191894
 20
41.03826047483888
 30
0.0
 41
1.0
 10
549.7682698248033
 20
41.05160716221021
 30
0.0
 41
1.0
 10
549.7828624590649
 20
41.0729449369268
 30
0.0
 41
1.0
 10
549.8033483059908
 20
41.104031424139
 30
0.0
 41
1.0
 10
549.8306582306923
 20
41.14726377524988
 30
0.0
 41
1.0
 10
549.8596316117566
 20
41.19480726678197
 30
0.0
 41
1.0
 10
549.89018777727
 20
41.24652987845216
 30
0.0
 41
1.0
 10
549.9221918880068
 20
41.30221025136648
 30
0.0
 41
1.0
 10
549.9554371680703
 20
41.36150581470218
 30
0.0
 41
1.0
 10
549.9896439469352
 20
41.42395862115094
 30
0.0
 41
1.0
 10
550.0244846879678
 20
41.48905917769699
 30
0.0
 41
1.0
 10
550.0596030274842
 20
41.55629730934659
 30
0.0
 41
1.0
 10
550.0946348183516
 20
41.62521662479427
 30
0.0
 41
1.0
 10
550.1292291641674
 20
41.69547114969635
 30
0.0
 41
1.0
 10
550.1630674495989
 20
41.76687251908969
 30
0.0
 41
1.0
 10
550.1958882538527
 20
41.83946266627181
 30
0.0
 41
1.0
 10
550.2274895170582
 20
41.91348930952305
 30
0.0
 41
1.0
 10
550.2577096709341
 20
41.98929179555797
 30
0.0
 41
1.0
 10
550.2864146134308
 20
42.06721169316253
 30
0.0
 41
1.0
 10
550.3134823878906
 20
42.14749367264985
 30
0.0
 41
1.0
 10
550.3387887194141
 20
42.23018955014538
 30
0.0
 41
1.0
 10
550.362192532363
 20
42.31506295409605
 30
0.0
 41
1.0
 10
550.3835206556005
 20
42.40148835387351
 30
0.0
 41
1.0
 10
550.4025551826327
 20
42.48836674955889
 30
0.0
 41
1.0
 10
550.4190625796869
 20
42.57430230569944
 30
0.0
 41
1.0
 10
550.4328202552142
 20
42.65776318842682
 30
0.0
 41
1.0
 10
550.4436444139968
 20
42.73724971982051
 30
0.0
 41
1.0
 10
550.4514166958452
 20
42.81145599793266
 30
0.0
 41
1.0
 10
550.4561130446689
 20
42.87944240058592
 30
0.0
 41
1.0
 10
550.4578278543989
 20
42.94078512512324
 30
0.0
 41
1.0
 10
550.4568102100424
 20
42.99578406780508
 30
0.0
 41
1.0
 10
550.4534309349719
 20
43.0453362275713
 30
0.0
 41
1.0
 10
550.4481283100626
 20
43.09070498890456
 30
0.0
 41
1.0
 10
550.4413596030972
 20
43.13331965420616
 30
0.0
 41
1.0
 10
550.4335532377155
 20
43.17457315677966
 30
0.0
 41
1.0
 10
550.4250533949468
 20
43.21559511109491
 30
0.0
 41
1.0
 10
550.4160916630148
 20
43.25711881068528
 30
0.0
 41
1.0
 10
550.4068219203018
 20
43.29957111367114
 30
0.0
 41
1.0
 10
550.3973429379259
 20
43.3431176451954
 30
0.0
 41
1.0
 10
550.3877247526927
 20
43.38772452460084
 30
0.0
 41
1.0
 10
550.3780359101718
 20
43.4332152262953
 30
0.0
 41
1.0
 10
550.3683626514566
 20
43.47932204654355
 30
0.0
 41
1.0
 10
550.3587895604018
 20
43.52569986461134
 30
0.0
 41
1.0
 10
550.3493862937266
 20
43.57194590083665
 30
0.0
 41
1.0
 10
550.3401911444897
 20
43.61761666919989
 30
0.0
 41
1.0
 10
550.3311977238094
 20
43.66224696226204
 30
0.0
 41
1.0
 10
550.3223354666134
 20
43.70536559431513
 30
0.0
 41
1.0
 10
550.3135268200595
 20
43.74654803744149
 30
0.0
 41
1.0
 10
550.3047502077617
 20
43.78547146382764
 30
0.0
 41
1.0
 10
550.2961030215349
 20
43.8219706829102
 30
0.0
 41
1.0
 10
550.2878599811051
 20
43.8560900302869
 30
0.0
 41
1.0
 10
550.2805464878024
 20
43.88814750506945
 30
0.0
 41
1.0
 10
550.2747955660169
 20
43.91863114493837
 30
0.0
 41
1.0
 10
550.2711733544904
 20
43.9480740939425
 30
0.0
 41
1.0
 10
550.2700351257699
 20
43.97694667735457
 30
0.0
 41
1.0
 10
550.2713226394345
 20
44.00551929333449
 30
0.0
 41
1.0
 10
550.2745493062767
 20
44.03381600287595
 30
0.0
 41
1.0
 10
550.2790607690851
 20
44.06169849527952
 30
0.0
 41
1.0
 10
550.2842247134022
 20
44.08891883765512
 30
0.0
 41
1.0
 10
550.2896589036484
 20
44.11518423528754
 30
0.0
 41
1.0
 10
550.29541559945
 20
44.14021784697663
 30
0.0
 41
1.0
 10
550.3018173507577
 20
44.16383076055566
 30
0.0
 41
1.0
 10
550.3093156364401
 20
44.18599540220078
 30
0.0
 41
1.0
 10
550.3183432247001
 20
44.20691241414974
 30
0.0
 41
1.0
 10
550.3291638181735
 20
44.22709726881038
 30
0.0
 41
1.0
 10
550.3417940912779
 20
44.24711069363354
 30
0.0
 41
1.0
 10
550.3559206382537
 20
44.26724187143747
 30
0.0
 41
1.0
 10
550.3708403167548
 20
44.28724611763925
 30
0.0
 41
1.0
 10
550.3853340024179
 20
44.30596262094539
 30
0.0
 41
1.0
 10
550.3980959474967
 20
44.32187247907773
 30
0.0
 41
1.0
 10
550.4083005045856
 20
44.3338731557413
 30
0.0
 41
1.0
 10
550.4160674169644
 20
44.34191306353078
 30
0.0
 41
1.0
 10
550.4231072561191
 20
44.34785055749571
 30
0.0
 41
1.0
 10
550.4318129691058
 20
44.35442241877783
 30
0.0
 41
1.0
 10
550.4442489887925
 20
44.36407758450393
 30
0.0
 41
1.0
 10
550.4609867461225
 20
44.37765068451973
 30
0.0
 41
1.0
 10
550.4806042570187
 20
44.39375890879482
 30
0.0
 41
1.0
 10
550.5009070723328
 20
44.41007866562156
 30
0.0
 41
1.0
 10
550.5197562151853
 20
44.42419800086973
 30
0.0
 41
1.0
 10
550.5361638049318
 20
44.43474760683027
 30
0.0
 41
1.0
 10
550.5509336395447
 20
44.44207656351103
 30
0.0
 41
1.0
 10
550.5658167216266
 20
44.44747036490994
 30
0.0
 41
1.0
 10
550.5829404285285
 20
44.45263271795749
 30
0.0
 41
1.0
 10
550.6040315684739
 20
44.45897586765518
 30
0.0
 41
1.0
 10
550.6300709705081
 20
44.46729943061168
 30
0.0
 41
1.0
 10
550.6552655974615
 20
44.47587427446062
 30
0.0
 41
1.0
 10
550.6766874167358
 20
44.48344207469872
 30
0.0
 41
1.0
 10
550.6920913436784
 20
44.48899267287711
 30
0.0
 41
1.0
 10
550.7000739644765
 20
44.49189430264443
 30
0.0
 41
1.0
  0
ARC
  5
11B
330
70
100
AcDbEntity
  8
Untitled v10_Sketch14
100
AcDbCircle
 10
549.002267270956
 20
49.89744006663595
 30
0.0
 40
8.89747003810322
100
AcDbArc
 50
269.1702087838059
 51
274.8483967970674
  0
ARC
  5
11C
330
70
100
AcDbEntity
  8
Untitled v10_Sketch14
100
AcDbCircle
 10
549.0000081807375
 20
50.00000074505805
 30
0.0
 40
5.764499999999945
100
AcDbArc
 50
71.15273449876909
 51
77.44652745456541
  0
SPLINE
  5
11D
330
70
100
AcDbEntity
  8
Untitled v10_Sketch14
100
AcDbSpline
210
0.0
220
0.0
230
1.0
 70
    12
 71
     5
 72
    86
 73
    80
 74
     0
 42
0.000000001
 43
0.0000000001
 40
0.0
 40
0.0
 40
0.0
 40
0.0
 40
0.0
 40
0.0
 40
0.0133333333333333
 40
0.0266666666666667
 40
0.04
 40
0.0533333333333333
 40
0.0666666666666667
 40
0.08
 40
0.0933333333333334
 40
0.1066666666666667
 40
0.12
 40
0.1333333333333333
 40
0.1466666666666667
 40
0.16
 40
0.1733333333333333
 40
0.1866666666666667
 40
0.2
 40
0.2133333333333333
 40
0.2266666666666667
 40
0.24
 40
0.2533333333333334
 40
0.2666666666666666
 40
0.28
 40
0.2933333333333333
 40
0.3066666666666666
 40
0.3199999999999999
 40
0.3333333333333332
 40
0.3466666666666665
 40
0.3599999999999998
 40
0.3733333333333331
 40
0.3866666666666665
 40
0.3999999999999997
 40
0.4133333333333331
 40
0.4266666666666664
 40
0.4399999999999997
 40
0.453333333333333
 40
0.4666666666666663
 40
0.4799999999999997
 40
0.493333333333333
 40
0.5066666666666663
 40
0.5199999999999996
 40
0.5333333333333329
 40
0.5466666666666662
 40
0.5599999999999996
 40
0.5733333333333328
 40
0.5866666666666661
 40
0.5999999999999995
 40
0.6133333333333328
 40
0.6266666666666661
 40
0.6399999999999994
 40
0.6533333333333326
 40
0.666666666666666
 40
0.6799999999999993
 40
0.6933333333333326
 40
0.706666666666666
 40
0.7199999999999993
 40
0.7333333333333325
 40
0.7466666666666658
 40
0.7599999999999991
 40
0.7733333333333325
 40
0.7866666666666658
 40
0.7999999999999991
 40
0.8133333333333323
 40
0.8266666666666656
 40
0.8399999999999989
 40
0.8533333333333322
 40
0.8666666666666655
 40
0.8799999999999988
 40
0.8933333333333322
 40
0.9066666666666655
 40
0.9199999999999988
 40
0.9333333333333321
 40
0.9466666666666654
 40
0.9599999999999987
 40
0.973333333333332
 40
0.9866666666666652
 40
1.0
 40
1.0
 40
1.0
 40
1.0
 40
1.0
 40
1.0
 10
529.5178988883523
 20
28.94441383541547
 30
0.0
 41
1.0
 10
529.5026012392415
 20
28.95457451193948
 30
0.0
 41
1.0
 10
529.4725062096092
 20
28.97460220073423
 30
0.0
 41
1.0
 10
529.4288644751823
 20
29.00376273850522
 30
0.0
 41
1.0
 10
529.373677947922
 20
29.04088097778093
 30
0.0
 41
1.0
 10
529.3096681565503
 20
29.08436152611134
 30
0.0
 41
1.0
 10
529.2505301517958
 20
29.12499102207437
 30
0.0
 41
1.0
 10
529.1960553340975
 20
29.16290501197139
 30
0.0
 41
1.0
 10
529.1458874166413
 20
29.19833458208156
 30
0.0
 41
1.0
 10
529.0994917986049
 20
29.23162625622439
 30
0.0
 41
1.0
 10
529.0560997341576
 20
29.26327769833691
 30
0.0
 41
1.0
 10
529.0147503582527
 20
29.29391206505098
 30
0.0
 41
1.0
 10
528.9744100943871
 20
29.32420385487717
 30
0.0
 41
1.0
 10
528.9340720667623
 20
29.35481728158105
 30
0.0
 41
1.0
 10
528.8928587658686
 20
29.38634264899445
 30
0.0
 41
1.0
 10
528.8501352202452
 20
29.4192260561276
 30
0.0
 41
1.0
 10
528.8055816686367
 20
29.45372476749203
 30
0.0
 41
1.0
 10
528.7591005937024
 20
29.48996769349538
 30
0.0
 41
1.0
 10
528.710750918135
 20
29.52799847578237
 30
0.0
 41
1.0
 10
528.6606687928713
 20
29.56782750908619
 30
0.0
 41
1.0
 10
528.609001100951
 20
29.60947491750183
 30
0.0
 41
1.0
 10
528.5558165322592
 20
29.65303020622588
 30
0.0
 41
1.0
 10
528.5010962121386
 20
29.698652146452
 30
0.0
 41
1.0
 10
528.4447936524974
 20
29.74651644965174
 30
0.0
 41
1.0
 10
528.3868752410638
 20
29.79677810327164
 30
0.0
 41
1.0
 10
528.3273688842258
 20
29.84952753732628
 30
0.0
 41
1.0
 10
528.2664088388478
 20
29.90474966955006
 30
0.0
 41
1.0
 10
528.2042832212863
 20
29.96228084138465
 30
0.0
 41
1.0
 10
528.141477981776
 20
30.02176855909944
 30
0.0
 41
1.0
 10
528.0786164050388
 20
30.08271572325217
 30
0.0
 41
1.0
 10
528.0164015256907
 20
30.14452249460294
 30
0.0
 41
1.0
 10
527.9555574311401
 20
30.20652894138781
 30
0.0
 41
1.0
 10
527.8967714057078
 20
30.26805715413324
 30
0.0
 41
1.0
 10
527.8406349296463
 20
30.32845379394718
 30
0.0
 41
1.0
 10
527.7875868420916
 20
30.3871318928239
 30
0.0
 41
1.0
 10
527.7378505566288
 20
30.44361460071865
 30
0.0
 41
1.0
 10
527.6914754879493
 20
30.49754736650165
 30
0.0
 41
1.0
 10
527.64838579927
 20
30.54870865121646
 30
0.0
 41
1.0
 10
527.6084252100944
 20
30.59702037159209
 30
0.0
 41
1.0
 10
527.5714058289353
 20
30.64256082755559
 30
0.0
 41
1.0
 10
527.5371493424771
 20
30.68557166163128
 30
0.0
 41
1.0
 10
527.5055465694187
 20
30.72648081318114
 30
0.0
 41
1.0
 10
527.4765048775162
 20
30.76582718114178
 30
0.0
 41
1.0
 10
527.4498680581388
 20
30.80416053080764
 30
0.0
 41
1.0
 10
527.4253390560044
 20
30.84194530213413
 30
0.0
 41
1.0
 10
527.4024156224026
 20
30.87947280925913
 30
0.0
 41
1.0
 10
527.3802845097199
 20
30.91674444685427
 30
0.0
 41
1.0
 10
527.3578987375723
 20
30.95348441020626
 30
0.0
 41
1.0
 10
527.3341681517572
 20
30.98923373725963
 30
0.0
 41
1.0
 10
527.3081197084097
 20
31.02342068641828
 30
0.0
 41
1.0
 10
527.2790614330932
 20
31.05543824702135
 30
0.0
 41
1.0
 10
527.2467679071971
 20
31.08472487801045
 30
0.0
 41
1.0
 10
527.2115185398289
 20
31.11080567687694
 30
0.0
 41
1.0
 10
527.1740747424833
 20
31.13331685995629
 30
0.0
 41
1.0
 10
527.1356856801118
 20
31.15203685747314
 30
0.0
 41
1.0
 10
527.0980648535799
 20
31.166912719757
 30
0.0
 41
1.0
 10
527.0634280661338
 20
31.17809421069442
 30
0.0
 41
1.0
 10
527.0339527289537
 20
31.18591538812961
 30
0.0
 41
1.0
 10
527.0110719456608
 20
31.1908721215303
 30
0.0
 41
1.0
 10
526.9949544199794
 20
31.19359325621453
 30
0.0
 41
1.0
 10
526.9835960891826
 20
31.1948337775955
 30
0.0
 41
1.0
 10
526.9733585661207
 20
31.19537887154546
 30
0.0
 41
1.0
 10
526.9607752676302
 20
31.19586701055059
 30
0.0
 41
1.0
 10
526.9439515028753
 20
31.19664132077339
 30
0.0
 41
1.0
 10
526.9242555332994
 20
31.19757509505401
 30
0.0
 41
1.0
 10
526.9046932305655
 20
31.19827260033755
 30
0.0
 41
1.0
 10
526.8882455779685
 20
31.19827610288372
 30
0.0
 41
1.0
 10
526.8760536286006
 20
31.19728802694333
 30
0.0
 41
1.0
 10
526.8661531155828
 20
31.19533564383392
 30
0.0
 41
1.0
 10
526.8554126420999
 20
31.19260692783136
 30
0.0
 41
1.0
 10
526.8408966277928
 20
31.18934015818727
 30
0.0
 41
1.0
 10
526.8218190865188
 20
31.1856669809428
 30
0.0
 41
1.0
 10
526.7995525810885
 20
31.18159376176731
 30
0.0
 41
1.0
 10
526.7764452107088
 20
31.17706437388996
 30
0.0
 41
1.0
 10
526.7550612836466
 20
31.17199569719496
 30
0.0
 41
1.0
 10
526.7370865752972
 20
31.16633166221799
 30
0.0
 41
1.0
 10
526.7260753546382
 20
31.16130338023925
 30
0.0
 41
1.0
 10
526.7198369439107
 20
31.15724858055302
 30
0.0
 41
1.0
 10
526.7165747888882
 20
31.15441940974794
 30
0.0
 41
1.0
 10
526.715167950095
 20
31.15297332976308
 30
0.0
 41
1.0
  0
SPLINE
  5
11E
330
70
100
AcDbEntity
  8
Untitled v10_Sketch14
100
AcDbSpline
210
0.0
220
0.0
230
1.0
 70
    12
 71
     5
 72
    86
 73
    80
 74
     0
 42
0.000000001
 43
0.0000000001
 40
0.0
 40
0.0
 40
0.0
 40
0.0
 40
0.0
 40
0.0
 40
0.0133333333333333
 40
0.0266666666666667
 40
0.04
 40
0.0533333333333333
 40
0.0666666666666667
 40
0.08
 40
0.0933333333333334
 40
0.1066666666666667
 40
0.12
 40
0.1333333333333333
 40
0.1466666666666667
 40
0.16
 40
0.1733333333333333
 40
0.1866666666666667
 40
0.2
 40
0.2133333333333333
 40
0.2266666666666667
 40
0.24
 40
0.2533333333333334
 40
0.2666666666666666
 40
0.28
 40
0.2933333333333333
 40
0.3066666666666666
 40
0.3199999999999999
 40
0.3333333333333332
 40
0.3466666666666665
 40
0.3599999999999998
 40
0.3733333333333331
 40
0.3866666666666665
 40
0.3999999999999997
 40
0.4133333333333331
 40
0.4266666666666664
 40
0.4399999999999997
 40
0.453333333333333
 40
0.4666666666666663
 40
0.4799999999999997
 40
0.493333333333333
 40
0.5066666666666663
 40
0.5199999999999996
 40
0.5333333333333329
 40
0.5466666666666662
 40
0.5599999999999996
 40
0.5733333333333328
 40
0.5866666666666661
 40
0.5999999999999995
 40
0.6133333333333328
 40
0.6266666666666661
 40
0.6399999999999994
 40
0.6533333333333326
 40
0.666666666666666
 40
0.6799999999999993
 40
0.6933333333333326
 40
0.706666666666666
 40
0.7199999999999993
 40
0.7333333333333325
 40
0.7466666666666658
 40
0.7599999999999991
 40
0.7733333333333325
 40
0.7866666666666658
 40
0.7999999999999991
 40
0.8133333333333323
 40
0.8266666666666656
 40
0.8399999999999989
 40
0.8533333333333322
 40
0.8666666666666655
 40
0.8799999999999988
 40
0.8933333333333322
 40
0.9066666666666655
 40
0.9199999999999988
 40
0.9333333333333321
 40
0.9466666666666654
 40
0.9599999999999987
 40
0.973333333333332
 40
0.9866666666666652
 40
1.0
 40
1.0
 40
1.0
 40
1.0
 40
1.0
 40
1.0
 10
537.0862036159851
 20
35.4495133553705
 30
0.0
 41
1.0
 10
537.0680957986668
 20
35.45257348080945
 30
0.0
 41
1.0
 10
537.0324566261395
 20
35.45862893360905
 30
0.0
 41
1.0
 10
536.9807272586468
 20
35.46751771787328
 30
0.0
 41
1.0
 10
536.9152145093052
 20
35.47898053391847
 30
0.0
 41
1.0
 10
536.8390535228861
 20
35.49266686367503
 30
0.0
 41
1.0
 10
536.7685027624706
 20
35.50573016162616
 30
0.0
 41
1.0
 10
536.7033165312301
 20
35.51820941039502
 30
0.0
 41
1.0
 10
536.6430753537064
 20
35.53017080289912
 30
0.0
 41
1.0
 10
536.5871499038115
 20
35.54171346265612
 30
0.0
 41
1.0
 10
536.5346354791246
 20
35.5529793511964
 30
0.0
 41
1.0
 10
536.4844008251102
 20
35.56414693140702
 30
0.0
 41
1.0
 10
536.4352273793892
 20
35.5754119949011
 30
0.0
 41
1.0
 10
536.3859251550717
 20
35.58697179786492
 30
0.0
 41
1.0
 10
536.3354524091322
 20
35.59900869441023
 30
0.0
 41
1.0
 10
536.2830476214634
 20
35.61167195010142
 30
0.0
 41
1.0
 10
536.2283140367187
 20
35.62506652914458
 30
0.0
 41
1.0
 10
536.1711101357884
 20
35.63927053318132
 30
0.0
 41
1.0
 10
536.1114719965744
 20
35.6543477968561
 30
0.0
 41
1.0
 10
536.0495197712277
 20
35.6703631938052
 30
0.0
 41
1.0
 10
535.9853794588751
 20
35.68739485101872
 30
0.0
 41
1.0
 10
535.9190774058061
 20
35.70555247425581
 30
0.0
 41
1.0
 10
535.8505317911013
 20
35.72497343120439
 30
0.0
 41
1.0
 10
535.7796286774807
 20
35.74579933387071
 30
0.0
 41
1.0
 10
535.7062743195329
 20
35.76815809898989
 30
0.0
 41
1.0
 10
535.6304574298111
 20
35.79214368904182
 30
0.0
 41
1.0
 10
535.5523067925742
 20
35.81779693287743
 30
0.0
 41
1.0
 10
535.4721521811434
 20
35.84508550844376
 30
0.0
 41
1.0
 10
535.390580905265
 20
35.87388505046164
 30
0.0
 41
1.0
 10
535.308364552424
 20
35.90399494872905
 30
0.0
 41
1.0
 10
535.2263893532993
 20
35.93515317277266
 30
0.0
 41
1.0
 10
535.1455852130839
 20
35.96705135780908
 30
0.0
 41
1.0
 10
535.0668557278709
 20
35.99934974643546
 30
0.0
 41
1.0
 10
534.9910069786257
 20
36.03169206056691
 30
0.0
 41
1.0
 10
534.9186786062444
 20
36.06372057020536
 30
0.0
 41
1.0
 10
534.8502686615789
 20
36.09509052164974
 30
0.0
 41
1.0
 10
534.7859664961324
 20
36.12549811509176
 30
0.0
 41
1.0
 10
534.7257929375679
 20
36.15471011902557
 30
0.0
 41
1.0
 10
534.669636975875
 20
36.18259163582891
 30
0.0
 41
1.0
 10
534.6172951161896
 20
36.20913777369203
 30
0.0
 41
1.0
 10
534.5685061763232
 20
36.23449675748567
 30
0.0
 41
1.0
 10
534.5229963555742
 20
36.25901512123441
 30
0.0
 41
1.0
 10
534.4804618402329
 20
36.2831474966859
 30
0.0
 41
1.0
 10
534.4405363169236
 20
36.3073325836536
 30
0.0
 41
1.0
 10
534.4027595073946
 20
36.33187384588091
 30
0.0
 41
1.0
 10
534.3665540964831
 20
36.35683312912057
 30
0.0
 41
1.0
 10
534.3311765782617
 20
36.38188092986439
 30
0.0
 41
1.0
 10
534.2957826684401
 20
36.40633944268266
 30
0.0
 41
1.0
 10
534.2595631382835
 20
36.42934597921332
 30
0.0
 41
1.0
 10
534.2218616162471
 20
36.44998245492339
 30
0.0
 41
1.0
 10
534.1822928457055
 20
36.46741288662127
 30
0.0
 41
1.0
 10
534.1408792958364
 20
36.48103259501504
 30
0.0
 41
1.0
 10
534.0980693798127
 20
36.49052138099726
 30
0.0
 41
1.0
 10
534.0547066457934
 20
36.49585660560916
 30
0.0
 41
1.0
 10
534.0120223832924
 20
36.49734393594805
 30
0.0
 41
1.0
 10
533.971603489813
 20
36.49563194367261
 30
0.0
 41
1.0
 10
533.935413287886
 20
36.49175869327543
 30
0.0
 41
1.0
 10
533.9053050680377
 20
36.48691499469656
 30
0.0
 41
1.0
 10
533.8823863472891
 20
36.48213674299207
 30
0.0
 41
1.0
 10
533.8665554697276
 20
36.4780670349321
 30
0.0
 41
1.0
 10
533.8556745527195
 20
36.47458045826546
 30
0.0
 41
1.0
 10
533.8461004003455
 20
36.47091445060397
 30
0.0
 41
1.0
 10
533.8344064411471
 20
36.46624229918792
 30
0.0
 41
1.0
 10
533.8187222269341
 20
36.46010682517442
 30
0.0
 41
1.0
 10
533.8003492631781
 20
36.45294879787961
 30
0.0
 41
1.0
 10
533.7821945094169
 20
36.44562929531816
 30
0.0
 41
1.0
 10
533.767167406484
 20
36.43894263204956
 30
0.0
 41
1.0
 10
533.7564313932102
 20
36.4330810672039
 30
0.0
 41
1.0
 10
533.7481809302665
 20
36.42727057505326
 30
0.0
 41
1.0
 10
533.73947888829
 20
36.42040922481442
 30
0.0
 41
1.0
 10
533.7275465642754
 20
36.41152068731479
 30
0.0
 41
1.0
 10
533.7116123788835
 20
36.40040553783201
 30
0.0
 41
1.0
 10
533.6929276414839
 20
36.38762786328449
 30
0.0
 41
1.0
 10
533.673660276256
 20
36.37409144730476
 30
0.0
 41
1.0
 10
533.6561867033656
 20
36.36076335402471
 30
0.0
 41
1.0
 10
533.6420697607731
 20
36.34827802806534
 30
0.0
 41
1.0
 10
533.6340556966895
 20
36.3392057969768
 30
0.0
 41
1.0
 10
533.6300058605193
 20
36.33296416290435
 30
0.0
 41
1.0
 10
533.6281764610522
 20
36.32905274878347
 30
0.0
 41
1.0
 10
533.6274794235817
 20
36.32715947609384
 30
0.0
 41
1.0
  0
ARC
  5
11F
330
70
100
AcDbEntity
  8
Untitled v10_Sketch14
100
AcDbCircle
 10
549.0000081807375
 20
50.00000074505805
 30
0.0
 40
5.76449999999987
100
AcDbArc
 50
215.152734498768
 51
221.4465274545668
  0
SPLINE
  5
120
330
70
100
AcDbEntity
  8
Untitled v10_Sketch14
100
AcDbSpline
210
0.0
220
0.0
230
1.0
 70
    12
 71
     5
 72
   156
 73
   150
 74
     0
 42
0.000000001
 43
0.0000000001
 40
0.0
 40
0.0
 40
0.0
 40
0.0
 40
0.0
 40
0.0
 40
0.0068965517241379
 40
0.0137931034482759
 40
0.0206896551724138
 40
0.0275862068965517
 40
0.0344827586206897
 40
0.0413793103448276
 40
0.0482758620689655
 40
0.0551724137931035
 40
0.0620689655172414
 40
0.0689655172413793
 40
0.0758620689655173
 40
0.0827586206896552
 40
0.0896551724137931
 40
0.0965517241379311
 40
0.103448275862069
 40
0.1103448275862069
 40
0.1172413793103448
 40
0.1241379310344828
 40
0.1310344827586207
 40
0.1379310344827586
 40
0.1448275862068966
 40
0.1517241379310345
 40
0.1586206896551725
 40
0.1655172413793104
 40
0.1724137931034483
 40
0.1793103448275863
 40
0.1862068965517242
 40
0.1931034482758622
 40
0.2000000000000001
 40
0.2068965517241381
 40
0.213793103448276
 40
0.220689655172414
 40
0.2275862068965519
 40
0.2344827586206899
 40
0.2413793103448278
 40
0.2482758620689657
 40
0.2551724137931037
 40
0.2620689655172416
 40
0.2689655172413796
 40
0.2758620689655175
 40
0.2827586206896555
 40
0.2896551724137934
 40
0.2965517241379314
 40
0.3034482758620693
 40
0.3103448275862072
 40
0.3172413793103452
 40
0.3241379310344831
 40
0.3310344827586211
 40
0.337931034482759
 40
0.344827586206897
 40
0.3517241379310349
 40
0.3586206896551729
 40
0.3655172413793108
 40
0.3724137931034487
 40
0.3793103448275867
 40
0.3862068965517246
 40
0.3931034482758626
 40
0.4000000000000006
 40
0.4068965517241385
 40
0.4137931034482765
 40
0.4206896551724144
 40
0.4275862068965524
 40
0.4344827586206903
 40
0.4413793103448282
 40
0.4482758620689661
 40
0.4551724137931041
 40
0.462068965517242
 40
0.46896551724138
 40
0.4758620689655179
 40
0.4827586206896559
 40
0.4896551724137938
 40
0.4965517241379318
 40
0.5034482758620697
 40
0.5103448275862076
 40
0.5172413793103456
 40
0.5241379310344835
 40
0.5310344827586215
 40
0.5379310344827594
 40
0.5448275862068974
 40
0.5517241379310353
 40
0.5586206896551733
 40
0.5655172413793112
 40
0.5724137931034491
 40
0.579310344827587
 40
0.586206896551725
 40
0.5931034482758629
 40
0.6000000000000009
 40
0.6068965517241388
 40
0.6137931034482768
 40
0.6206896551724147
 40
0.6275862068965527
 40
0.6344827586206906
 40
0.6413793103448286
 40
0.6482758620689665
 40
0.6551724137931045
 40
0.6620689655172424
 40
0.6689655172413804
 40
0.6758620689655183
 40
0.6827586206896563
 40
0.6896551724137942
 40
0.6965517241379322
 40
0.7034482758620701
 40
0.710344827586208
 40
0.7172413793103459
 40
0.7241379310344839
 40
0.7310344827586218
 40
0.7379310344827598
 40
0.7448275862068977
 40
0.7517241379310357
 40
0.7586206896551736
 40
0.7655172413793116
 40
0.7724137931034495
 40
0.7793103448275875
 40
0.7862068965517254
 40
0.7931034482758634
 40
0.8000000000000012
 40
0.8068965517241391
 40
0.8137931034482772
 40
0.8206896551724151
 40
0.827586206896553
 40
0.8344827586206909
 40
0.841379310344829
 40
0.8482758620689669
 40
0.8551724137931048
 40
0.8620689655172427
 40
0.8689655172413807
 40
0.8758620689655186
 40
0.8827586206896565
 40
0.8896551724137944
 40
0.8965517241379325
 40
0.9034482758620704
 40
0.9103448275862083
 40
0.9172413793103462
 40
0.9241379310344843
 40
0.9310344827586222
 40
0.9379310344827601
 40
0.944827586206898
 40
0.9517241379310361
 40
0.958620689655174
 40
0.9655172413793119
 40
0.9724137931034498
 40
0.9793103448275878
 40
0.9862068965517257
 40
0.9931034482758636
 40
1.0
 40
1.0
 40
1.0
 40
1.0
 40
1.0
 40
1.0
 10
537.6710136481561
 20
43.35049053923846
 30
0.0
 41
1.0
 10
537.6691150156182
 20
43.3473527271397
 30
0.0
 41
1.0
 10
537.6654289997282
 20
43.34078350979908
 30
0.0
 41
1.0
 10
537.6602337233728
 20
43.33004889699033
 30
0.0
 41
1.0
 10
537.6539742355333
 20
43.3139744337739
 30
0.0
 41
1.0
 10
537.6472622672891
 20
43.29101661565047
 30
0.0
 41
1.0
 10
537.641661623736
 20
43.26541064287539
 30
0.0
 41
1.0
 10
537.6371697610569
 20
43.23758866468125
 30
0.0
 41
1.0
 10
537.6337821402304
 20
43.20827653923103
 30
0.0
 41
1.0
 10
537.631491490009
 20
43.17855048701922
 30
0.0
 41
1.0
 10
537.6302844679665
 20
43.14961281068121
 30
0.0
 41
1.0
 10
537.6301384562189
 20
43.12259115502328
 30
0.0
 41
1.0
 10
537.6310183742374
 20
43.09831895344828
 30
0.0
 41
1.0
 10
537.6328733142838
 20
43.07714649207028
 30
0.0
 41
1.0
 10
537.6356337287924
 20
43.0586791597593
 30
0.0
 41
1.0
 10
537.6392024426849
 20
43.04202933882478
 30
0.0
 41
1.0
 10
537.6434413656751
 20
43.02620864280967
 30
0.0
 41
1.0
 10
537.6481647998097
 20
43.01043553612409
 30
0.0
 41
1.0
 10
537.6531179338672
 20
42.99456408601187
 30
0.0
 41
1.0
 10
537.6580033642031
 20
42.97916648387129
 30
0.0
 41
1.0
 10
537.662597841045
 20
42.96500359440635
 30
0.0
 41
1.0
 10
537.6668420198004
 20
42.95265284631099
 30
0.0
 41
1.0
 10
537.6709559741141
 20
42.94202757078629
 30
0.0
 41
1.0
 10
537.6754995568151
 20
42.93207712036682
 30
0.0
 41
1.0
 10
537.6811265100399
 20
42.92140218746155
 30
0.0
 41
1.0
 10
537.6883863965188
 20
42.90873574099208
 30
0.0
 41
1.0
 10
537.6974841831765
 20
42.89353275187188
 30
0.0
 41
1.0
 10
537.7081282391193
 20
42.87634556005365
 30
0.0
 41
1.0
 10
537.7197423015606
 20
42.85833496885942
 30
0.0
 41
1.0
 10
537.7316341171961
 20
42.84088129755957
 30
0.0
 41
1.0
 10
537.7431678806186
 20
42.8251927079156
 30
0.0
 41
1.0
 10
537.7539670300449
 20
42.81182590002266
 30
0.0
 41
1.0
 10
537.7639546296302
 20
42.80066366353096
 30
0.0
 41
1.0
 10
537.7732949369526
 20
42.79118449764808
 30
0.0
 41
1.0
 10
537.7823587172802
 20
42.78263603794698
 30
0.0
 41
1.0
 10
537.7916938151561
 20
42.77426443913782
 30
0.0
 41
1.0
 10
537.801939173464
 20
42.76546393837314
 30
0.0
 41
1.0
 10
537.8136253029513
 20
42.75584463151915
 30
0.0
 41
1.0
 10
537.8270213247615
 20
42.74530509327753
 30
0.0
 41
1.0
 10
537.841920292866
 20
42.73413248298361
 30
0.0
 41
1.0
 10
537.85758532943
 20
42.72299916867474
 30
0.0
 41
1.0
 10
537.8731106594654
 20
42.71267525523647
 30
0.0
 41
1.0
 10
537.8877181981588
 20
42.70378410660789
 30
0.0
 41
1.0
 10
537.901055281086
 20
42.69656130053697
 30
0.0
 41
1.0
 10
537.9135556608954
 20
42.69055843202743
 30
0.0
 41
1.0
 10
537.9261482329432
 20
42.68489762886289
 30
0.0
 41
1.0
 10
537.9398251847726
 20
42.67864493309922
 30
0.0
 41
1.0
 10
537.9552995102996
 20
42.67110693984662
 30
0.0
 41
1.0
 10
537.972526570067
 20
42.66224585395917
 30
0.0
 41
1.0
 10
537.9908055101532
 20
42.65258680454593
 30
0.0
 41
1.0
 10
538.0091490847921
 20
42.64288931163427
 30
0.0
 41
1.0
 10
538.0265622373692
 20
42.63389988331866
 30
0.0
 41
1.0
 10
538.0423731973524
 20
42.62605592320689
 30
0.0
 41
1.0
 10
538.0564999272373
 20
42.61925360436109
 30
0.0
 41
1.0
 10
538.0692853771777
 20
42.61305286635369
 30
0.0
 41
1.0
 10
538.0813678849718
 20
42.60684881823038
 30
0.0
 41
1.0
 10
538.0935388509498
 20
42.6000505769867
 30
0.0
 41
1.0
 10
538.1066050012566
 20
42.59227051403989
 30
0.0
 41
1.0
 10
538.1212362355998
 20
42.58333648049351
 30
0.0
 41
1.0
 10
538.1377976680652
 20
42.57328550970001
 30
0.0
 41
1.0
 10
538.1562162684391
 20
42.56235822195712
 30
0.0
 41
1.0
 10
538.1757628111444
 20
42.55100751369937
 30
0.0
 41
1.0
 10
538.1951594086638
 20
42.53984100937287
 30
0.0
 41
1.0
 10
538.2129616779089
 20
42.52950514910317
 30
0.0
 41
1.0
 10
538.2278680069338
 20
42.52058589284423
 30
0.0
 41
1.0
 10
538.2390483768758
 20
42.51350253380749
 30
0.0
 41
1.0
 10
538.24649282941
 20
42.50840414569083
 30
0.0
 41
1.0
 10
538.2509355203069
 20
42.50510059530093
 30
0.0
 41
1.0
 10
538.253715469953
 20
42.50301681275956
 30
0.0
 41
1.0
 10
538.256690257417
 20
42.50110148993051
 30
0.0
 41
1.0
 10
538.2620321064549
 20
42.4978708142499
 30
0.0
 41
1.0
 10
538.2715718904632
 20
42.49196254263942
 30
0.0
 41
1.0
 10
538.2863043145988
 20
42.48253917314578
 30
0.0
 41
1.0
 10
538.3056361683064
 20
42.46989724474488
 30
0.0
 41
1.0
 10
538.3275992589492
 20
42.45533986002733
 30
0.0
 41
1.0
 10
538.3496808875677
 20
42.44058145866965
 30
0.0
 41
1.0
 10
538.3695055062645
 20
42.42726696242144
 30
0.0
 41
1.0
 10
538.385501878745
 20
42.41649697167915
 30
0.0
 41
1.0
 10
538.3977688226292
 20
42.408215504568
 30
0.0
 41
1.0
 10
538.4077914476962
 20
42.40140281183883
 30
0.0
 41
1.0
 10
538.4175991846361
 20
42.39465961294364
 30
0.0
 41
1.0
 10
538.4291667633927
 20
42.38662133712182
 30
0.0
 41
1.0
 10
538.4435630347071
 20
42.37654808373861
 30
0.0
 41
1.0
 10
538.4608470759951
 20
42.36439507105799
 30
0.0
 41
1.0
 10
538.4805144610738
 20
42.35050095654735
 30
0.0
 41
1.0
 10
538.5017957258919
 20
42.33537864324617
 30
0.0
 41
1.0
 10
538.523996562149
 20
42.31947752331201
 30
0.0
 41
1.0
 10
538.5468691054858
 20
42.30292302864569
 30
0.0
 41
1.0
 10
538.5705405634621
 20
42.2855720364685
 30
0.0
 41
1.0
 10
538.5953486119356
 20
42.26713458619876
 30
0.0
 41
1.0
 10
538.6217065487187
 20
42.24727457631452
 30
0.0
 41
1.0
 10
538.6499627660213
 20
42.22571413517002
 30
0.0
 41
1.0
 10
538.6802463752005
 20
42.20234873829127
 30
0.0
 41
1.0
 10
538.7123695069251
 20
42.17731934034773
 30
0.0
 41
1.0
 10
538.7459271197411
 20
42.15093518394027
 30
0.0
 41
1.0
 10
538.7803641664038
 20
42.12362124997554
 30
0.0
 41
1.0
 10
538.8150545047193
 20
42.09585689767571
 30
0.0
 41
1.0
 10
538.8493771695102
 20
42.06811635084953
 30
0.0
 41
1.0
 10
538.8827881680464
 20
42.04081291220425
 30
0.0
 41
1.0
 10
538.9149080897943
 20
42.01423038060077
 30
0.0
 41
1.0
 10
538.9455476593901
 20
41.98850451227343
 30
0.0
 41
1.0
 10
538.9746722974767
 20
41.96365367034005
 30
0.0
 41
1.0
 10
539.0023833059639
 20
41.93959602180179
 30
0.0
 41
1.0
 10
539.0288925146157
 20
41.91617213584002
 30
0.0
 41
1.0
 10
539.0544992730215
 20
41.89316539382367
 30
0.0
 41
1.0
 10
539.0795676481834
 20
41.8703229526023
 30
0.0
 41
1.0
 10
539.1044999998342
 20
41.84737756732396
 30
0.0
 41
1.0
 10
539.1296869113419
 20
41.82407717323336
 30
0.0
 41
1.0
 10
539.1554606723864
 20
41.80021310601887
 30
0.0
 41
1.0
 10
539.182046213926
 20
41.77564957873784
 30
0.0
 41
1.0
 10
539.2095157301463
 20
41.75035101441835
 30
0.0
 41
1.0
 10
539.2377353984231
 20
41.72441421456113
 30
0.0
 41
1.0
 10
539.2663339197289
 20
41.69808704050133
 30
0.0
 41
1.0
 10
539.2948089730261
 20
41.67170165367657
 30
0.0
 41
1.0
 10
539.3226190883003
 20
41.64561680499723
 30
0.0
 41
1.0
 10
539.349279870017
 20
41.62015740091511
 30
0.0
 41
1.0
 10
539.3744612180966
 20
41.59555351596537
 30
0.0
 41
1.0
 10
539.3980774861605
 20
41.57188363163598
 30
0.0
 41
1.0
 10
539.4203985236254
 20
41.54900532424768
 30
0.0
 41
1.0
 10
539.4419380923083
 20
41.5266199313838
 30
0.0
 41
1.0
 10
539.4633154049439
 20
41.50435346956285
 30
0.0
 41
1.0
 10
539.4851234657299
 20
41.48183328656664
 30
0.0
 41
1.0
 10
539.507800810063
 20
41.45876305400335
 30
0.0
 41
1.0
 10
539.5314868273914
 20
41.43500671058227
 30
0.0
 41
1.0
 10
539.5559289389271
 20
41.41064387964526
 30
0.0
 41
1.0
 10
539.5806577505882
 20
41.38587787219826
 30
0.0
 41
1.0
 10
539.6051251225726
 20
41.36096394505841
 30
0.0
 41
1.0
 10
539.6288611525052
 20
41.33612752235592
 30
0.0
 41
1.0
 10
539.6516127001282
 20
41.3114917096648
 30
0.0
 41
1.0
 10
539.6735149462083
 20
41.28698874948305
 30
0.0
 41
1.0
 10
539.6951694338032
 20
41.26231574643732
 30
0.0
 41
1.0
 10
539.7173916639208
 20
41.23703144625821
 30
0.0
 41
1.0
 10
539.7410355576491
 20
41.21063258300345
 30
0.0
 41
1.0
 10
539.7667420953261
 20
41.18263197751772
 30
0.0
 41
1.0
 10
539.794824845983
 20
41.15265022302168
 30
0.0
 41
1.0
 10
539.8248437608331
 20
41.12046678320155
 30
0.0
 41
1.0
 10
539.8561427143477
 20
41.08620576717513
 30
0.0
 41
1.0
 10
539.8881416019562
 20
41.05028838373364
 30
0.0
 41
1.0
 10
539.9202429975089
 20
41.01334054344029
 30
0.0
 41
1.0
 10
539.9518962667019
 20
40.97611923979982
 30
0.0
 41
1.0
 10
539.9825941759716
 20
40.93943119367011
 30
0.0
 41
1.0
 10
540.011898763589
 20
40.90405420963605
 30
0.0
 41
1.0
 10
540.0394541663964
 20
40.87065888304046
 30
0.0
 41
1.0
 10
540.0650063590133
 20
40.83972598792669
 30
0.0
 41
1.0
 10
540.0883865561902
 20
40.81157457914521
 30
0.0
 41
1.0
 10
540.1094939098897
 20
40.78639579597691
 30
0.0
 41
1.0
 10
540.1245215188846
 20
40.76870678594815
 30
0.0
 41
1.0
 10
540.1347396084413
 20
40.75683445086895
 30
0.0
 41
1.0
 10
540.1410838747325
 20
40.74953925363622
 30
0.0
 41
1.0
 10
540.1441390595116
 20
40.74604657836928
 30
0.0
 41
1.0
  0
SPLINE
  5
121
330
70
100
AcDbEntity
  8
Untitled v10_Sketch14
100
AcDbSpline
210
0.0
220
0.0
230
1.0
 70
    12
 71
     5
 72
   156
 73
   150
 74
     0
 42
0.000000001
 43
0.0000000001
 40
0.0
 40
0.0
 40
0.0
 40
0.0
 40
0.0
 40
0.0
 40
0.0068965517241379
 40
0.0137931034482759
 40
0.0206896551724138
 40
0.0275862068965517
 40
0.0344827586206897
 40
0.0413793103448276
 40
0.0482758620689655
 40
0.0551724137931035
 40
0.0620689655172414
 40
0.0689655172413793
 40
0.0758620689655173
 40
0.0827586206896552
 40
0.0896551724137931
 40
0.0965517241379311
 40
0.103448275862069
 40
0.1103448275862069
 40
0.1172413793103448
 40
0.1241379310344828
 40
0.1310344827586207
 40
0.1379310344827586
 40
0.1448275862068966
 40
0.1517241379310345
 40
0.1586206896551725
 40
0.1655172413793104
 40
0.1724137931034483
 40
0.1793103448275863
 40
0.1862068965517242
 40
0.1931034482758622
 40
0.2000000000000001
 40
0.2068965517241381
 40
0.213793103448276
 40
0.220689655172414
 40
0.2275862068965519
 40
0.2344827586206899
 40
0.2413793103448278
 40
0.2482758620689657
 40
0.2551724137931037
 40
0.2620689655172416
 40
0.2689655172413796
 40
0.2758620689655175
 40
0.2827586206896555
 40
0.2896551724137934
 40
0.2965517241379314
 40
0.3034482758620693
 40
0.3103448275862072
 40
0.3172413793103452
 40
0.3241379310344831
 40
0.3310344827586211
 40
0.337931034482759
 40
0.344827586206897
 40
0.3517241379310349
 40
0.3586206896551729
 40
0.3655172413793108
 40
0.3724137931034487
 40
0.3793103448275867
 40
0.3862068965517246
 40
0.3931034482758626
 40
0.4000000000000006
 40
0.4068965517241385
 40
0.4137931034482765
 40
0.4206896551724144
 40
0.4275862068965524
 40
0.4344827586206903
 40
0.4413793103448282
 40
0.4482758620689661
 40
0.4551724137931041
 40
0.462068965517242
 40
0.46896551724138
 40
0.4758620689655179
 40
0.4827586206896559
 40
0.4896551724137938
 40
0.4965517241379318
 40
0.5034482758620697
 40
0.5103448275862076
 40
0.5172413793103456
 40
0.5241379310344835
 40
0.5310344827586215
 40
0.5379310344827594
 40
0.5448275862068974
 40
0.5517241379310353
 40
0.5586206896551733
 40
0.5655172413793112
 40
0.5724137931034491
 40
0.579310344827587
 40
0.586206896551725
 40
0.5931034482758629
 40
0.6000000000000009
 40
0.6068965517241388
 40
0.6137931034482768
 40
0.6206896551724147
 40
0.6275862068965527
 40
0.6344827586206906
 40
0.6413793103448286
 40
0.6482758620689665
 40
0.6551724137931045
 40
0.6620689655172424
 40
0.6689655172413804
 40
0.6758620689655183
 40
0.6827586206896563
 40
0.6896551724137942
 40
0.6965517241379322
 40
0.7034482758620701
 40
0.710344827586208
 40
0.7172413793103459
 40
0.7241379310344839
 40
0.7310344827586218
 40
0.7379310344827598
 40
0.7448275862068977
 40
0.7517241379310357
 40
0.7586206896551736
 40
0.7655172413793116
 40
0.7724137931034495
 40
0.7793103448275875
 40
0.7862068965517254
 40
0.7931034482758634
 40
0.8000000000000012
 40
0.8068965517241391
 40
0.8137931034482772
 40
0.8206896551724151
 40
0.827586206896553
 40
0.8344827586206909
 40
0.841379310344829
 40
0.8482758620689669
 40
0.8551724137931048
 40
0.8620689655172427
 40
0.8689655172413807
 40
0.8758620689655186
 40
0.8827586206896565
 40
0.8896551724137944
 40
0.8965517241379325
 40
0.9034482758620704
 40
0.9103448275862083
 40
0.9172413793103462
 40
0.9241379310344843
 40
0.9310344827586222
 40
0.9379310344827601
 40
0.944827586206898
 40
0.9517241379310361
 40
0.958620689655174
 40
0.9655172413793119
 40
0.9724137931034498
 40
0.9793103448275878
 40
0.9862068965517257
 40
0.9931034482758636
 40
1.0
 40
1.0
 40
1.0
 40
1.0
 40
1.0
 40
1.0
 10
538.623665882622
 20
47.58563039403895
 30
0.0
 41
1.0
 10
538.6224611275793
 20
47.58216640276181
 30
0.0
 41
1.0
 10
538.620221477065
 20
47.57497437278537
 30
0.0
 41
1.0
 10
538.6173715814622
 20
47.56339417833032
 30
0.0
 41
1.0
 10
538.6145909472763
 20
47.54636956000176
 30
0.0
 41
1.0
 10
538.6127988504257
 20
47.52251792861983
 30
0.0
 41
1.0
 10
538.6126443754663
 20
47.49630706851469
 30
0.0
 41
1.0
 10
538.6140351852921
 20
47.46815915653193
 30
0.0
 41
1.0
 10
538.6168159256724
 20
47.43878324537647
 30
0.0
 41
1.0
 10
538.6207557254308
 20
47.40923052576555
 30
0.0
 41
1.0
 10
538.6255915609318
 20
47.38067425309104
 30
0.0
 41
1.0
 10
538.6310668580076
 20
47.3542127278921
 30
0.0
 41
1.0
 10
538.6369740221757
 20
47.33065387739998
 30
0.0
 41
1.0
 10
538.6431904295754
 20
47.31032974882282
 30
0.0
 41
1.0
 10
538.6497300966896
 20
47.29283989447878
 30
0.0
 41
1.0
 10
538.6566825180437
 20
47.27729588941841
 30
0.0
 41
1.0
 10
538.6641181180547
 20
47.26270223521545
 30
0.0
 41
1.0
 10
538.6720177471011
 20
47.24825586593226
 30
0.0
 41
1.0
 10
538.6801625033241
 20
47.23376105956155
 30
0.0
 41
1.0
 10
538.6881425167813
 20
47.21971567005212
 30
0.0
 41
1.0
 10
538.6955812235765
 20
47.20681751915115
 30
0.0
 41
1.0
 10
538.7023005217623
 20
47.19561907891559
 30
0.0
 41
1.0
 10
538.7085336953036
 20
47.18608133035132
 30
0.0
 41
1.0
 10
538.7150468047924
 20
47.17729298510896
 30
0.0
 41
1.0
 10
538.7227702389383
 20
47.16802123445887
 30
0.0
 41
1.0
 10
538.7325049817815
 20
47.15714099550787
 30
0.0
 41
1.0
 10
538.7445648391462
 20
47.1441617643827
 30
0.0
 41
1.0
 10
538.7585497150399
 20
47.12956317761054
 30
0.0
 41
1.0
 10
538.7736545948196
 20
47.11436086040556
 30
0.0
 41
1.0
 10
538.7889153680628
 20
47.09976104119533
 30
0.0
 41
1.0
 10
538.8034589322812
 20
47.0868132891308
 30
0.0
 41
1.0
 10
538.8168012100124
 20
47.07598384747754
 30
0.0
 41
1.0
 10
538.8288913160463
 20
47.06714207135128
 30
0.0
 41
1.0
 10
538.8399983446499
 20
47.05981200707419
 30
0.0
 41
1.0
 10
538.8506413843413
 20
47.05333481762068
 30
0.0
 41
1.0
 10
538.8615130411944
 20
47.0470870343145
 30
0.0
 41
1.0
 10
538.873364240836
 20
47.04060897537509
 30
0.0
 41
1.0
 10
538.8867949667083
 20
47.0336295563959
 30
0.0
 41
1.0
 10
538.9020895465177
 20
47.02610552189689
 30
0.0
 41
1.0
 10
538.9189858527196
 20
47.01827472959401
 30
0.0
 41
1.0
 10
538.9366233168525
 20
47.01064164915329
 30
0.0
 41
1.0
 10
538.953955843476
 20
47.0037712356116
 30
0.0
 41
1.0
 10
538.9700927461462
 20
46.99811145798129
 30
0.0
 41
1.0
 10
538.9846400876349
 20
46.99381942301442
 30
0.0
 41
1.0
 10
538.9981153706953
 20
46.99054670668623
 30
0.0
 41
1.0
 10
539.0116097119882
 20
46.98762774859886
 30
0.0
 41
1.0
 10
539.026287798154
 20
46.98435528741967
 30
0.0
 41
1.0
 10
539.0429912094638
 20
46.98019931058979
 30
0.0
 41
1.0
 10
539.0616841399922
 20
46.97511356781319
 30
0.0
 41
1.0
 10
539.0815718706766
 20
46.96946599714387
 30
0.0
 41
1.0
 10
539.1015308163466
 20
46.96379426133802
 30
0.0
 41
1.0
 10
539.1204324570017
 20
46.95862167159397
 30
0.0
 41
1.0
 10
539.1375287605841
 20
46.95423640425389
 30
0.0
 41
1.0
 10
539.1527610691399
 20
46.95051984469166
 30
0.0
 41
1.0
 10
539.1665563322467
 20
46.94711285220179
 30
0.0
 41
1.0
 10
539.1796647023918
 20
46.94355647204005
 30
0.0
 41
1.0
 10
539.1929831373933
 20
46.93943727479364
 30
0.0
 41
1.0
 10
539.2073813270086
 20
46.93454383029134
 30
0.0
 41
1.0
 10
539.2235503237976
 20
46.92884703148422
 30
0.0
 41
1.0
 10
539.2418395635604
 20
46.92245901394365
 30
0.0
 41
1.0
 10
539.2621275841958
 20
46.91559995600172
 30
0.0
 41
1.0
 10
539.2836069329915
 20
46.90856124269629
 30
0.0
 41
1.0
 10
539.3049013151124
 20
46.90167153266706
 30
0.0
 41
1.0
 10
539.3244635082469
 20
46.89526283564184
 30
0.0
 41
1.0
 10
539.340898515868
 20
46.88963768660329
 30
0.0
 41
1.0
 10
539.3533072810562
 20
46.88503364557512
 30
0.0
 41
1.0
 10
539.361649068935
 20
46.88159445818477
 30
0.0
 41
1.0
 10
539.3666815231238
 20
46.87928678567303
 30
0.0
 41
1.0
 10
539.3698339669517
 20
46.87782652281107
 30
0.0
 41
1.0
 10
539.3731419661803
 20
46.8765715474727
 30
0.0
 41
1.0
 10
539.3790387782433
 20
46.87452210267259
 30
0.0
 41
1.0
 10
539.389598493823
 20
46.87072637359548
 30
0.0
 41
1.0
 10
539.4059682078287
 20
46.86457197054636
 30
0.0
 41
1.0
 10
539.4275060188597
 20
46.85622561700334
 30
0.0
 41
1.0
 10
539.4520158137471
 20
46.84655272937995
 30
0.0
 41
1.0
 10
539.4766833499805
 20
46.83670786324334
 30
0.0
 41
1.0
 10
539.4988429926217
 20
46.82780609067634
 30
0.0
 41
1.0
 10
539.5167290129693
 20
46.82059728292117
 30
0.0
 41
1.0
 10
539.5304497085275
 20
46.81504722677999
 30
0.0
 41
1.0
 10
539.5416697536542
 20
46.81046722865659
 30
0.0
 41
1.0
 10
539.5526651578944
 20
46.80591052800622
 30
0.0
 41
1.0
 10
539.5656512088189
 20
46.80045294265504
 30
0.0
 41
1.0
 10
539.5818272342075
 20
46.79359296713705
 30
0.0
 41
1.0
 10
539.6012603311393
 20
46.78529908119017
 30
0.0
 41
1.0
 10
539.6233866855071
 20
46.77579766570296
 30
0.0
 41
1.0
 10
539.647347009357
 20
46.76543043498092
 30
0.0
 41
1.0
 10
539.6723687328075
 20
46.75449260607202
 30
0.0
 41
1.0
 10
539.6981833291717
 20
46.74305533599138
 30
0.0
 41
1.0
 10
539.7249449831181
 20
46.73100507747491
 30
0.0
 41
1.0
 10
539.7530442776713
 20
46.71812841303385
 30
0.0
 41
1.0
 10
539.7829553585308
 20
46.70418251521816
 30
0.0
 41
1.0
 10
539.8150767774642
 20
46.68896801935737
 30
0.0
 41
1.0
 10
539.849556556296
 20
46.67240952884874
 30
0.0
 41
1.0
 10
539.8861816249672
 20
46.65460585793368
 30
0.0
 41
1.0
 10
539.9244914979989
 20
46.63577527866671
 30
0.0
 41
1.0
 10
539.9638548987618
 20
46.61621808429089
 30
0.0
 41
1.0
 10
540.0035597033849
 20
46.5962729765971
 30
0.0
 41
1.0
 10
540.0428999195958
 20
46.5762747105461
 30
0.0
 41
1.0
 10
540.081257511746
 20
46.55651445474106
 30
0.0
 41
1.0
 10
540.1182023552313
 20
46.53719092247122
 30
0.0
 41
1.0
 10
540.1535210855006
 20
46.51839755081063
 30
0.0
 41
1.0
 10
540.1871760609321
 20
46.50014511214635
 30
0.0
 41
1.0
 10
540.2192833837823
 20
46.48237462357819
 30
0.0
 41
1.0
 10
540.2500834023583
 20
46.46497418011776
 30
0.0
 41
1.0
 10
540.2799139622883
 20
46.44779413505034
 30
0.0
 41
1.0
 10
540.3091837438839
 20
46.43066286424073
 30
0.0
 41
1.0
 10
540.3383418776816
 20
46.41340261807059
 30
0.0
 41
1.0
 10
540.3678228190748
 20
46.3958480468527
 30
0.0
 41
1.0
 10
540.3979949801667
 20
46.37786413300062
 30
0.0
 41
1.0
 10
540.4291066083272
 20
46.35936482261797
 30
0.0
 41
1.0
 10
540.4612357169944
 20
46.34033032619008
 30
0.0
 41
1.0
 10
540.4942312817256
 20
46.32082750658483
 30
0.0
 41
1.0
 10
540.5276785839986
 20
46.30102161136363
 30
0.0
 41
1.0
 10
540.5610172194498
 20
46.28113310502385
 30
0.0
 41
1.0
 10
540.5936429619747
 20
46.2614003209611
 30
0.0
 41
1.0
 10
540.6250144493947
 20
46.24204035414727
 30
0.0
 41
1.0
 10
540.6547609599225
 20
46.22320961977123
 30
0.0
 41
1.0
 10
540.6827824015399
 20
46.2049670774288
 30
0.0
 41
1.0
 10
540.7093723383543
 20
46.18722952058817
 30
0.0
 41
1.0
 10
540.7350954006622
 20
46.16981163041124
 30
0.0
 41
1.0
 10
540.7606350254526
 20
46.15247633741944
 30
0.0
 41
1.0
 10
540.7866487371115
 20
46.13498242524514
 30
0.0
 41
1.0
 10
540.8136270981215
 20
46.11713121761852
 30
0.0
 41
1.0
 10
540.8417347406708
 20
46.09881860721046
 30
0.0
 41
1.0
 10
540.8707080507993
 20
46.08006996331887
 30
0.0
 41
1.0
 10
540.9000456210779
 20
46.06098656159922
 30
0.0
 41
1.0
 10
540.9291582189971
 20
46.04170411622163
 30
0.0
 41
1.0
 10
540.9575393423647
 20
46.02234542706092
 30
0.0
 41
1.0
 10
540.9849157875563
 20
46.00297827872005
 30
0.0
 41
1.0
 10
541.0114338688917
 20
45.98356450002263
 30
0.0
 41
1.0
 10
541.0377449597586
 20
45.96393288242019
 30
0.0
 41
1.0
 10
541.0647384824324
 20
45.94382136630123
 30
0.0
 41
1.0
 10
541.0933543326497
 20
45.92291522346918
 30
0.0
 41
1.0
 10
541.1243207740323
 20
45.90087118810757
 30
0.0
 41
1.0
 10
541.1580234064802
 20
45.87738333905342
 30
0.0
 41
1.0
 10
541.1940776494065
 20
45.85214446795298
 30
0.0
 41
1.0
 10
541.2318159114638
 20
45.82513955567414
 30
0.0
 41
1.0
 10
541.2705831905253
 20
45.79665999606312
 30
0.0
 41
1.0
 10
541.3096649815127
 20
45.76719381015486
 30
0.0
 41
1.0
 10
541.3483652950036
 20
45.73736696602061
 30
0.0
 41
1.0
 10
541.3860202550068
 20
45.70786309594403
 30
0.0
 41
1.0
 10
541.4220397556419
 20
45.67935195025022
 30
0.0
 41
1.0
 10
541.4559362856031
 20
45.65241548205378
 30
0.0
 41
1.0
 10
541.4873614120298
 20
45.62747114448562
 30
0.0
 41
1.0
 10
541.5160837028017
 20
45.60479592785547
 30
0.0
 41
1.0
 10
541.541964773562
 20
45.58455582710635
 30
0.0
 41
1.0
 10
541.560341745229
 20
45.57037777998246
 30
0.0
 41
1.0
 10
541.5728049422734
 20
45.56088934418632
 30
0.0
 41
1.0
 10
541.5805273279159
 20
45.55507261164777
 30
0.0
 41
1.0
 10
541.5842419175976
 20
45.55229146834847
 30
0.0
 41
1.0
  0
SPLINE
  5
122
330
70
100
AcDbEntity
  8
Untitled v10_Sketch14
100
AcDbSpline
210
0.0
220
0.0
230
1.0
 70
    12
 71
     5
 72
   156
 73
   150
 74
     0
 42
0.000000001
 43
0.0000000001
 40
0.0
 40
0.0
 40
0.0
 40
0.0
 40
0.0
 40
0.0
 40
0.0068965517241379
 40
0.0137931034482759
 40
0.0206896551724138
 40
0.0275862068965517
 40
0.0344827586206897
 40
0.0413793103448276
 40
0.0482758620689655
 40
0.0551724137931035
 40
0.0620689655172414
 40
0.0689655172413793
 40
0.0758620689655173
 40
0.0827586206896552
 40
0.0896551724137931
 40
0.0965517241379311
 40
0.103448275862069
 40
0.1103448275862069
 40
0.1172413793103448
 40
0.1241379310344828
 40
0.1310344827586207
 40
0.1379310344827586
 40
0.1448275862068966
 40
0.1517241379310345
 40
0.1586206896551725
 40
0.1655172413793104
 40
0.1724137931034483
 40
0.1793103448275863
 40
0.1862068965517242
 40
0.1931034482758622
 40
0.2000000000000001
 40
0.2068965517241381
 40
0.213793103448276
 40
0.220689655172414
 40
0.2275862068965519
 40
0.2344827586206899
 40
0.2413793103448278
 40
0.2482758620689657
 40
0.2551724137931037
 40
0.2620689655172416
 40
0.2689655172413796
 40
0.2758620689655175
 40
0.2827586206896555
 40
0.2896551724137934
 40
0.2965517241379314
 40
0.3034482758620693
 40
0.3103448275862072
 40
0.3172413793103452
 40
0.3241379310344831
 40
0.3310344827586211
 40
0.337931034482759
 40
0.344827586206897
 40
0.3517241379310349
 40
0.3586206896551729
 40
0.3655172413793108
 40
0.3724137931034487
 40
0.3793103448275867
 40
0.3862068965517246
 40
0.3931034482758626
 40
0.4000000000000006
 40
0.4068965517241385
 40
0.4137931034482765
 40
0.4206896551724144
 40
0.4275862068965524
 40
0.4344827586206903
 40
0.4413793103448282
 40
0.4482758620689661
 40
0.4551724137931041
 40
0.462068965517242
 40
0.46896551724138
 40
0.4758620689655179
 40
0.4827586206896559
 40
0.4896551724137938
 40
0.4965517241379318
 40
0.5034482758620697
 40
0.5103448275862076
 40
0.5172413793103456
 40
0.5241379310344835
 40
0.5310344827586215
 40
0.5379310344827594
 40
0.5448275862068974
 40
0.5517241379310353
 40
0.5586206896551733
 40
0.5655172413793112
 40
0.5724137931034491
 40
0.579310344827587
 40
0.586206896551725
 40
0.5931034482758629
 40
0.6000000000000009
 40
0.6068965517241388
 40
0.6137931034482768
 40
0.6206896551724147
 40
0.6275862068965527
 40
0.6344827586206906
 40
0.6413793103448286
 40
0.6482758620689665
 40
0.6551724137931045
 40
0.6620689655172424
 40
0.6689655172413804
 40
0.6758620689655183
 40
0.6827586206896563
 40
0.6896551724137942
 40
0.6965517241379322
 40
0.7034482758620701
 40
0.710344827586208
 40
0.7172413793103459
 40
0.7241379310344839
 40
0.7310344827586218
 40
0.7379310344827598
 40
0.7448275862068977
 40
0.7517241379310357
 40
0.7586206896551736
 40
0.7655172413793116
 40
0.7724137931034495
 40
0.7793103448275875
 40
0.7862068965517254
 40
0.7931034482758634
 40
0.8000000000000012
 40
0.8068965517241391
 40
0.8137931034482772
 40
0.8206896551724151
 40
0.827586206896553
 40
0.8344827586206909
 40
0.841379310344829
 40
0.8482758620689669
 40
0.8551724137931048
 40
0.8620689655172427
 40
0.8689655172413807
 40
0.8758620689655186
 40
0.8827586206896565
 40
0.8896551724137944
 40
0.8965517241379325
 40
0.9034482758620704
 40
0.9103448275862083
 40
0.9172413793103462
 40
0.9241379310344843
 40
0.9310344827586222
 40
0.9379310344827601
 40
0.944827586206898
 40
0.9517241379310361
 40
0.958620689655174
 40
0.9655172413793119
 40
0.9724137931034498
 40
0.9793103448275878
 40
0.9862068965517257
 40
0.9931034482758636
 40
1.0
 40
1.0
 40
1.0
 40
1.0
 40
1.0
 40
1.0
 10
538.6749652920372
 20
51.92628981861332
 30
0.0
 41
1.0
 10
538.6745070680663
 20
51.92265104119861
 30
0.0
 41
1.0
 10
538.6738116664019
 20
51.91515052480745
 30
0.0
 41
1.0
 10
538.6734317056648
 20
51.90323085877189
 30
0.0
 41
1.0
 10
538.6742514521897
 20
51.88600014284524
 30
0.0
 41
1.0
 10
538.6774575499644
 20
51.86229712894906
 30
0.0
 41
1.0
 10
538.6827559948955
 20
51.83662692187404
 30
0.0
 41
1.0
 10
538.6899686921633
 20
51.80938327492491
 30
0.0
 41
1.0
 10
538.6987962620521
 20
51.78122744634301
 30
0.0
 41
1.0
 10
538.7087943236358
 20
51.75313965498972
 30
0.0
 41
1.0
 10
538.7194616674637
 20
51.72621283212279
 30
0.0
 41
1.0
 10
538.7303189766076
 20
51.70146793301043
 30
0.0
 41
1.0
 10
538.7409952155052
 20
51.67965206841564
 30
0.0
 41
1.0
 10
538.7513014034253
 20
51.66106453458418
 30
0.0
 41
1.0
 10
538.7613345083114
 20
51.64531654876739
 30
0.0
 41
1.0
 10
538.7713667829525
 20
51.63155770719086
 30
0.0
 41
1.0
 10
538.7816740885837
 20
51.61882890751691
 30
0.0
 41
1.0
 10
538.792404660846
 20
51.60634065129499
 30
0.0
 41
1.0
 10
538.8033850743047
 20
51.59385598125801
 30
0.0
 41
1.0
 10
538.8141109060028
 20
51.58177665529869
 30
0.0
 41
1.0
 10
538.8240687355692
 20
51.57070695404833
 30
0.0
 41
1.0
 10
538.8329694876124
 20
51.56115024724684
 30
0.0
 41
1.0
 10
538.8410494607873
 20
51.55311687102233
 30
0.0
 41
1.0
 10
538.8492474429258
 20
51.5458747238155
 30
0.0
 41
1.0
 10
538.8587298068597
 20
51.53841137541469
 30
0.0
 41
1.0
 10
538.8705139510922
 20
51.52979286263352
 30
0.0
 41
1.0
 10
538.8850088055276
 20
51.51960464418479
 30
0.0
 41
1.0
 10
538.9017232951889
 20
51.50823269075246
 30
0.0
 41
1.0
 10
538.9196588365791
 20
51.49650306174734
 30
0.0
 41
1.0
 10
538.9376215984099
 20
51.48539517678386
 30
0.0
 41
1.0
 10
538.9545393398805
 20
51.47575414119437
 30
0.0
 41
1.0
 10
538.9698416243562
 20
51.46793536434635
 30
0.0
 41
1.0
 10
538.98350584119
 20
51.46180047662987
 30
0.0
 41
1.0
 10
538.9958941606277
 20
51.45693987294094
 30
0.0
 41
1.0
 10
539.0076513077773
 20
51.45281703799518
 30
0.0
 41
1.0
 10
539.0195843800353
 20
51.44896612830272
 30
0.0
 41
1.0
 10
539.0325234667177
 20
51.44509363344937
 30
0.0
 41
1.0
 10
539.0471118018068
 20
51.44105913644544
 30
0.0
 41
1.0
 10
539.063636493086
 20
51.43687944210086
 30
0.0
 41
1.0
 10
539.0817916877268
 20
51.43273271098891
 30
0.0
 41
1.0
 10
539.100630737612
 20
51.42893346665928
 30
0.0
 41
1.0
 10
539.1190129462395
 20
51.42581682305383
 30
0.0
 41
1.0
 10
539.1359739528065
 20
51.4236357758628
 30
0.0
 41
1.0
 10
539.1510957642277
 20
51.42246209452345
 30
0.0
 41
1.0
 10
539.1649570160077
 20
51.42206256378464
 30
0.0
 41
1.0
 10
539.1787633590784
 20
51.42201302324941
 30
0.0
 41
1.0
 10
539.1938010767817
 20
51.42186381891107
 30
0.0
 41
1.0
 10
539.2110035546481
 20
51.42127149463419
 30
0.0
 41
1.0
 10
539.2303453851749
 20
51.42018336633185
 30
0.0
 41
1.0
 10
539.2509727171947
 20
51.41879410034484
 30
0.0
 41
1.0
 10
539.2716747321962
 20
51.4173960037155
 30
0.0
 41
1.0
 10
539.2912387685327
 20
51.41626631953563
 30
0.0
 41
1.0
 10
539.3088732252104
 20
51.41553140219286
 30
0.0
 41
1.0
 10
539.3245453874605
 20
51.41506303340094
 30
0.0
 41
1.0
 10
539.3387475445392
 20
51.41459868834907
 30
0.0
 41
1.0
 10
539.3523088783587
 20
51.4138454070273
 30
0.0
 41
1.0
 10
539.3661927028652
 20
51.41258528246396
 30
0.0
 41
1.0
 10
539.3812936618128
 20
51.4107923234124
 30
0.0
 41
1.0
 10
539.3982937583005
 20
51.40858173678864
 30
0.0
 41
1.0
 10
539.4175114778216
 20
51.40613585952067
 30
0.0
 41
1.0
 10
539.4387822348638
 20
51.40364480512516
 30
0.0
 41
1.0
 10
539.4612556391382
 20
51.40122571231891
 30
0.0
 41
1.0
 10
539.4835171391803
 20
51.39891390997576
 30
0.0
 41
1.0
 10
539.5039842944943
 20
51.39671246700736
 30
0.0
 41
1.0
 10
539.5212296920147
 20
51.39462727119472
 30
0.0
 41
1.0
 10
539.5343245298663
 20
51.39270376686049
 30
0.0
 41
1.0
 10
539.5431990769311
 20
51.39107408918853
 30
0.0
 41
1.0
 10
539.5486013520155
 20
51.38986315091727
 30
0.0
 41
1.0
 10
539.5519885131029
 20
51.38909022822886
 30
0.0
 41
1.0
 10
539.555485148656
 20
51.38855044882554
 30
0.0
 41
1.0
 10
539.5616792047612
 20
51.38777180547783
 30
0.0
 41
1.0
 10
539.5727973416701
 20
51.38625451050884
 30
0.0
 41
1.0
 10
539.5900889104935
 20
51.38363805084949
 30
0.0
 41
1.0
 10
539.6128913731558
 20
51.37995204786442
 30
0.0
 41
1.0
 10
539.6388766766403
 20
51.37558640894013
 30
0.0
 41
1.0
 10
539.6650520307873
 20
51.37108534591568
 30
0.0
 41
1.0
 10
539.6885782146556
 20
51.36698534720636
 30
0.0
 41
1.0
 10
539.7075721779543
 20
51.36365278192904
 30
0.0
 41
1.0
 10
539.7221469649515
 20
51.36107670084328
 30
0.0
 41
1.0
 10
539.7340740603261
 20
51.35892956522077
 30
0.0
 41
1.0
 10
539.7457765799396
 20
51.35675851249921
 30
0.0
 41
1.0
 10
539.7596135502924
 20
51.35412014028688
 30
0.0
 41
1.0
 10
539.7768623598246
 20
51.35077325648218
 30
0.0
 41
1.0
 10
539.797595192814
 20
51.34670097988333
 30
0.0
 41
1.0
 10
539.8212134886109
 20
51.34200752086925
 30
0.0
 41
1.0
 10
539.8468056903661
 20
51.33684847045643
 30
0.0
 41
1.0
 10
539.8735547316277
 20
51.3313519681818
 30
0.0
 41
1.0
 10
539.9011831592862
 20
51.32553178627127
 30
0.0
 41
1.0
 10
539.9298653965083
 20
51.31930891553622
 30
0.0
 41
1.0
 10
539.9600278631339
 20
51.31255580894908
 30
0.0
 41
1.0
 10
539.9921848303067
 20
51.30513352585616
 30
0.0
 41
1.0
 10
540.0267675907279
 20
51.29692992175556
 30
0.0
 41
1.0
 10
540.0639366074253
 20
51.28790202310874
 30
0.0
 41
1.0
 10
540.1034629217954
 20
51.27810218507256
 30
0.0
 41
1.0
 10
540.1448507297602
 20
51.2676481696193
 30
0.0
 41
1.0
 10
540.1874201151237
 20
51.25670245807235
 30
0.0
 41
1.0
 10
540.2304040955674
 20
51.24544829189815
 30
0.0
 41
1.0
 10
540.2730425069745
 20
51.23406632681103
 30
0.0
 41
1.0
 10
540.3146702819015
 20
51.2227128718451
 30
0.0
 41
1.0
 10
540.354825380183
 20
51.21149286999369
 30
0.0
 41
1.0
 10
540.393279673135
 20
51.20045335552198
 30
0.0
 41
1.0
 10
540.4299941019902
 20
51.18959703928133
 30
0.0
 41
1.0
 10
540.4650944951271
 20
51.178890366306
 30
0.0
 41
1.0
 10
540.4988392150205
 20
51.16827384822279
 30
0.0
 41
1.0
 10
540.531589837863
 20
51.15767135051271
 30
0.0
 41
1.0
 10
540.5637817959846
 20
51.14699996885413
 30
0.0
 41
1.0
 10
540.5958913615657
 20
51.13617921737379
 30
0.0
 41
1.0
 10
540.6283778742404
 20
51.12513768802699
 30
0.0
 41
1.0
 10
540.6616297671578
 20
51.11381991086901
 30
0.0
 41
1.0
 10
540.6959077544988
 20
51.10219332601801
 30
0.0
 41
1.0
 10
540.7312922593915
 20
51.09025479631334
 30
0.0
 41
1.0
 10
540.7676216560679
 20
51.07803832376163
 30
0.0
 41
1.0
 10
540.8044559317009
 20
51.06561932003955
 30
0.0
 41
1.0
 10
540.8412010909602
 20
51.05309691734724
 30
0.0
 41
1.0
 10
540.8772165592322
 20
51.04057861525305
 30
0.0
 41
1.0
 10
540.9119276678178
 20
51.02816420915679
 30
0.0
 41
1.0
 10
540.9449392755443
 20
51.01592961880662
 30
0.0
 41
1.0
 10
540.9761412192548
 20
51.00391170508885
 30
0.0
 41
1.0
 10
541.0058379475869
 20
50.99209011514417
 30
0.0
 41
1.0
 10
541.0346202822643
 20
50.98040097303517
 30
0.0
 41
1.0
 10
541.0632060150533
 20
50.9687544843603
 30
0.0
 41
1.0
 10
541.0922884535579
 20
50.95705141091492
 30
0.0
 41
1.0
 10
541.1223887474124
 20
50.94519941165785
 30
0.0
 41
1.0
 10
541.1536895763275
 20
50.93313088321139
 30
0.0
 41
1.0
 10
541.185927812367
 20
50.92081583206926
 30
0.0
 41
1.0
 10
541.2185919486644
 20
50.90824907230434
 30
0.0
 41
1.0
 10
541.2510774122917
 20
50.89544084407961
 30
0.0
 41
1.0
 10
541.2828632378153
 20
50.88240595607032
 30
0.0
 41
1.0
 10
541.3136680985539
 20
50.86915390939594
 30
0.0
 41
1.0
 10
541.3436430477425
 20
50.85567778746963
 30
0.0
 41
1.0
 10
541.3734608209558
 20
50.84194555120269
 30
0.0
 41
1.0
 10
541.4040458897156
 20
50.82788578890401
 30
0.0
 41
1.0
 10
541.4363830464536
 20
50.81338606525505
 30
0.0
 41
1.0
 10
541.4712560094594
 20
50.79826203014214
 30
0.0
 41
1.0
 10
541.5091055569373
 20
50.78229461824065
 30
0.0
 41
1.0
 10
541.549619384517
 20
50.76510337563647
 30
0.0
 41
1.0
 10
541.5921476119764
 20
50.74653481135577
 30
0.0
 41
1.0
 10
541.6359889663697
 20
50.72673776899037
 30
0.0
 41
1.0
 10
541.6803430909906
 20
50.70604105118583
 30
0.0
 41
1.0
 10
541.7243990593751
 20
50.68491224277146
 30
0.0
 41
1.0
 10
541.7673653676713
 20
50.66388200944572
 30
0.0
 41
1.0
 10
541.8085255563054
 20
50.64348277597055
 30
0.0
 41
1.0
 10
541.8472817724076
 20
50.62418241908908
 30
0.0
 41
1.0
 10
541.8832064038248
 20
50.60631682631445
 30
0.0
 41
1.0
 10
541.9160154862601
 20
50.59010881761011
 30
0.0
 41
1.0
 10
541.945539147098
 20
50.57569198880564
 30
0.0
 41
1.0
 10
541.9664623195926
 20
50.56564455327972
 30
0.0
 41
1.0
 10
541.9806259226086
 20
50.55895470694146
 30
0.0
 41
1.0
 10
541.989388922294
 20
50.55487065822084
 30
0.0
 41
1.0
 10
541.9936005714846
 20
50.55292259619676
 30
0.0
 41
1.0
  0
SPLINE
  5
123
330
70
100
AcDbEntity
  8
Untitled v10_Sketch14
100
AcDbSpline
210
0.0
220
0.0
230
1.0
 70
    12
 71
     5
 72
    86
 73
    80
 74
     0
 42
0.000000001
 43
0.0000000001
 40
0.0
 40
0.0
 40
0.0
 40
0.0
 40
0.0
 40
0.0
 40
0.0133333333333333
 40
0.0266666666666667
 40
0.04
 40
0.0533333333333333
 40
0.0666666666666667
 40
0.08
 40
0.0933333333333334
 40
0.1066666666666667
 40
0.12
 40
0.1333333333333333
 40
0.1466666666666667
 40
0.16
 40
0.1733333333333333
 40
0.1866666666666667
 40
0.2
 40
0.2133333333333333
 40
0.2266666666666667
 40
0.24
 40
0.2533333333333334
 40
0.2666666666666666
 40
0.28
 40
0.2933333333333333
 40
0.3066666666666666
 40
0.3199999999999999
 40
0.3333333333333332
 40
0.3466666666666665
 40
0.3599999999999998
 40
0.3733333333333331
 40
0.3866666666666665
 40
0.3999999999999997
 40
0.4133333333333331
 40
0.4266666666666664
 40
0.4399999999999997
 40
0.453333333333333
 40
0.4666666666666663
 40
0.4799999999999997
 40
0.493333333333333
 40
0.5066666666666663
 40
0.5199999999999996
 40
0.5333333333333329
 40
0.5466666666666662
 40
0.5599999999999996
 40
0.5733333333333328
 40
0.5866666666666661
 40
0.5999999999999995
 40
0.6133333333333328
 40
0.6266666666666661
 40
0.6399999999999994
 40
0.6533333333333326
 40
0.666666666666666
 40
0.6799999999999993
 40
0.6933333333333326
 40
0.706666666666666
 40
0.7199999999999993
 40
0.7333333333333325
 40
0.7466666666666658
 40
0.7599999999999991
 40
0.7733333333333325
 40
0.7866666666666658
 40
0.7999999999999991
 40
0.8133333333333323
 40
0.8266666666666656
 40
0.8399999999999989
 40
0.8533333333333322
 40
0.8666666666666655
 40
0.8799999999999988
 40
0.8933333333333322
 40
0.9066666666666655
 40
0.9199999999999988
 40
0.9333333333333321
 40
0.9466666666666654
 40
0.9599999999999987
 40
0.973333333333332
 40
0.9866666666666652
 40
1.0
 40
1.0
 40
1.0
 40
1.0
 40
1.0
 40
1.0
 10
541.9936264589185
 20
49.44699364109219
 30
0.0
 41
1.0
 10
541.9771782303736
 20
49.4388258266062
 30
0.0
 41
1.0
 10
541.9447862282821
 20
49.42277661081433
 30
0.0
 41
1.0
 10
541.8977115945709
 20
49.39956202902081
 30
0.0
 41
1.0
 10
541.8379729927842
 20
49.37032821410461
 30
0.0
 41
1.0
 10
541.7683128376738
 20
49.33663438285108
 30
0.0
 41
1.0
 10
541.7035576596496
 20
49.3057341163859
 30
0.0
 41
1.0
 10
541.6434857723909
 20
49.27751453534121
 30
0.0
 41
1.0
 10
541.5877189059021
 20
49.25178262942431
 30
0.0
 41
1.0
 10
541.5356896613418
 20
49.22824868265195
 30
0.0
 41
1.0
 10
541.4865826761822
 20
49.20649577357423
 30
0.0
 41
1.0
 10
541.4393778484265
 20
49.18600334696698
 30
0.0
 41
1.0
 10
541.3929742569782
 20
49.1662135485771
 30
0.0
 41
1.0
 10
541.3462932379434
 20
49.14658650526739
 30
0.0
 41
1.0
 10
541.2983848184528
 20
49.12665742342632
 30
0.0
 41
1.0
 10
541.2485451797008
 20
49.10609945114323
 30
0.0
 41
1.0
 10
541.1963916434571
 20
49.0847642993036
 30
0.0
 41
1.0
 10
541.1417638113637
 20
49.06263197061704
 30
0.0
 41
1.0
 10
541.0846533499936
 20
49.03977531445448
 30
0.0
 41
1.0
 10
541.0251193327125
 20
49.01631743835245
 30
0.0
 41
1.0
 10
540.9632177730625
 20
48.99239560880232
 30
0.0
 41
1.0
 10
540.8989055022125
 20
48.96811406558803
 30
0.0
 41
1.0
 10
540.8320355829466
 20
48.94353584837347
 30
0.0
 41
1.0
 10
540.7624326006205
 20
48.91870855302592
 30
0.0
 41
1.0
 10
540.6899455260326
 20
48.89368056418753
 30
0.0
 41
1.0
 10
540.614509997687
 20
48.86852126450648
 30
0.0
 41
1.0
 10
540.536206205641
 20
48.84333938270515
 30
0.0
 41
1.0
 10
540.455319940542
 20
48.81830260558842
 30
0.0
 41
1.0
 10
540.3723994460327
 20
48.7936555315391
 30
0.0
 41
1.0
 10
540.2881868652193
 20
48.76968939123912
 30
0.0
 41
1.0
 10
540.2035531914296
 20
48.74671311090565
 30
0.0
 41
1.0
 10
540.1194319860402
 20
48.72502380274703
 30
0.0
 41
1.0
 10
540.0367539780371
 20
48.70487771770804
 30
0.0
 41
1.0
 10
539.9563807156241
 20
48.68646042326659
 30
0.0
 41
1.0
 10
539.8790399475739
 20
48.66985848126041
 30
0.0
 41
1.0
 10
539.8052563449311
 20
48.65502694850725
 30
0.0
 41
1.0
 10
539.7353616653268
 20
48.64183134381995
 30
0.0
 41
1.0
 10
539.669509848734
 20
48.63009522113998
 30
0.0
 41
1.0
 10
539.6076903770003
 20
48.61964419595146
 30
0.0
 41
1.0
 10
539.5497414946564
 20
48.61035469941711
 30
0.0
 41
1.0
 10
539.4953647764798
 20
48.60219312893775
 30
0.0
 41
1.0
 10
539.4441350254611
 20
48.59527890041398
 30
0.0
 41
1.0
 10
539.3955392253094
 20
48.58980124143798
 30
0.0
 41
1.0
 10
539.3490231609979
 20
48.58589975401393
 30
0.0
 41
1.0
 10
539.3040360880858
 20
48.58354940069936
 30
0.0
 41
1.0
 10
539.2600745967739
 20
48.58246087842076
 30
0.0
 41
1.0
 10
539.2167308554345
 20
48.58193059142102
 30
0.0
 41
1.0
 10
539.1737202277638
 20
48.58091392573399
 30
0.0
 41
1.0
 10
539.1308951094599
 20
48.5782372990981
 30
0.0
 41
1.0
 10
539.0882641213368
 20
48.57277216000952
 30
0.0
 41
1.0
 10
539.046006962829
 20
48.56361573569671
 30
0.0
 41
1.0
 10
539.0044972334533
 20
48.55029203738752
 30
0.0
 41
1.0
 10
538.9642859153998
 20
48.53280558921248
 30
0.0
 41
1.0
 10
538.9260687603109
 20
48.51163390103664
 30
0.0
 41
1.0
 10
538.8906622357169
 20
48.48774799655416
 30
0.0
 41
1.0
 10
538.8589689478099
 20
48.46260533620792
 30
0.0
 41
1.0
 10
538.8319670988828
 20
48.43819974384281
 30
0.0
 41
1.0
 10
538.8104560919465
 20
48.41658394177734
 30
0.0
 41
1.0
 10
538.7947230432551
 20
48.39924696888758
 30
0.0
 41
1.0
 10
538.7843077086508
 20
48.38664934954337
 30
0.0
 41
1.0
 10
538.7775542202225
 20
48.37743300721918
 30
0.0
 41
1.0
 10
538.7719633934834
 20
48.36883959915084
 30
0.0
 41
1.0
 10
538.7652490034591
 20
48.35818621249721
 30
0.0
 41
1.0
 10
538.7561665487585
 20
48.34400355994354
 30
0.0
 41
1.0
 10
538.7455098917221
 20
48.32741323707907
 30
0.0
 41
1.0
 10
538.7351246830603
 20
48.31082053859674
 30
0.0
 41
1.0
 10
538.7268978234678
 20
48.29657820488819
 30
0.0
 41
1.0
 10
538.721657547649
 20
48.2855256290437
 30
0.0
 41
1.0
 10
538.7183981045109
 20
48.27597534170514
 30
0.0
 41
1.0
 10
538.7153910051474
 20
48.26530946081895
 30
0.0
 41
1.0
 10
538.710962103494
 20
48.25110483884536
 30
0.0
 41
1.0
 10
538.7046043976632
 20
48.232746614838
 30
0.0
 41
1.0
 10
538.6969986562292
 20
48.21142664589402
 30
0.0
 41
1.0
 10
538.6893675360048
 20
48.18915038219202
 30
0.0
 41
1.0
 10
538.6830651752551
 20
48.16809701977597
 30
0.0
 41
1.0
 10
538.6789830192584
 20
48.14969844823139
 30
0.0
 41
1.0
 10
538.6778320288599
 20
48.13764831042448
 30
0.0
 41
1.0
 10
538.6782243830317
 20
48.13021828841208
 30
0.0
 41
1.0
 10
538.6790434393092
 20
48.12597859388901
 30
0.0
 41
1.0
 10
538.6795923619153
 20
48.12403719576266
 30
0.0
 41
1.0
  0
SPLINE
  5
124
330
70
100
AcDbEntity
  8
Untitled v10_Sketch14
100
AcDbSpline
210
0.0
220
0.0
230
1.0
 70
    12
 71
     5
 72
    86
 73
    80
 74
     0
 42
0.000000001
 43
0.0000000001
 40
0.0
 40
0.0
 40
0.0
 40
0.0
 40
0.0
 40
0.0
 40
0.0133333333333333
 40
0.0266666666666667
 40
0.04
 40
0.0533333333333333
 40
0.0666666666666667
 40
0.08
 40
0.0933333333333334
 40
0.1066666666666667
 40
0.12
 40
0.1333333333333333
 40
0.1466666666666667
 40
0.16
 40
0.1733333333333333
 40
0.1866666666666667
 40
0.2
 40
0.2133333333333333
 40
0.2266666666666667
 40
0.24
 40
0.2533333333333334
 40
0.2666666666666666
 40
0.28
 40
0.2933333333333333
 40
0.3066666666666666
 40
0.3199999999999999
 40
0.3333333333333332
 40
0.3466666666666665
 40
0.3599999999999998
 40
0.3733333333333331
 40
0.3866666666666665
 40
0.3999999999999997
 40
0.4133333333333331
 40
0.4266666666666664
 40
0.4399999999999997
 40
0.453333333333333
 40
0.4666666666666663
 40
0.4799999999999997
 40
0.493333333333333
 40
0.5066666666666663
 40
0.5199999999999996
 40
0.5333333333333329
 40
0.5466666666666662
 40
0.5599999999999996
 40
0.5733333333333328
 40
0.5866666666666661
 40
0.5999999999999995
 40
0.6133333333333328
 40
0.6266666666666661
 40
0.6399999999999994
 40
0.6533333333333326
 40
0.666666666666666
 40
0.6799999999999993
 40
0.6933333333333326
 40
0.706666666666666
 40
0.7199999999999993
 40
0.7333333333333325
 40
0.7466666666666658
 40
0.7599999999999991
 40
0.7733333333333325
 40
0.7866666666666658
 40
0.7999999999999991
 40
0.8133333333333323
 40
0.8266666666666656
 40
0.8399999999999989
 40
0.8533333333333322
 40
0.8666666666666655
 40
0.8799999999999988
 40
0.8933333333333322
 40
0.9066666666666655
 40
0.9199999999999988
 40
0.9333333333333321
 40
0.9466666666666654
 40
0.9599999999999987
 40
0.973333333333332
 40
0.9866666666666652
 40
1.0
 40
1.0
 40
1.0
 40
1.0
 40
1.0
 40
1.0
 10
541.5842849643882
 20
54.44763201421942
 30
0.0
 41
1.0
 10
541.569894353221
 20
54.43622290706912
 30
0.0
 41
1.0
 10
541.5415470136838
 20
54.41378972922478
 30
0.0
 41
1.0
 10
541.5003276566162
 20
54.38129507505195
 30
0.0
 41
1.0
 10
541.4479725384956
 20
54.34027973542676
 30
0.0
 41
1.0
 10
541.3868399663336
 20
54.29283903459491
 30
0.0
 41
1.0
 10
541.3299243709616
 20
54.24915065453774
 30
0.0
 41
1.0
 10
541.277032379377
 20
54.20905809139462
 30
0.0
 41
1.0
 10
541.227834116788
 20
54.17229390585639
 30
0.0
 41
1.0
 10
541.1818348187182
 20
54.13845674407667
 30
0.0
 41
1.0
 10
541.1383236231118
 20
54.10696927193789
 30
0.0
 41
1.0
 10
541.0964109491643
 20
54.0771102184653
 30
0.0
 41
1.0
 10
541.0551359179678
 20
54.04810502549324
 30
0.0
 41
1.0
 10
541.0135556829594
 20
54.01920135057373
 30
0.0
 41
1.0
 10
540.9708376664818
 20
53.98974704648537
 30
0.0
 41
1.0
 10
540.9263613861923
 20
53.95927607165809
 30
0.0
 41
1.0
 10
540.8797833573385
 20
53.92756381417228
 30
0.0
 41
1.0
 10
540.8309508443219
 20
53.89455736503265
 30
0.0
 41
1.0
 10
540.7798405495852
 20
53.86032624905951
 30
0.0
 41
1.0
 10
540.7264846601029
 20
53.82500316563799
 30
0.0
 41
1.0
 10
540.6709094260791
 20
53.78873402752731
 30
0.0
 41
1.0
 10
540.6130509493546
 20
53.75161182131726
 30
0.0
 41
1.0
 10
540.5527523969617
 20
53.71366765913919
 30
0.0
 41
1.0
 10
540.4898322917496
 20
53.67491162602085
 30
0.0
 41
1.0
 10
540.4241328451345
 20
53.6353596485474
 30
0.0
 41
1.0
 10
540.3555766766096
 20
53.59506621168222
 30
0.0
 41
1.0
 10
540.2842196179149
 20
53.55415434061455
 30
0.0
 41
1.0
 10
540.2103063504389
 20
53.51284747700702
 30
0.0
 41
1.0
 10
540.1343222825222
 20
53.4714988604437
 30
0.0
 41
1.0
 10
540.0569327894002
 20
53.43054765774539
 30
0.0
 41
1.0
 10
539.9789256017343
 20
53.39047713404568
 30
0.0
 41
1.0
 10
539.9011521072437
 20
53.35177200726256
 30
0.0
 41
1.0
 10
539.8244694186859
 20
53.3148764380801
 30
0.0
 41
1.0
 10
539.7496816757211
 20
53.28015106482538
 30
0.0
 41
1.0
 10
539.6774827268472
 20
53.24783186523013
 30
0.0
 41
1.0
 10
539.6083951220008
 20
53.21798396347226
 30
0.0
 41
1.0
 10
539.5427713293237
 20
53.1905447933915
 30
0.0
 41
1.0
 10
539.4807986100293
 20
53.16537377061891
 30
0.0
 41
1.0
 10
539.4225029323922
 20
53.14229813451198
 30
0.0
 41
1.0
 10
539.3677517670937
 20
53.12116338565573
 30
0.0
 41
1.0
 10
539.3162601965916
 20
53.10187460965593
 30
0.0
 41
1.0
 10
539.2675874874895
 20
53.08446020946
 30
0.0
 41
1.0
 10
539.2211924915048
 20
53.06899861549879
 30
0.0
 41
1.0
 10
539.1765040796498
 20
53.0555111513545
 30
0.0
 41
1.0
 10
539.1329887481486
 20
53.04385882050489
 30
0.0
 41
1.0
 10
539.0902142374046
 20
53.03365397706016
 30
0.0
 41
1.0
 10
539.0479279136734
 20
53.02412360755546
 30
0.0
 41
1.0
 10
539.0060685480932
 20
53.01418674613074
 30
0.0
 41
1.0
 10
538.9647357633427
 20
53.00266476745278
 30
0.0
 41
1.0
 10
538.9241726309016
 20
52.98845557394372
 30
0.0
 41
1.0
 10
538.8847426203542
 20
52.97071348219631
 30
0.0
 41
1.0
 10
538.8469101308015
 20
52.9490505806423
 30
0.0
 41
1.0
 10
538.8112131635316
 20
52.9235858501881
 30
0.0
 41
1.0
 10
538.7782329864608
 20
52.89493102086268
 30
0.0
 41
1.0
 10
538.7485663381665
 20
52.86420565030738
 30
0.0
 41
1.0
 10
538.722793077665
 20
52.83302301233732
 30
0.0
 41
1.0
 10
538.7014554918957
 20
52.8035367406553
 30
0.0
 41
1.0
 10
538.6849087300273
 20
52.77792090590374
 30
0.0
 41
1.0
 10
538.6731240455449
 20
52.75769170271246
 30
0.0
 41
1.0
 10
538.6655555033289
 20
52.74320390174793
 30
0.0
 41
1.0
 10
538.6608657801421
 20
52.73278482941798
 30
0.0
 41
1.0
 10
538.6571837963824
 20
52.72321680969341
 30
0.0
 41
1.0
 10
538.652831095522
 20
52.71140022491572
 30
0.0
 41
1.0
 10
538.6468958535203
 20
52.6956391488347
 30
0.0
 41
1.0
 10
538.6399213920864
 20
52.67719572074653
 30
0.0
 41
1.0
 10
538.6332129411473
 20
52.65880640624395
 30
0.0
 41
1.0
 10
538.628127005858
 20
52.64316484141005
 30
0.0
 41
1.0
 10
538.6252992023704
 20
52.63126427626005
 30
0.0
 41
1.0
 10
538.6240966022734
 20
52.62124500927953
 30
0.0
 41
1.0
 10
538.6233727765748
 20
52.61018699236792
 30
0.0
 41
1.0
 10
538.6219939640207
 20
52.59537195503384
 30
0.0
 41
1.0
 10
538.6195920787099
 20
52.57609306089825
 30
0.0
 41
1.0
 10
538.6165852117658
 20
52.55365766186656
 30
0.0
 41
1.0
 10
538.6137523454788
 20
52.53028158886451
 30
0.0
 41
1.0
 10
538.6119649466098
 20
52.50837795845022
 30
0.0
 41
1.0
 10
538.6117972736343
 20
52.48953271188149
 30
0.0
 41
1.0
 10
538.6131767996634
 20
52.47750659413725
 30
0.0
 41
1.0
 10
538.6151053683946
 20
52.47032051095168
 30
0.0
 41
1.0
 10
538.6167880083843
 20
52.46634375530163
 30
0.0
 41
1.0
 10
538.6177285750816
 20
52.46455890880952
 30
0.0
 41
1.0
  0
SPLINE
  5
125
330
70
100
AcDbEntity
  8
Untitled v10_Sketch14
100
AcDbSpline
210
0.0
220
0.0
230
1.0
 70
    12
 71
     5
 72
    86
 73
    80
 74
     0
 42
0.000000001
 43
0.0000000001
 40
0.0
 40
0.0
 40
0.0
 40
0.0
 40
0.0
 40
0.0
 40
0.0133333333333333
 40
0.0266666666666667
 40
0.04
 40
0.0533333333333333
 40
0.0666666666666667
 40
0.08
 40
0.0933333333333334
 40
0.1066666666666667
 40
0.12
 40
0.1333333333333333
 40
0.1466666666666667
 40
0.16
 40
0.1733333333333333
 40
0.1866666666666667
 40
0.2
 40
0.2133333333333333
 40
0.2266666666666667
 40
0.24
 40
0.2533333333333334
 40
0.2666666666666666
 40
0.28
 40
0.2933333333333333
 40
0.3066666666666666
 40
0.3199999999999999
 40
0.3333333333333332
 40
0.3466666666666665
 40
0.3599999999999998
 40
0.3733333333333331
 40
0.3866666666666665
 40
0.3999999999999997
 40
0.4133333333333331
 40
0.4266666666666664
 40
0.4399999999999997
 40
0.453333333333333
 40
0.4666666666666663
 40
0.4799999999999997
 40
0.493333333333333
 40
0.5066666666666663
 40
0.5199999999999996
 40
0.5333333333333329
 40
0.5466666666666662
 40
0.5599999999999996
 40
0.5733333333333328
 40
0.5866666666666661
 40
0.5999999999999995
 40
0.6133333333333328
 40
0.6266666666666661
 40
0.6399999999999994
 40
0.6533333333333326
 40
0.666666666666666
 40
0.6799999999999993
 40
0.6933333333333326
 40
0.706666666666666
 40
0.7199999999999993
 40
0.7333333333333325
 40
0.7466666666666658
 40
0.7599999999999991
 40
0.7733333333333325
 40
0.7866666666666658
 40
0.7999999999999991
 40
0.8133333333333323
 40
0.8266666666666656
 40
0.8399999999999989
 40
0.8533333333333322
 40
0.8666666666666655
 40
0.8799999999999988
 40
0.8933333333333322
 40
0.9066666666666655
 40
0.9199999999999988
 40
0.9333333333333321
 40
0.9466666666666654
 40
0.9599999999999987
 40
0.973333333333332
 40
0.9866666666666652
 40
1.0
 40
1.0
 40
1.0
 40
1.0
 40
1.0
 40
1.0
 10
540.144197384308
 20
59.25388755878174
 30
0.0
 41
1.0
 10
540.1324933292799
 20
59.23973579169633
 30
0.0
 41
1.0
 10
540.1094295670604
 20
59.21189908931772
 30
0.0
 41
1.0
 10
540.0758669703325
 20
59.17154453507954
 30
0.0
 41
1.0
 10
540.0331835057677
 20
59.12054023790048
 30
0.0
 41
1.0
 10
539.9832503033043
 20
59.06142605376253
 30
0.0
 41
1.0
 10
539.9366617752137
 20
59.00685895196197
 30
0.0
 41
1.0
 10
539.8932613131393
 20
58.95664564411511
 30
0.0
 41
1.0
 10
539.8527818546044
 20
58.91045595027776
 30
0.0
 41
1.0
 10
539.8148228930802
 20
58.86779441982923
 30
0.0
 41
1.0
 10
539.7788091350646
 20
58.82794853825537
 30
0.0
 41
1.0
 10
539.7440203998963
 20
58.79002784183391
 30
0.0
 41
1.0
 10
539.7096778458745
 20
58.75307492039489
 30
0.0
 41
1.0
 10
539.6750156506864
 20
58.7161578431548
 30
0.0
 41
1.0
 10
539.6393550195257
 20
58.67846561124515
 30
0.0
 41
1.0
 10
539.6021859245681
 20
58.63941336168956
 30
0.0
 41
1.0
 10
539.5632190864715
 20
58.59870997638203
 30
0.0
 41
1.0
 10
539.5223161076749
 20
58.5562719469992
 30
0.0
 41
1.0
 10
539.479439744706
 20
58.51216243524284
 30
0.0
 41
1.0
 10
539.434593891423
 20
58.46651793274617
 30
0.0
 41
1.0
 10
539.3877738874313
 20
58.41948662144893
 30
0.0
 41
1.0
 10
539.3388978979012
 20
58.37114617078675
 30
0.0
 41
1.0
 10
539.2878060484655
 20
58.32149440560854
 30
0.0
 41
1.0
 10
539.2343187308894
 20
58.27050345933884
 30
0.0
 41
1.0
 10
539.1782782933249
 20
58.21815610443735
 30
0.0
 41
1.0
 10
539.1195977181544
 20
58.1644895469283
 30
0.0
 41
1.0
 10
539.0583060386849
 20
58.10963573167697
 30
0.0
 41
1.0
 10
538.9945961332959
 20
58.05386408973063
 30
0.0
 41
1.0
 10
538.9288693603519
 20
57.99762106360986
 30
0.0
 41
1.0
 10
538.8616852471264
 20
57.94147456257668
 30
0.0
 41
1.0
 10
538.7937138340055
 20
57.88606106967613
 30
0.0
 41
1.0
 10
538.7256871253216
 20
57.83203172403688
 30
0.0
 41
1.0
 10
538.6583511576634
 20
57.77999918412881
 30
0.0
 41
1.0
 10
538.5924175173857
 20
57.73048339750289
 30
0.0
 41
1.0
 10
538.5285158282028
 20
57.68385944442549
 30
0.0
 41
1.0
 10
538.4671436810038
 20
57.64029967019595
 30
0.0
 41
1.0
 10
538.4086588498919
 20
57.59981615812193
 30
0.0
 41
1.0
 10
538.3532737331075
 20
57.5623103297358
 30
0.0
 41
1.0
 10
538.3010496504132
 20
57.5276185987375
 30
0.0
 41
1.0
 10
538.2518890908088
 20
57.49556228750023
 30
0.0
 41
1.0
 10
538.205533096696
 20
57.46598931804896
 30
0.0
 41
1.0
 10
538.161544660456
 20
57.43883583903304
 30
0.0
 41
1.0
 10
538.1193781525906
 20
57.4140660559356
 30
0.0
 41
1.0
 10
538.0784704912293
 20
57.39158208197423
 30
0.0
 41
1.0
 10
538.038328729935
 20
57.37113703636183
 30
0.0
 41
1.0
 10
537.9986106511335
 20
57.35226187237778
 30
0.0
 41
1.0
 10
537.9592298602696
 20
57.33414794324723
 30
0.0
 41
1.0
 10
537.9203512119194
 20
57.31572517461145
 30
0.0
 41
1.0
 10
537.8823172017526
 20
57.29586140964819
 30
0.0
 41
1.0
 10
537.8455947285248
 20
57.27352917165831
 30
0.0
 41
1.0
 10
537.8107151466046
 20
57.24797682702174
 30
0.0
 41
1.0
 10
537.7782133582091
 20
57.21892149497101
 30
0.0
 41
1.0
 10
537.7485908704854
 20
57.18659141315171
 30
0.0
 41
1.0
 10
537.722289063427
 20
57.15170579621933
 30
0.0
 41
1.0
 10
537.6996588663192
 20
57.11548380572132
 30
0.0
 41
1.0
 10
537.6809320483812
 20
57.07962402103753
 30
0.0
 41
1.0
 10
537.6661912806569
 20
57.04634576160195
 30
0.0
 41
1.0
 10
537.6553319367502
 20
57.0178494290613
 30
0.0
 41
1.0
 10
537.6480106637377
 20
56.99561210881853
 30
0.0
 41
1.0
 10
537.6436196955229
 20
56.97986731265601
 30
0.0
 41
1.0
 10
537.6411987009844
 20
56.96870087377725
 30
0.0
 41
1.0
 10
537.6395864805626
 20
56.9585764107709
 30
0.0
 41
1.0
 10
537.6377857027801
 20
56.94611306932621
 30
0.0
 41
1.0
 10
537.6352570720335
 20
56.92946240437265
 30
0.0
 41
1.0
 10
537.6322696236338
 20
56.90997193736961
 30
0.0
 41
1.0
 10
537.6295311219145
 20
56.89058970813228
 30
0.0
 41
1.0
 10
537.6278083907052
 20
56.87423252361291
 30
0.0
 41
1.0
 10
537.6275166481307
 20
56.86200408095956
 30
0.0
 41
1.0
 10
537.6284234504697
 20
56.85195372438194
 30
0.0
 41
1.0
 10
537.6300145330926
 20
56.84098685984615
 30
0.0
 41
1.0
 10
537.6317460703624
 20
56.82620889537354
 30
0.0
 41
1.0
 10
537.6334049794853
 20
56.80685191129398
 30
0.0
 41
1.0
 10
537.635128401545
 20
56.78428161676919
 30
0.0
 41
1.0
 10
537.6372175990458
 20
56.76082738102799
 30
0.0
 41
1.0
 10
537.6400232799651
 20
56.73903077636992
 30
0.0
 41
1.0
 10
537.6437774181243
 20
56.72056248248161
 30
0.0
 41
1.0
 10
537.647627168674
 20
56.70908598385324
 30
0.0
 41
1.0
 10
537.6510076642567
 20
56.70245790581233
 30
0.0
 41
1.0
 10
537.6534803485167
 20
56.69891789233986
 30
0.0
 41
1.0
 10
537.654771452027
 20
56.6973676038382
 30
0.0
 41
1.0
  0
ARC
  5
126
330
70
100
AcDbEntity
  8
Untitled v10_Sketch14
100
AcDbCircle
 10
517.6294051679768
 20
50.0781479200652
 30
0.0
 40
24.37862958253664
100
AcDbArc
 50
346.7016270909377
 51
349.3010552526093
  0
SPLINE
  5
127
330
70
100
AcDbEntity
  8
Untitled v10_Sketch14
100
AcDbSpline
210
0.0
220
0.0
230
1.0
 70
    12
 71
     5
 72
   236
 73
   230
 74
     0
 42
0.000000001
 43
0.0000000001
 40
0.0
 40
0.0
 40
0.0
 40
0.0
 40
0.0
 40
0.0
 40
0.0044444444444444
 40
0.0088888888888889
 40
0.0133333333333333
 40
0.0177777777777778
 40
0.0222222222222222
 40
0.0266666666666667
 40
0.0311111111111111
 40
0.0355555555555556
 40
0.04
 40
0.0444444444444445
 40
0.0488888888888889
 40
0.0533333333333333
 40
0.0577777777777778
 40
0.0622222222222222
 40
0.0666666666666667
 40
0.0711111111111111
 40
0.0755555555555556
 40
0.08
 40
0.0844444444444445
 40
0.0888888888888889
 40
0.0933333333333334
 40
0.0977777777777778
 40
0.1022222222222222
 40
0.1066666666666667
 40
0.1111111111111111
 40
0.1155555555555556
 40
0.12
 40
0.1244444444444444
 40
0.1288888888888889
 40
0.1333333333333333
 40
0.1377777777777778
 40
0.1422222222222222
 40
0.1466666666666667
 40
0.1511111111111111
 40
0.1555555555555556
 40
0.16
 40
0.1644444444444444
 40
0.1688888888888889
 40
0.1733333333333333
 40
0.1777777777777778
 40
0.1822222222222222
 40
0.1866666666666667
 40
0.1911111111111111
 40
0.1955555555555556
 40
0.2
 40
0.2044444444444445
 40
0.2088888888888889
 40
0.2133333333333333
 40
0.2177777777777778
 40
0.2222222222222222
 40
0.2266666666666667
 40
0.2311111111111111
 40
0.2355555555555556
 40
0.24
 40
0.2444444444444445
 40
0.2488888888888889
 40
0.2533333333333334
 40
0.2577777777777777
 40
0.2622222222222222
 40
0.2666666666666666
 40
0.271111111111111
 40
0.2755555555555555
 40
0.2799999999999998
 40
0.2844444444444443
 40
0.2888888888888887
 40
0.2933333333333331
 40
0.2977777777777775
 40
0.3022222222222219
 40
0.3066666666666664
 40
0.3111111111111108
 40
0.3155555555555552
 40
0.3199999999999996
 40
0.324444444444444
 40
0.3288888888888884
 40
0.3333333333333329
 40
0.3377777777777773
 40
0.3422222222222217
 40
0.3466666666666661
 40
0.3511111111111105
 40
0.355555555555555
 40
0.3599999999999994
 40
0.3644444444444438
 40
0.3688888888888882
 40
0.3733333333333326
 40
0.3777777777777771
 40
0.3822222222222215
 40
0.3866666666666659
 40
0.3911111111111103
 40
0.3955555555555547
 40
0.3999999999999991
 40
0.4044444444444436
 40
0.408888888888888
 40
0.4133333333333324
 40
0.4177777777777769
 40
0.4222222222222213
 40
0.4266666666666657
 40
0.4311111111111101
 40
0.4355555555555545
 40
0.4399999999999989
 40
0.4444444444444433
 40
0.4488888888888878
 40
0.4533333333333322
 40
0.4577777777777766
 40
0.462222222222221
 40
0.4666666666666654
 40
0.4711111111111098
 40
0.4755555555555543
 40
0.4799999999999987
 40
0.4844444444444431
 40
0.4888888888888875
 40
0.493333333333332
 40
0.4977777777777764
 40
0.5022222222222208
 40
0.5066666666666653
 40
0.5111111111111098
 40
0.5155555555555543
 40
0.5199999999999987
 40
0.5244444444444432
 40
0.5288888888888877
 40
0.5333333333333322
 40
0.5377777777777766
 40
0.542222222222221
 40
0.5466666666666656
 40
0.5511111111111101
 40
0.5555555555555545
 40
0.5599999999999989
 40
0.5644444444444435
 40
0.568888888888888
 40
0.5733333333333324
 40
0.5777777777777768
 40
0.5822222222222213
 40
0.5866666666666659
 40
0.5911111111111103
 40
0.5955555555555547
 40
0.5999999999999992
 40
0.6044444444444438
 40
0.6088888888888882
 40
0.6133333333333326
 40
0.6177777777777771
 40
0.6222222222222216
 40
0.6266666666666661
 40
0.6311111111111105
 40
0.635555555555555
 40
0.6399999999999995
 40
0.644444444444444
 40
0.6488888888888884
 40
0.6533333333333329
 40
0.6577777777777774
 40
0.6622222222222219
 40
0.6666666666666663
 40
0.6711111111111108
 40
0.6755555555555553
 40
0.6799999999999998
 40
0.6844444444444442
 40
0.6888888888888887
 40
0.6933333333333332
 40
0.6977777777777776
 40
0.7022222222222221
 40
0.7066666666666666
 40
0.7111111111111111
 40
0.7155555555555555
 40
0.72
 40
0.7244444444444445
 40
0.728888888888889
 40
0.7333333333333334
 40
0.7377777777777779
 40
0.7422222222222224
 40
0.7466666666666669
 40
0.7511111111111113
 40
0.7555555555555558
 40
0.7600000000000003
 40
0.7644444444444448
 40
0.7688888888888892
 40
0.7733333333333336
 40
0.7777777777777782
 40
0.7822222222222227
 40
0.7866666666666671
 40
0.7911111111111115
 40
0.7955555555555561
 40
0.8000000000000005
 40
0.8044444444444449
 40
0.8088888888888893
 40
0.8133333333333339
 40
0.8177777777777784
 40
0.8222222222222228
 40
0.8266666666666672
 40
0.8311111111111117
 40
0.8355555555555563
 40
0.8400000000000007
 40
0.8444444444444451
 40
0.8488888888888897
 40
0.8533333333333342
 40
0.8577777777777786
 40
0.862222222222223
 40
0.8666666666666674
 40
0.8711111111111121
 40
0.8755555555555565
 40
0.8800000000000009
 40
0.8844444444444455
 40
0.8888888888888899
 40
0.8933333333333344
 40
0.8977777777777788
 40
0.9022222222222232
 40
0.9066666666666678
 40
0.9111111111111123
 40
0.9155555555555567
 40
0.9200000000000013
 40
0.9244444444444457
 40
0.9288888888888902
 40
0.9333333333333346
 40
0.937777777777779
 40
0.9422222222222236
 40
0.946666666666668
 40
0.9511111111111125
 40
0.9555555555555571
 40
0.9600000000000015
 40
0.9644444444444459
 40
0.9688888888888904
 40
0.9733333333333348
 40
0.9777777777777794
 40
0.9822222222222238
 40
0.9866666666666683
 40
0.9911111111111129
 40
0.9955555555555573
 40
1.0
 40
1.0
 40
1.0
 40
1.0
 40
1.0
 40
1.0
 10
547.7470902478359
 20
44.3733092746277
 30
0.0
 41
1.0
 10
547.7518534344713
 20
44.37211482615339
 30
0.0
 41
1.0
 10
547.7612217637441
 20
44.36971563840412
 30
0.0
 41
1.0
 10
547.774800128004
 20
44.36608598409677
 30
0.0
 41
1.0
 10
547.7919563035802
 20
44.36118470010498
 30
0.0
 41
1.0
 10
547.8118318859474
 20
44.3549535072556
 30
0.0
 41
1.0
 10
547.8301703981458
 20
44.34861275262264
 30
0.0
 41
1.0
 10
547.8470378702647
 20
44.3421524230909
 30
0.0
 41
1.0
 10
547.8625431457276
 20
44.33555601231439
 30
0.0
 41
1.0
 10
547.8768530832946
 20
44.32879836537303
 30
0.0
 41
1.0
 10
547.8901876411273
 20
44.32184591523579
 30
0.0
 41
1.0
 10
547.9027897517536
 20
44.3146597784753
 30
0.0
 41
1.0
 10
547.914900550336
 20
44.30719843259218
 30
0.0
 41
1.0
 10
547.9267345575955
 20
44.29941991164554
 30
0.0
 41
1.0
 10
547.9384495636123
 20
44.29128583275037
 30
0.0
 41
1.0
 10
547.9501454838763
 20
44.2827565738769
 30
0.0
 41
1.0
 10
547.9618787730849
 20
44.27378208334708
 30
0.0
 41
1.0
 10
547.9736721809912
 20
44.26429349626481
 30
0.0
 41
1.0
 10
547.9855259592357
 20
44.25419565327384
 30
0.0
 41
1.0
 10
547.9974297103284
 20
44.24335593868363
 30
0.0
 41
1.0
 10
548.0093540103515
 20
44.2316463592866
 30
0.0
 41
1.0
 10
548.021240432159
 20
44.21898934229854
 30
0.0
 41
1.0
 10
548.0329914454546
 20
44.20540411816531
 30
0.0
 41
1.0
 10
548.0444619741
 20
44.19104848733987
 30
0.0
 41
1.0
 10
548.0554459776876
 20
44.17627418452354
 30
0.0
 41
1.0
 10
548.0657167303498
 20
44.16153473940092
 30
0.0
 41
1.0
 10
548.0750724070687
 20
44.14727790946756
 30
0.0
 41
1.0
 10
548.0833821524334
 20
44.13383871394938
 30
0.0
 41
1.0
 10
548.0906265726107
 20
44.12134330889251
 30
0.0
 41
1.0
 10
548.0969546094279
 20
44.10957935582228
 30
0.0
 41
1.0
 10
548.1026303340398
 20
44.09809288968808
 30
0.0
 41
1.0
 10
548.1079483338056
 20
44.08634921395851
 30
0.0
 41
1.0
 10
548.1131635696316
 20
44.07386543323756
 30
0.0
 41
1.0
 10
548.1184063734038
 20
44.0603701711738
 30
0.0
 41
1.0
 10
548.1236304103608
 20
44.04590531087087
 30
0.0
 41
1.0
 10
548.1286855727449
 20
44.03070904942865
 30
0.0
 41
1.0
 10
548.1333748980086
 20
44.01512794551528
 30
0.0
 41
1.0
 10
548.1375132931582
 20
43.99952314291081
 30
0.0
 41
1.0
 10
548.1409959961728
 20
43.98416608610318
 30
0.0
 41
1.0
 10
548.1438274059099
 20
43.96918277021072
 30
0.0
 41
1.0
 10
548.1460734838045
 20
43.95459512205651
 30
0.0
 41
1.0
 10
548.1478293000568
 20
43.94034070562121
 30
0.0
 41
1.0
 10
548.1491840458541
 20
43.92630168285393
 30
0.0
 41
1.0
 10
548.1501784282382
 20
43.91232841751175
 30
0.0
 41
1.0
 10
548.1508028642654
 20
43.89827116915306
 30
0.0
 41
1.0
 10
548.1510279112864
 20
43.88401508308852
 30
0.0
 41
1.0
 10
548.150825847164
 20
43.86951584829727
 30
0.0
 41
1.0
 10
548.1501946360501
 20
43.85483170218002
 30
0.0
 41
1.0
 10
548.1491842225215
 20
43.84016604046415
 30
0.0
 41
1.0
 10
548.147879037216
 20
43.82578723720818
 30
0.0
 41
1.0
 10
548.1463741295881
 20
43.81192976088087
 30
0.0
 41
1.0
 10
548.1447547572531
 20
43.79870877903236
 30
0.0
 41
1.0
 10
548.1430718166138
 20
43.78601323839625
 30
0.0
 41
1.0
 10
548.1413271931971
 20
43.77345572393362
 30
0.0
 41
1.0
 10
548.1394976500764
 20
43.76054475726121
 30
0.0
 41
1.0
 10
548.1375543121583
 20
43.74683428016162
 30
0.0
 41
1.0
 10
548.1354815173696
 20
43.73206277226408
 30
0.0
 41
1.0
 10
548.1333017550546
 20
43.71634453205665
 30
0.0
 41
1.0
 10
548.1310693827731
 20
43.70010388358302
 30
0.0
 41
1.0
 10
548.1288476268262
 20
43.68387285709765
 30
0.0
 41
1.0
 10
548.1266897524538
 20
43.66812252286301
 30
0.0
 41
1.0
 10
548.1246207871087
 20
43.65309981109973
 30
0.0
 41
1.0
 10
548.1226131728093
 20
43.63861229921035
 30
0.0
 41
1.0
 10
548.1206012724705
 20
43.62414409899972
 30
0.0
 41
1.0
 10
548.1185092007256
 20
43.60908529613737
 30
0.0
 41
1.0
 10
548.116274781314
 20
43.59292817996809
 30
0.0
 41
1.0
 10
548.1138739026834
 20
43.57546741225089
 30
0.0
 41
1.0
 10
548.1113479560617
 20
43.55702499429504
 30
0.0
 41
1.0
 10
548.1087813401753
 20
43.53826878768067
 30
0.0
 41
1.0
 10
548.1062747169475
 20
43.51999638157234
 30
0.0
 41
1.0
 10
548.103918560985
 20
43.50292137710649
 30
0.0
 41
1.0
 10
548.1017694097364
 20
43.48748164771599
 30
0.0
 41
1.0
 10
548.0998177308099
 20
43.47357935739339
 30
0.0
 41
1.0
 10
548.0980019367308
 20
43.46069666968151
 30
0.0
 41
1.0
 10
548.0962408053992
 20
43.44816129212134
 30
0.0
 41
1.0
 10
548.0944590306954
 20
43.43535611074511
 30
0.0
 41
1.0
 10
548.0926176171701
 20
43.42196822020703
 30
0.0
 41
1.0
 10
548.0907365609423
 20
43.40817524403234
 30
0.0
 41
1.0
 10
548.0888638253126
 20
43.39439371584795
 30
0.0
 41
1.0
 10
548.0870469969456
 20
43.38105004788367
 30
0.0
 41
1.0
 10
548.0853077209677
 20
43.36837241090425
 30
0.0
 41
1.0
 10
548.0836057632014
 20
43.35610233758803
 30
0.0
 41
1.0
 10
548.0818444850513
 20
43.34352791839233
 30
0.0
 41
1.0
 10
548.0799146508737
 20
43.3298152540938
 30
0.0
 41
1.0
 10
548.0777285601998
 20
43.31426399321767
 30
0.0
 41
1.0
 10
548.0752560809695
 20
43.29657929173809
 30
0.0
 41
1.0
 10
548.0725653211764
 20
43.27717555557796
 30
0.0
 41
1.0
 10
548.0697882844359
 20
43.25694474340995
 30
0.0
 41
1.0
 10
548.0670792438637
 20
43.23697123499204
 30
0.0
 41
1.0
 10
548.0645733912572
 20
43.21825143208592
 30
0.0
 41
1.0
 10
548.0623506929391
 20
43.20144432688962
 30
0.0
 41
1.0
 10
548.060384327578
 20
43.1865271315592
 30
0.0
 41
1.0
 10
548.0585504368843
 20
43.17283079055293
 30
0.0
 41
1.0
 10
548.0566888078096
 20
43.15939323420721
 30
0.0
 41
1.0
 10
548.0546510640611
 20
43.14523178793905
 30
0.0
 41
1.0
 10
548.0523497249481
 20
43.12962856402663
 30
0.0
 41
1.0
 10
548.0498178941713
 20
43.11246250368448
 30
0.0
 41
1.0
 10
548.0471803350495
 20
43.09411935494978
 30
0.0
 41
1.0
 10
548.0446038239403
 20
43.07529767322531
 30
0.0
 41
1.0
 10
548.0422523056167
 20
43.0568471281661
 30
0.0
 41
1.0
 10
548.0402452548421
 20
43.03960113489271
 30
0.0
 41
1.0
 10
548.0386015663316
 20
43.02419225826248
 30
0.0
 41
1.0
 10
548.0372523156047
 20
43.01096804247222
 30
0.0
 41
1.0
 10
548.0360958021881
 20
42.99996676374369
 30
0.0
 41
1.0
 10
548.0350385043903
 20
42.99087905655852
 30
0.0
 41
1.0
 10
548.0340445062751
 20
42.98300561442328
 30
0.0
 41
1.0
 10
548.033173688008
 20
42.97524473096146
 30
0.0
 41
1.0
 10
548.0325298518122
 20
42.9664287261928
 30
0.0
 41
1.0
 10
548.0322167029725
 20
42.95562390631442
 30
0.0
 41
1.0
 10
548.0322887400982
 20
42.9424613389818
 30
0.0
 41
1.0
 10
548.0327101786033
 20
42.92740788312041
 30
0.0
 41
1.0
 10
548.0333946315925
 20
42.91139718133262
 30
0.0
 41
1.0
 10
548.0342412195195
 20
42.89548817507238
 30
0.0
 41
1.0
 10
548.0351687513184
 20
42.8805420327793
 30
0.0
 41
1.0
 10
548.0361584498246
 20
42.86682324436711
 30
0.0
 41
1.0
 10
548.0372677773151
 20
42.85385569353827
 30
0.0
 41
1.0
 10
548.038581348281
 20
42.84083692422385
 30
0.0
 41
1.0
 10
548.040172191427
 20
42.82695631970007
 30
0.0
 41
1.0
 10
548.0420641583862
 20
42.81171390777689
 30
0.0
 41
1.0
 10
548.0441805846534
 20
42.79533362860991
 30
0.0
 41
1.0
 10
548.0463726503814
 20
42.77860783268721
 30
0.0
 41
1.0
 10
548.0484804225225
 20
42.76250510449504
 30
0.0
 41
1.0
 10
548.0503857668573
 20
42.747840817131
 30
0.0
 41
1.0
 10
548.0520631833824
 20
42.73495267709098
 30
0.0
 41
1.0
 10
548.0536458128558
 20
42.72329285121195
 30
0.0
 41
1.0
 10
548.0553681907086
 20
42.71171851018777
 30
0.0
 41
1.0
 10
548.0574768448
 20
42.69896308317321
 30
0.0
 41
1.0
 10
548.0601582394175
 20
42.68401393214229
 30
0.0
 41
1.0
 10
548.0634448291216
 20
42.66660220930575
 30
0.0
 41
1.0
 10
548.0671775831516
 20
42.64740962465189
 30
0.0
 41
1.0
 10
548.0711035805057
 20
42.62760160217126
 30
0.0
 41
1.0
 10
548.0749478986687
 20
42.60848857748118
 30
0.0
 41
1.0
 10
548.078495339853
 20
42.59113812312445
 30
0.0
 41
1.0
 10
548.0816687791834
 20
42.57600431557229
 30
0.0
 41
1.0
 10
548.0846067888637
 20
42.56255964272153
 30
0.0
 41
1.0
 10
548.0875763455368
 20
42.54968417616332
 30
0.0
 41
1.0
 10
548.0908853412715
 20
42.53605526082541
 30
0.0
 41
1.0
 10
548.09480028983
 20
42.52051399421681
 30
0.0
 41
1.0
 10
548.0994497710046
 20
42.50249575424955
 30
0.0
 41
1.0
 10
548.104772570601
 20
42.48225977084423
 30
0.0
 41
1.0
 10
548.110587335816
 20
42.46057138188
 30
0.0
 41
1.0
 10
548.1166389011386
 20
42.43849024218139
 30
0.0
 41
1.0
 10
548.1226554112688
 20
42.41710771342837
 30
0.0
 41
1.0
 10
548.1283972103496
 20
42.39732650088086
 30
0.0
 41
1.0
 10
548.1337184289624
 20
42.37957022110172
 30
0.0
 41
1.0
 10
548.1385769865556
 20
42.36378297973082
 30
0.0
 41
1.0
 10
548.1430171533738
 20
42.3495793589868
 30
0.0
 41
1.0
 10
548.1471618127317
 20
42.33634863259425
 30
0.0
 41
1.0
 10
548.1511980441617
 20
42.32337606733224
 30
0.0
 41
1.0
 10
548.1553722787011
 20
42.30996159053944
 30
0.0
 41
1.0
 10
548.1599474091208
 20
42.29551360485
 30
0.0
 41
1.0
 10
548.1651440366157
 20
42.2796230079659
 30
0.0
 41
1.0
 10
548.171082896364
 20
42.26215072882833
 30
0.0
 41
1.0
 10
548.1777351977584
 20
42.24329386040214
 30
0.0
 41
1.0
 10
548.1848480756528
 20
42.22370136751035
 30
0.0
 41
1.0
 10
548.1920142187251
 20
42.20431813978702
 30
0.0
 41
1.0
 10
548.1987873215386
 20
42.18614445992578
 30
0.0
 41
1.0
 10
548.2047879758957
 20
42.17001141428777
 30
0.0
 41
1.0
 10
548.2098010478952
 20
42.15637641936126
 30
0.0
 41
1.0
 10
548.2139071209781
 20
42.14504500938392
 30
0.0
 41
1.0
 10
548.2174911595288
 20
42.13515579755057
 30
0.0
 41
1.0
 10
548.2210617389251
 20
42.12557074128241
 30
0.0
 41
1.0
 10
548.2251180228654
 20
42.11516333969626
 30
0.0
 41
1.0
 10
548.2299919301239
 20
42.10315973798557
 30
0.0
 41
1.0
 10
548.2357164736714
 20
42.08942428468446
 30
0.0
 41
1.0
 10
548.2421245546476
 20
42.07425678986567
 30
0.0
 41
1.0
 10
548.2489358351312
 20
42.05821532931782
 30
0.0
 41
1.0
 10
548.2558448243852
 20
42.04193575063179
 30
0.0
 41
1.0
 10
548.2626159659968
 20
42.02593811181898
 30
0.0
 41
1.0
 10
548.2691528743102
 20
42.01048273846804
 30
0.0
 41
1.0
 10
548.2754557954096
 20
41.99564214671365
 30
0.0
 41
1.0
 10
548.2815950269286
 20
41.98134173753675
 30
0.0
 41
1.0
 10
548.2876789536633
 20
41.96741184973859
 30
0.0
 41
1.0
 10
548.2938224027523
 20
41.95363689590369
 30
0.0
 41
1.0
 10
548.3001210342335
 20
41.93979965801993
 30
0.0
 41
1.0
 10
548.3066513291348
 20
41.92569887862781
 30
0.0
 41
1.0
 10
548.3134659242774
 20
41.91117268307941
 30
0.0
 41
1.0
 10
548.3205914885537
 20
41.89611717295505
 30
0.0
 41
1.0
 10
548.3280238188699
 20
41.88051312296074
 30
0.0
 41
1.0
 10
548.3357298958282
 20
41.86442862902083
 30
0.0
 41
1.0
 10
548.343661705703
 20
41.84797939930735
 30
0.0
 41
1.0
 10
548.3517676258981
 20
41.83129795253002
 30
0.0
 41
1.0
 10
548.3600044657361
 20
41.81450025702247
 30
0.0
 41
1.0
 10
548.3683499813789
 20
41.79765108210272
 30
0.0
 41
1.0
 10
548.3768129562553
 20
41.78073697473543
 30
0.0
 41
1.0
 10
548.3854288366465
 20
41.76368580448407
 30
0.0
 41
1.0
 10
548.3942569496186
 20
41.74638069135962
 30
0.0
 41
1.0
 10
548.4033774989952
 20
41.72867589269671
 30
0.0
 41
1.0
 10
548.4128877641668
 20
41.71041234170445
 30
0.0
 41
1.0
 10
548.4229009694586
 20
41.69143205335874
 30
0.0
 41
1.0
 10
548.4335271968117
 20
41.67160248307332
 30
0.0
 41
1.0
 10
548.4448489173481
 20
41.6508442982835
 30
0.0
 41
1.0
 10
548.4568990707355
 20
41.62915701211982
 30
0.0
 41
1.0
 10
548.4696364371767
 20
41.60664772012783
 30
0.0
 41
1.0
 10
548.4829259846378
 20
41.58355337911448
 30
0.0
 41
1.0
 10
548.4965070893635
 20
41.56027929458531
 30
0.0
 41
1.0
 10
548.5100424417693
 20
41.53732906694116
 30
0.0
 41
1.0
 10
548.523188526348
 20
41.51520537594684
 30
0.0
 41
1.0
 10
548.5356566235203
 20
41.49432375962884
 30
0.0
 41
1.0
 10
548.5472825768844
 20
41.47491405983377
 30
0.0
 41
1.0
 10
548.5580816719241
 20
41.45694314501351
 30
0.0
 41
1.0
 10
548.5683376516864
 20
41.43998863749956
 30
0.0
 41
1.0
 10
548.5785606356883
 20
41.42330096426341
 30
0.0
 41
1.0
 10
548.5893343108531
 20
41.4060245135947
 30
0.0
 41
1.0
 10
548.6011967397646
 20
41.38737046165651
 30
0.0
 41
1.0
 10
548.61450255066
 20
41.36681641396535
 30
0.0
 41
1.0
 10
548.6293043160115
 20
41.34427832771869
 30
0.0
 41
1.0
 10
548.6451960354457
 20
41.32033726785468
 30
0.0
 41
1.0
 10
548.661445143914
 20
41.29604851539347
 30
0.0
 41
1.0
 10
548.6771806162693
 20
41.27266948827823
 30
0.0
 41
1.0
 10
548.6915569673998
 20
41.25142251323481
 30
0.0
 41
1.0
 10
548.7039387402719
 20
41.23322804033868
 30
0.0
 41
1.0
 10
548.7140521260381
 20
41.21848520140655
 30
0.0
 41
1.0
 10
548.7222099580105
 20
41.20674672724749
 30
0.0
 41
1.0
 10
548.7292829056591
 20
41.19675924954012
 30
0.0
 41
1.0
 10
548.736377210224
 20
41.18692612746365
 30
0.0
 41
1.0
 10
548.7445801047893
 20
41.17567274645878
 30
0.0
 41
1.0
 10
548.7546952617703
 20
41.16182636891071
 30
0.0
 41
1.0
 10
548.7669370666273
 20
41.14505476033802
 30
0.0
 41
1.0
 10
548.7810090698676
 20
41.12575531358903
 30
0.0
 41
1.0
 10
548.7962735285619
 20
41.10481385983987
 30
0.0
 41
1.0
 10
548.8118879523097
 20
41.0834106662979
 30
0.0
 41
1.0
 10
548.8269587918355
 20
41.06280195887013
 30
0.0
 41
1.0
 10
548.8406799817758
 20
41.04412299294068
 30
0.0
 41
1.0
 10
548.8524984355802
 20
41.02815287787969
 30
0.0
 41
1.0
 10
548.8620871077113
 20
41.01535226498889
 30
0.0
 41
1.0
 10
548.8678421600094
 20
41.0078333972169
 30
0.0
 41
1.0
 10
548.8710563700873
 20
41.00375951657269
 30
0.0
 41
1.0
 10
548.8727093443051
 20
41.0017392994542
 30
0.0
 41
1.0
 10
548.8734133753247
 20
41.00090311383656
 30
0.0
 41
1.0
  0
ARC
  5
128
330
70
100
AcDbEntity
  8
Untitled v10_Sketch14
100
AcDbCircle
 10
549.0000081807375
 20
50.00000074505805
 30
0.0
 40
5.764499999999999
100
AcDbArc
 50
107.152734498768
 51
113.4465274545665
  0
ARC
  5
129
330
70
100
AcDbEntity
  8
Untitled v10_Sketch14
100
AcDbCircle
 10
517.9598076124584
 20
50.37661352111499
 30
0.0
 40
24.37862958254259
100
AcDbArc
 50
274.7016270909385
 51
277.3010552526093
  0
SPLINE
  5
12A
330
70
100
AcDbEntity
  8
Untitled v10_Sketch14
100
AcDbSpline
210
0.0
220
0.0
230
1.0
 70
    12
 71
     5
 72
   156
 73
   150
 74
     0
 42
0.000000001
 43
0.0000000001
 40
0.0
 40
0.0
 40
0.0
 40
0.0
 40
0.0
 40
0.0
 40
0.0068965517241379
 40
0.0137931034482759
 40
0.0206896551724138
 40
0.0275862068965517
 40
0.0344827586206897
 40
0.0413793103448276
 40
0.0482758620689655
 40
0.0551724137931035
 40
0.0620689655172414
 40
0.0689655172413793
 40
0.0758620689655173
 40
0.0827586206896552
 40
0.0896551724137931
 40
0.0965517241379311
 40
0.103448275862069
 40
0.1103448275862069
 40
0.1172413793103448
 40
0.1241379310344828
 40
0.1310344827586207
 40
0.1379310344827586
 40
0.1448275862068966
 40
0.1517241379310345
 40
0.1586206896551725
 40
0.1655172413793104
 40
0.1724137931034483
 40
0.1793103448275863
 40
0.1862068965517242
 40
0.1931034482758622
 40
0.2000000000000001
 40
0.2068965517241381
 40
0.213793103448276
 40
0.220689655172414
 40
0.2275862068965519
 40
0.2344827586206899
 40
0.2413793103448278
 40
0.2482758620689657
 40
0.2551724137931037
 40
0.2620689655172416
 40
0.2689655172413796
 40
0.2758620689655175
 40
0.2827586206896555
 40
0.2896551724137934
 40
0.2965517241379314
 40
0.3034482758620693
 40
0.3103448275862072
 40
0.3172413793103452
 40
0.3241379310344831
 40
0.3310344827586211
 40
0.337931034482759
 40
0.344827586206897
 40
0.3517241379310349
 40
0.3586206896551729
 40
0.3655172413793108
 40
0.3724137931034487
 40
0.3793103448275867
 40
0.3862068965517246
 40
0.3931034482758626
 40
0.4000000000000006
 40
0.4068965517241385
 40
0.4137931034482765
 40
0.4206896551724144
 40
0.4275862068965524
 40
0.4344827586206903
 40
0.4413793103448282
 40
0.4482758620689661
 40
0.4551724137931041
 40
0.462068965517242
 40
0.46896551724138
 40
0.4758620689655179
 40
0.4827586206896559
 40
0.4896551724137938
 40
0.4965517241379318
 40
0.5034482758620697
 40
0.5103448275862076
 40
0.5172413793103456
 40
0.5241379310344835
 40
0.5310344827586215
 40
0.5379310344827594
 40
0.5448275862068974
 40
0.5517241379310353
 40
0.5586206896551733
 40
0.5655172413793112
 40
0.5724137931034491
 40
0.579310344827587
 40
0.586206896551725
 40
0.5931034482758629
 40
0.6000000000000009
 40
0.6068965517241388
 40
0.6137931034482768
 40
0.6206896551724147
 40
0.6275862068965527
 40
0.6344827586206906
 40
0.6413793103448286
 40
0.6482758620689665
 40
0.6551724137931045
 40
0.6620689655172424
 40
0.6689655172413804
 40
0.6758620689655183
 40
0.6827586206896563
 40
0.6896551724137942
 40
0.6965517241379322
 40
0.7034482758620701
 40
0.710344827586208
 40
0.7172413793103459
 40
0.7241379310344839
 40
0.7310344827586218
 40
0.7379310344827598
 40
0.7448275862068977
 40
0.7517241379310357
 40
0.7586206896551736
 40
0.7655172413793116
 40
0.7724137931034495
 40
0.7793103448275875
 40
0.7862068965517254
 40
0.7931034482758634
 40
0.8000000000000012
 40
0.8068965517241391
 40
0.8137931034482772
 40
0.8206896551724151
 40
0.827586206896553
 40
0.8344827586206909
 40
0.841379310344829
 40
0.8482758620689669
 40
0.8551724137931048
 40
0.8620689655172427
 40
0.8689655172413807
 40
0.8758620689655186
 40
0.8827586206896565
 40
0.8896551724137944
 40
0.8965517241379325
 40
0.9034482758620704
 40
0.9103448275862083
 40
0.9172413793103462
 40
0.9241379310344843
 40
0.9310344827586222
 40
0.9379310344827601
 40
0.944827586206898
 40
0.9517241379310361
 40
0.958620689655174
 40
0.9655172413793119
 40
0.9724137931034498
 40
0.9793103448275878
 40
0.9862068965517257
 40
0.9931034482758636
 40
1.0
 40
1.0
 40
1.0
 40
1.0
 40
1.0
 40
1.0
 10
522.0768659225151
 20
29.6396547893329
 30
0.0
 41
1.0
 10
522.0731991812563
 20
29.6397301472937
 30
0.0
 41
1.0
 10
522.0656670642114
 20
29.63963772202293
 30
0.0
 41
1.0
 10
522.0537729786416
 20
29.63876965692197
 30
0.0
 41
1.0
 10
522.0367223412242
 20
29.63615330079746
 30
0.0
 41
1.0
 10
522.0134843033917
 20
29.6304871267446
 30
0.0
 41
1.0
 10
521.9885085587033
 20
29.62253443995172
 30
0.0
 41
1.0
 10
521.9621680874641
 20
29.61251351804495
 30
0.0
 41
1.0
 10
521.935089231772
 20
29.60079122101398
 30
0.0
 41
1.0
 10
521.9082003902916
 20
29.58791195619102
 30
0.0
 41
1.0
 10
521.8825361164353
 20
29.57448842977368
 30
0.0
 41
1.0
 10
521.8590616703094
 20
29.56110405182737
 30
0.0
 41
1.0
 10
521.8384812861489
 20
29.54820591968261
 30
0.0
 41
1.0
 10
521.821072866758
 20
29.53601326379098
 30
0.0
 41
1.0
 10
521.8064598950909
 20
29.5243890085461
 30
0.0
 41
1.0
 10
521.7938250841394
 20
29.512973501189
 30
0.0
 41
1.0
 10
521.7822434209799
 20
29.50139213818729
 30
0.0
 41
1.0
 10
521.7709452269609
 20
29.48941497089087
 30
0.0
 41
1.0
 10
521.7596767149975
 20
29.47718970591257
 30
0.0
 41
1.0
 10
521.7487847155544
 20
29.46525999806294
 30
0.0
 41
1.0
 10
521.7388165319078
 20
29.45419961966828
 30
0.0
 41
1.0
 10
521.7302425596791
 20
29.44434867900032
 30
0.0
 41
1.0
 10
521.7230977783093
 20
29.43547325229227
 30
0.0
 41
1.0
 10
521.7167522268174
 20
29.4265631690393
 30
0.0
 41
1.0
 10
521.7103209403502
 20
29.41635261814808
 30
0.0
 41
1.0
 10
521.7029814191715
 20
29.403732148794
 30
0.0
 41
1.0
 10
521.6943641377087
 20
29.38825173987004
 30
0.0
 41
1.0
 10
521.6848016209458
 20
29.37044012111524
 30
0.0
 41
1.0
 10
521.675011022655
 20
29.35137675240277
 30
0.0
 41
1.0
 10
521.665841607738
 20
29.33235130231541
 30
0.0
 41
1.0
 10
521.6580217722679
 20
29.3145184753683
 30
0.0
 41
1.0
 10
521.6518453517783
 20
29.2984827336794
 30
0.0
 41
1.0
 10
521.6471723712061
 20
29.28425210046984
 30
0.0
 41
1.0
 10
521.643633326406
 20
29.27142357410805
 30
0.0
 41
1.0
 10
521.6407620333054
 20
29.25929988023958
 30
0.0
 41
1.0
 10
521.6381795650043
 20
29.24702964892765
 30
0.0
 41
1.0
 10
521.63568078693
 20
29.23375665797981
 30
0.0
 41
1.0
 10
521.6331932875712
 20
29.21882651954487
 30
0.0
 41
1.0
 10
521.6307637906151
 20
29.20195545522677
 30
0.0
 41
1.0
 10
521.6285375103261
 20
29.18346626521115
 30
0.0
 41
1.0
 10
521.6267282955884
 20
29.16433328844098
 30
0.0
 41
1.0
 10
521.625550189302
 20
29.14572600150912
 30
0.0
 41
1.0
 10
521.6251539980675
 20
29.12862992759958
 30
0.0
 41
1.0
 10
521.6255674059871
 20
29.11346827193679
 30
0.0
 41
1.0
 10
521.626618959267
 20
29.09964119121008
 30
0.0
 41
1.0
 10
521.6280128459446
 20
29.08590530233542
 30
0.0
 41
1.0
 10
521.6294363284858
 20
29.07093436672298
 30
0.0
 41
1.0
 10
521.6306453975991
 20
29.05376421108379
 30
0.0
 41
1.0
 10
521.6315850019991
 20
29.03441459674909
 30
0.0
 41
1.0
 10
521.6323594898739
 20
29.0137550455736
 30
0.0
 41
1.0
 10
521.6331330019788
 20
28.9930202974842
 30
0.0
 41
1.0
 10
521.6340545049806
 20
28.9734453508346
 30
0.0
 41
1.0
 10
521.6351669162491
 20
28.95583067777506
 30
0.0
 41
1.0
 10
521.6363393002665
 20
28.94019541139947
 30
0.0
 41
1.0
 10
521.6373620286
 20
28.92602251794868
 30
0.0
 41
1.0
 10
521.6380304192161
 20
28.91245673519583
 30
0.0
 41
1.0
 10
521.6382284525868
 20
28.89851724884849
 30
0.0
 41
1.0
 10
521.6380237955853
 20
28.88331159927972
 30
0.0
 41
1.0
 10
521.6376023127476
 20
28.86617356187662
 30
0.0
 41
1.0
 10
521.6371786329403
 20
28.84680545524169
 30
0.0
 41
1.0
 10
521.6369246243475
 20
28.8253908355443
 30
0.0
 41
1.0
 10
521.6368678939979
 20
28.80278767887641
 30
0.0
 41
1.0
 10
521.6368957163394
 20
28.78040648051451
 30
0.0
 41
1.0
 10
521.6368457333984
 20
28.75982133296838
 30
0.0
 41
1.0
 10
521.6365745954078
 20
28.7424524452261
 30
0.0
 41
1.0
 10
521.6360304115089
 20
28.72922828131419
 30
0.0
 41
1.0
 10
521.6353373041487
 20
28.72023200224402
 30
0.0
 41
1.0
 10
521.6346976910367
 20
28.71473274387123
 30
0.0
 41
1.0
 10
521.634283057243
 20
28.71128334558584
 30
0.0
 41
1.0
 10
521.6341117327487
 20
28.70774944265654
 30
0.0
 41
1.0
 10
521.6339848100567
 20
28.7015079278463
 30
0.0
 41
1.0
 10
521.6336379887537
 20
28.69029209674325
 30
0.0
 41
1.0
 10
521.6328433234508
 20
28.67282175843571
 30
0.0
 41
1.0
 10
521.6315610191566
 20
28.64975891782221
 30
0.0
 41
1.0
 10
521.6299354994999
 20
28.62345963102109
 30
0.0
 41
1.0
 10
521.6281951633142
 20
28.59695717900179
 30
0.0
 41
1.0
 10
521.6265767806731
 20
28.57313130746581
 30
0.0
 41
1.0
 10
521.6252478813319
 20
28.55389304715826
 30
0.0
 41
1.0
 10
521.6242093923751
 20
28.53912882857212
 30
0.0
 41
1.0
 10
521.623320739937
 20
28.52704263428696
 30
0.0
 41
1.0
 10
521.6223848268611
 20
28.51517728549565
 30
0.0
 41
1.0
 10
521.621207265175
 20
28.50114033052128
 30
0.0
 41
1.0
 10
521.6196817075037
 20
28.48363616715167
 30
0.0
 41
1.0
 10
521.6177989104336
 20
28.46259124197585
 30
0.0
 41
1.0
 10
521.6155999468437
 20
28.43861172961635
 30
0.0
 41
1.0
 10
521.61314427177
 20
28.41262045700863
 30
0.0
 41
1.0
 10
521.6104739160868
 20
28.38544340885769
 30
0.0
 41
1.0
 10
521.6075735748274
 20
28.35735795794573
 30
0.0
 41
1.0
 10
521.6043829038093
 20
28.32818237790505
 30
0.0
 41
1.0
 10
521.6008196277313
 20
28.29747925257373
 30
0.0
 41
1.0
 10
521.5967993230438
 20
28.26472260478612
 30
0.0
 41
1.0
 10
521.5922555419472
 20
28.22947178221499
 30
0.0
 41
1.0
 10
521.5871623192703
 20
28.19156270890819
 30
0.0
 41
1.0
 10
521.581547790672
 20
28.15122856181374
 30
0.0
 41
1.0
 10
521.5754772473737
 20
28.10897473842104
 30
0.0
 41
1.0
 10
521.5690412100143
 20
28.06549441419741
 30
0.0
 41
1.0
 10
521.5623417447608
 20
28.0215695238004
 30
0.0
 41
1.0
 10
521.5554790588899
 20
27.97797495075283
 30
0.0
 41
1.0
 10
521.5485390866806
 20
27.93538845793202
 30
0.0
 41
1.0
 10
521.541577899889
 20
27.8942805239291
 30
0.0
 41
1.0
 10
521.534618429181
 20
27.85488294413447
 30
0.0
 41
1.0
 10
521.5276592878045
 20
27.81723484670868
 30
0.0
 41
1.0
 10
521.5206802572587
 20
27.7812075851252
 30
0.0
 41
1.0
 10
521.5136491812863
 20
27.74653799401756
 30
0.0
 41
1.0
 10
521.5065281374449
 20
27.7128585197214
 30
0.0
 41
1.0
 10
521.4992801906435
 20
27.67972744938894
 30
0.0
 41
1.0
 10
521.4918750799183
 20
27.64666270684403
 30
0.0
 41
1.0
 10
521.4842898024715
 20
27.61320000459016
 30
0.0
 41
1.0
 10
521.4765097945484
 20
27.57894723916747
 30
0.0
 41
1.0
 10
521.4685299266863
 20
27.5436417211802
 30
0.0
 41
1.0
 10
521.4603554854164
 20
27.50720314014403
 30
0.0
 41
1.0
 10
521.4520033919857
 20
27.46979579060139
 30
0.0
 41
1.0
 10
521.4435026510929
 20
27.43186515760996
 30
0.0
 41
1.0
 10
521.4348897624627
 20
27.39401234466797
 30
0.0
 41
1.0
 10
521.4262046784894
 20
27.3568856540189
 30
0.0
 41
1.0
 10
521.4174865786475
 20
27.32106703772635
 30
0.0
 41
1.0
 10
521.408769663289
 20
27.28695740811301
 30
0.0
 41
1.0
 10
521.4000790761871
 20
27.25467017786233
 30
0.0
 41
1.0
 10
521.3914263995256
 20
27.22390043868478
 30
0.0
 41
1.0
 10
521.3828098649733
 20
27.1940539285869
 30
0.0
 41
1.0
 10
521.3742151997017
 20
27.16440740186934
 30
0.0
 41
1.0
 10
521.3656161795222
 20
27.13426097572317
 30
0.0
 41
1.0
 10
521.3569754442176
 20
27.10308670315885
 30
0.0
 41
1.0
 10
521.3482448559783
 20
27.07069583872725
 30
0.0
 41
1.0
 10
521.3393670812465
 20
27.03734693374685
 30
0.0
 41
1.0
 10
521.3302834954776
 20
27.00354815091935
 30
0.0
 41
1.0
 10
521.3209410876587
 20
26.96990182164717
 30
0.0
 41
1.0
 10
521.3113001296256
 20
26.93692760538922
 30
0.0
 41
1.0
 10
521.3013406638037
 20
26.90490628082679
 30
0.0
 41
1.0
 10
521.2910716008584
 20
26.87368689923059
 30
0.0
 41
1.0
 10
521.2805313972307
 20
26.84259706134459
 30
0.0
 41
1.0
 10
521.2697456660173
 20
26.8107098954445
 30
0.0
 41
1.0
 10
521.258705526672
 20
26.77703425120402
 30
0.0
 41
1.0
 10
521.2473095598384
 20
26.74077143378945
 30
0.0
 41
1.0
 10
521.2353859741232
 20
26.70146018106449
 30
0.0
 41
1.0
 10
521.2225237550828
 20
26.65937131830028
 30
0.0
 41
1.0
 10
521.2085023216019
 20
26.61513512143135
 30
0.0
 41
1.0
 10
521.1933963989083
 20
26.56946458014882
 30
0.0
 41
1.0
 10
521.1774493283757
 20
26.52319003595668
 30
0.0
 41
1.0
 10
521.1610413684574
 20
26.47716684890241
 30
0.0
 41
1.0
 10
521.1446175431287
 20
26.43223765656703
 30
0.0
 41
1.0
 10
521.1286324700547
 20
26.38917064722591
 30
0.0
 41
1.0
 10
521.113488970259
 20
26.34860930508532
 30
0.0
 41
1.0
 10
521.0994763935864
 20
26.31101400959982
 30
0.0
 41
1.0
 10
521.0867866570176
 20
26.27669046050845
 30
0.0
 41
1.0
 10
521.0755348680073
 20
26.24582156441372
 30
0.0
 41
1.0
 10
521.067729540452
 20
26.22396276825176
 30
0.0
 41
1.0
 10
521.0625568414496
 20
26.20917747557788
 30
0.0
 41
1.0
 10
521.059411148466
 20
26.20003558118497
 30
0.0
 41
1.0
 10
521.0579139953472
 20
26.1956433759196
 30
0.0
 41
1.0
  0
SPLINE
  5
12B
330
70
100
AcDbEntity
  8
Untitled v10_Sketch14
100
AcDbSpline
210
0.0
220
0.0
230
1.0
 70
    12
 71
     5
 72
    86
 73
    80
 74
     0
 42
0.000000001
 43
0.0000000001
 40
0.0
 40
0.0
 40
0.0
 40
0.0
 40
0.0
 40
0.0
 40
0.0133333333333333
 40
0.0266666666666667
 40
0.04
 40
0.0533333333333333
 40
0.0666666666666667
 40
0.08
 40
0.0933333333333334
 40
0.1066666666666667
 40
0.12
 40
0.1333333333333333
 40
0.1466666666666667
 40
0.16
 40
0.1733333333333333
 40
0.1866666666666667
 40
0.2
 40
0.2133333333333333
 40
0.2266666666666667
 40
0.24
 40
0.2533333333333334
 40
0.2666666666666666
 40
0.28
 40
0.2933333333333333
 40
0.3066666666666666
 40
0.3199999999999999
 40
0.3333333333333332
 40
0.3466666666666665
 40
0.3599999999999998
 40
0.3733333333333331
 40
0.3866666666666665
 40
0.3999999999999997
 40
0.4133333333333331
 40
0.4266666666666664
 40
0.4399999999999997
 40
0.453333333333333
 40
0.4666666666666663
 40
0.4799999999999997
 40
0.493333333333333
 40
0.5066666666666663
 40
0.5199999999999996
 40
0.5333333333333329
 40
0.5466666666666662
 40
0.5599999999999996
 40
0.5733333333333328
 40
0.5866666666666661
 40
0.5999999999999995
 40
0.6133333333333328
 40
0.6266666666666661
 40
0.6399999999999994
 40
0.6533333333333326
 40
0.666666666666666
 40
0.6799999999999993
 40
0.6933333333333326
 40
0.706666666666666
 40
0.7199999999999993
 40
0.7333333333333325
 40
0.7466666666666658
 40
0.7599999999999991
 40
0.7733333333333325
 40
0.7866666666666658
 40
0.7999999999999991
 40
0.8133333333333323
 40
0.8266666666666656
 40
0.8399999999999989
 40
0.8533333333333322
 40
0.8666666666666655
 40
0.8799999999999988
 40
0.8933333333333322
 40
0.9066666666666655
 40
0.9199999999999988
 40
0.9333333333333321
 40
0.9466666666666654
 40
0.9599999999999987
 40
0.973333333333332
 40
0.9866666666666652
 40
1.0
 40
1.0
 40
1.0
 40
1.0
 40
1.0
 40
1.0
 10
519.9580461407476
 20
26.08001657613959
 30
0.0
 41
1.0
 10
519.9482037623507
 20
26.09552093047089
 30
0.0
 41
1.0
 10
519.9288565796414
 20
26.12605788592235
 30
0.0
 41
1.0
 10
519.9008485306352
 20
26.17044805530426
 30
0.0
 41
1.0
 10
519.8655304773734
 20
26.22680363703119
 30
0.0
 41
1.0
 10
519.8247397554882
 20
26.2925602221207
 30
0.0
 41
1.0
 10
519.7872400046684
 20
26.35373070713613
 30
0.0
 41
1.0
 10
519.7528957913806
 20
26.41052376487041
 30
0.0
 41
1.0
 10
519.7214756226814
 20
26.463295418047
 30
0.0
 41
1.0
 10
519.692632060353
 20
26.51257967367103
 30
0.0
 41
1.0
 10
519.6658652382928
 20
26.55914384747023
 30
0.0
 41
1.0
 10
519.6405508232385
 20
26.60394804037844
 30
0.0
 41
1.0
 10
519.6160189393307
 20
26.6480288308835
 30
0.0
 41
1.0
 10
519.5916199198344
 20
26.69240254173607
 30
0.0
 41
1.0
 10
519.5667922181219
 20
26.73796535759275
 30
0.0
 41
1.0
 10
519.5411372037134
 20
26.7853830763382
 30
0.0
 41
1.0
 10
519.5144673990704
 20
26.83502077941807
 30
0.0
 41
1.0
 10
519.4867461502558
 20
26.88703589622539
 30
0.0
 41
1.0
 10
519.4580450364837
 20
26.94144432936836
 30
0.0
 41
1.0
 10
519.4284926657428
 20
26.99820019733324
 30
0.0
 41
1.0
 10
519.3982314075738
 20
27.05726214168107
 30
0.0
 41
1.0
 10
519.3673604183526
 20
27.11868399078437
 30
0.0
 41
1.0
 10
519.335927033284
 20
27.18261846636059
 30
0.0
 41
1.0
 10
519.3039602516766
 20
27.24924499723703
 30
0.0
 41
1.0
 10
519.2714924062665
 20
27.3187188428339
 30
0.0
 41
1.0
 10
519.2385857720077
 20
27.39111126452968
 30
0.0
 41
1.0
 10
519.2053568641391
 20
27.46635387680289
 30
0.0
 41
1.0
 10
519.1720023241169
 20
27.54417998264121
 30
0.0
 41
1.0
 10
519.1388227174536
 20
27.62406990923107
 30
0.0
 41
1.0
 10
519.1061852545176
 20
27.70531602089954
 30
0.0
 41
1.0
 10
519.0744882127899
 20
27.78708438729402
 30
0.0
 41
1.0
 10
519.0441246606032
 20
27.86847761786733
 30
0.0
 41
1.0
 10
519.0154467328032
 20
27.94859686778185
 30
0.0
 41
1.0
 10
518.98872903662
 20
28.02660470556821
 30
0.0
 41
1.0
 10
518.964133730157
 20
28.10178641731368
 30
0.0
 41
1.0
 10
518.9416709594935
 20
28.17361550833446
 30
0.0
 41
1.0
 10
518.9212416582599
 20
28.24174798129075
 30
0.0
 41
1.0
 10
518.9026864380959
 20
28.30601229587373
 30
0.0
 41
1.0
 10
518.8858307703366
 20
28.36640068447039
 30
0.0
 41
1.0
 10
518.8705348550167
 20
28.4230610999762
 30
0.0
 41
1.0
 10
518.8567340796859
 20
28.47628682038104
 30
0.0
 41
1.0
 10
518.8445027608819
 20
28.52651319578114
 30
0.0
 41
1.0
 10
518.8339754647837
 20
28.57427021177991
 30
0.0
 41
1.0
 10
518.8252330973964
 20
28.62012363973923
 30
0.0
 41
1.0
 10
518.8181931899647
 20
28.66461858993872
 30
0.0
 41
1.0
 10
518.8125154035953
 20
28.70822547404039
 30
0.0
 41
1.0
 10
518.8074573668886
 20
28.75127634374447
 30
0.0
 41
1.0
 10
518.801950435788
 20
28.79394508419456
 30
0.0
 41
1.0
 10
518.7948120281874
 20
28.83625581835057
 30
0.0
 41
1.0
 10
518.7849206760265
 20
28.87808200686964
 30
0.0
 41
1.0
 10
518.7713973357232
 20
28.91915056927917
 30
0.0
 41
1.0
 10
518.7538076778052
 20
28.95904019830498
 30
0.0
 41
1.0
 10
518.7322137949409
 20
28.99720340299508
 30
0.0
 41
1.0
 10
518.7071633069961
 20
29.03299815647977
 30
0.0
 41
1.0
 10
518.6797072623922
 20
29.06571396353808
 30
0.0
 41
1.0
 10
518.6513894854892
 20
29.09460550864942
 30
0.0
 41
1.0
 10
518.6242951277389
 20
29.11890835955773
 30
0.0
 41
1.0
 10
518.6005492268004
 20
29.13804206037517
 30
0.0
 41
1.0
 10
518.58166267626
 20
29.15187671464563
 30
0.0
 41
1.0
 10
518.568045369072
 20
29.16091818316643
 30
0.0
 41
1.0
 10
518.5581735830683
 20
29.16667130517839
 30
0.0
 41
1.0
 10
518.549042850061
 20
29.17133324904393
 30
0.0
 41
1.0
 10
518.5377459789032
 20
29.17689727480162
 30
0.0
 41
1.0
 10
518.5226916453716
 20
29.18444748398875
 30
0.0
 41
1.0
 10
518.505078282048
 20
29.19331160178863
 30
0.0
 41
1.0
 10
518.487490930202
 20
29.20190550991696
 30
0.0
 41
1.0
 10
518.472466676497
 20
29.2085985726559
 30
0.0
 41
1.0
 10
518.4609268898409
 20
29.2126548329272
 30
0.0
 41
1.0
 10
518.4510882153934
 20
29.21489814363562
 30
0.0
 41
1.0
 10
518.4401664358433
 20
29.21677388165573
 30
0.0
 41
1.0
 10
518.4255766819912
 20
29.21969373401632
 30
0.0
 41
1.0
 10
518.4066544650355
 20
29.22409765472549
 30
0.0
 41
1.0
 10
518.3846562726481
 20
29.22943318752148
 30
0.0
 41
1.0
 10
518.3617043713794
 20
29.23469400005873
 30
0.0
 41
1.0
 10
518.3401075654014
 20
29.2387611601968
 30
0.0
 41
1.0
 10
518.3213830816636
 20
29.24089777930597
 30
0.0
 41
1.0
 10
518.3092786445148
 20
29.24078288207157
 30
0.0
 41
1.0
 10
518.3019303371191
 20
29.23961602847402
 30
0.0
 41
1.0
 10
518.2977994827803
 20
29.23835829031919
 30
0.0
 41
1.0
 10
518.2959260978726
 20
29.23760944340572
 30
0.0
 41
1.0
  0
SPLINE
  5
12C
330
70
100
AcDbEntity
  8
Untitled v10_Sketch14
100
AcDbSpline
210
0.0
220
0.0
230
1.0
 70
    12
 71
     5
 72
   236
 73
   230
 74
     0
 42
0.000000001
 43
0.0000000001
 40
0.0
 40
0.0
 40
0.0
 40
0.0
 40
0.0
 40
0.0
 40
0.0044444444444444
 40
0.0088888888888889
 40
0.0133333333333333
 40
0.0177777777777778
 40
0.0222222222222222
 40
0.0266666666666667
 40
0.0311111111111111
 40
0.0355555555555556
 40
0.04
 40
0.0444444444444445
 40
0.0488888888888889
 40
0.0533333333333333
 40
0.0577777777777778
 40
0.0622222222222222
 40
0.0666666666666667
 40
0.0711111111111111
 40
0.0755555555555556
 40
0.08
 40
0.0844444444444445
 40
0.0888888888888889
 40
0.0933333333333334
 40
0.0977777777777778
 40
0.1022222222222222
 40
0.1066666666666667
 40
0.1111111111111111
 40
0.1155555555555556
 40
0.12
 40
0.1244444444444444
 40
0.1288888888888889
 40
0.1333333333333333
 40
0.1377777777777778
 40
0.1422222222222222
 40
0.1466666666666667
 40
0.1511111111111111
 40
0.1555555555555556
 40
0.16
 40
0.1644444444444444
 40
0.1688888888888889
 40
0.1733333333333333
 40
0.1777777777777778
 40
0.1822222222222222
 40
0.1866666666666667
 40
0.1911111111111111
 40
0.1955555555555556
 40
0.2
 40
0.2044444444444445
 40
0.2088888888888889
 40
0.2133333333333333
 40
0.2177777777777778
 40
0.2222222222222222
 40
0.2266666666666667
 40
0.2311111111111111
 40
0.2355555555555556
 40
0.24
 40
0.2444444444444445
 40
0.2488888888888889
 40
0.2533333333333334
 40
0.2577777777777777
 40
0.2622222222222222
 40
0.2666666666666666
 40
0.271111111111111
 40
0.2755555555555555
 40
0.2799999999999998
 40
0.2844444444444443
 40
0.2888888888888887
 40
0.2933333333333331
 40
0.2977777777777775
 40
0.3022222222222219
 40
0.3066666666666664
 40
0.3111111111111108
 40
0.3155555555555552
 40
0.3199999999999996
 40
0.324444444444444
 40
0.3288888888888884
 40
0.3333333333333329
 40
0.3377777777777773
 40
0.3422222222222217
 40
0.3466666666666661
 40
0.3511111111111105
 40
0.355555555555555
 40
0.3599999999999994
 40
0.3644444444444438
 40
0.3688888888888882
 40
0.3733333333333326
 40
0.3777777777777771
 40
0.3822222222222215
 40
0.3866666666666659
 40
0.3911111111111103
 40
0.3955555555555547
 40
0.3999999999999991
 40
0.4044444444444436
 40
0.408888888888888
 40
0.4133333333333324
 40
0.4177777777777769
 40
0.4222222222222213
 40
0.4266666666666657
 40
0.4311111111111101
 40
0.4355555555555545
 40
0.4399999999999989
 40
0.4444444444444433
 40
0.4488888888888878
 40
0.4533333333333322
 40
0.4577777777777766
 40
0.462222222222221
 40
0.4666666666666654
 40
0.4711111111111098
 40
0.4755555555555543
 40
0.4799999999999987
 40
0.4844444444444431
 40
0.4888888888888875
 40
0.493333333333332
 40
0.4977777777777764
 40
0.5022222222222208
 40
0.5066666666666653
 40
0.5111111111111098
 40
0.5155555555555543
 40
0.5199999999999987
 40
0.5244444444444432
 40
0.5288888888888877
 40
0.5333333333333322
 40
0.5377777777777766
 40
0.542222222222221
 40
0.5466666666666656
 40
0.5511111111111101
 40
0.5555555555555545
 40
0.5599999999999989
 40
0.5644444444444435
 40
0.568888888888888
 40
0.5733333333333324
 40
0.5777777777777768
 40
0.5822222222222213
 40
0.5866666666666659
 40
0.5911111111111103
 40
0.5955555555555547
 40
0.5999999999999992
 40
0.6044444444444438
 40
0.6088888888888882
 40
0.6133333333333326
 40
0.6177777777777771
 40
0.6222222222222216
 40
0.6266666666666661
 40
0.6311111111111105
 40
0.635555555555555
 40
0.6399999999999995
 40
0.644444444444444
 40
0.6488888888888884
 40
0.6533333333333329
 40
0.6577777777777774
 40
0.6622222222222219
 40
0.6666666666666663
 40
0.6711111111111108
 40
0.6755555555555553
 40
0.6799999999999998
 40
0.6844444444444442
 40
0.6888888888888887
 40
0.6933333333333332
 40
0.6977777777777776
 40
0.7022222222222221
 40
0.7066666666666666
 40
0.7111111111111111
 40
0.7155555555555555
 40
0.72
 40
0.7244444444444445
 40
0.728888888888889
 40
0.7333333333333334
 40
0.7377777777777779
 40
0.7422222222222224
 40
0.7466666666666669
 40
0.7511111111111113
 40
0.7555555555555558
 40
0.7600000000000003
 40
0.7644444444444448
 40
0.7688888888888892
 40
0.7733333333333336
 40
0.7777777777777782
 40
0.7822222222222227
 40
0.7866666666666671
 40
0.7911111111111115
 40
0.7955555555555561
 40
0.8000000000000005
 40
0.8044444444444449
 40
0.8088888888888893
 40
0.8133333333333339
 40
0.8177777777777784
 40
0.8222222222222228
 40
0.8266666666666672
 40
0.8311111111111117
 40
0.8355555555555563
 40
0.8400000000000007
 40
0.8444444444444451
 40
0.8488888888888897
 40
0.8533333333333342
 40
0.8577777777777786
 40
0.862222222222223
 40
0.8666666666666674
 40
0.8711111111111121
 40
0.8755555555555565
 40
0.8800000000000009
 40
0.8844444444444455
 40
0.8888888888888899
 40
0.8933333333333344
 40
0.8977777777777788
 40
0.9022222222222232
 40
0.9066666666666678
 40
0.9111111111111123
 40
0.9155555555555567
 40
0.9200000000000013
 40
0.9244444444444457
 40
0.9288888888888902
 40
0.9333333333333346
 40
0.937777777777779
 40
0.9422222222222236
 40
0.946666666666668
 40
0.9511111111111125
 40
0.9555555555555571
 40
0.9600000000000015
 40
0.9644444444444459
 40
0.9688888888888904
 40
0.9733333333333348
 40
0.9777777777777794
 40
0.9822222222222238
 40
0.9866666666666683
 40
0.9911111111111129
 40
0.9955555555555573
 40
1.0
 40
1.0
 40
1.0
 40
1.0
 40
1.0
 40
1.0
 10
553.3209263465306
 20
53.81564308344856
 30
0.0
 41
1.0
 10
553.317774926793
 20
53.81940914342131
 30
0.0
 41
1.0
 10
553.3116059963789
 20
53.82685669286836
 30
0.0
 41
1.0
 10
553.3027543262098
 20
53.83777430714893
 30
0.0
 41
1.0
 10
553.2917555910577
 20
53.85182367618206
 30
0.0
 41
1.0
 10
553.2793385104106
 20
53.8685473912885
 30
0.0
 41
1.0
 10
553.2682293444522
 20
53.88445627656288
 30
0.0
 41
1.0
 10
553.2583805592796
 20
53.89959724429829
 30
0.0
 41
1.0
 10
553.2497138009001
 20
53.91404762496826
 30
0.0
 41
1.0
 10
553.2421088634323
 20
53.92792584644887
 30
0.0
 41
1.0
 10
553.2354075271911
 20
53.94138835320241
 30
0.0
 41
1.0
 10
553.2294361107382
 20
53.95460939473942
 30
0.0
 41
1.0
 10
553.224023937942
 20
53.96776429915995
 30
0.0
 41
1.0
 10
553.2190221248545
 20
53.98101310973956
 30
0.0
 41
1.0
 10
553.2143255775133
 20
53.99447962556656
 30
0.0
 41
1.0
 10
553.2098767518337
 20
54.00825463038771
 30
0.0
 41
1.0
 10
553.2056593946443
 20
54.02241180010001
 30
0.0
 41
1.0
 10
553.2016955787785
 20
54.03702021954373
 30
0.0
 41
1.0
 10
553.1980410339212
 20
54.05215702216601
 30
0.0
 41
1.0
 10
553.1947821213655
 20
54.0679233848229
 30
0.0
 41
1.0
 10
553.192017878081
 20
54.08440556124951
 30
0.0
 41
1.0
 10
553.18984116876
 20
54.10163196653201
 30
0.0
 41
1.0
 10
553.1883195936974
 20
54.11952971604286
 30
0.0
 41
1.0
 10
553.1874777691753
 20
54.13788587291925
 30
0.0
 41
1.0
 10
553.187275640915
 20
54.15629477029774
 30
0.0
 41
1.0
 10
553.1876300559364
 20
54.17425622883428
 30
0.0
 41
1.0
 10
553.1884411088562
 20
54.19128937533692
 30
0.0
 41
1.0
 10
553.1896177445656
 20
54.20704625867749
 30
0.0
 41
1.0
 10
553.1911015003415
 20
54.22141341706179
 30
0.0
 41
1.0
 10
553.1928966891387
 20
54.23465018173374
 30
0.0
 41
1.0
 10
553.1950565068668
 20
54.24727903526452
 30
0.0
 41
1.0
 10
553.1976569140819
 20
54.25990571034013
 30
0.0
 41
1.0
 10
553.2007754818696
 20
54.2730707398033
 30
0.0
 41
1.0
 10
553.2044662805366
 20
54.28707027889437
 30
0.0
 41
1.0
 10
553.2087421774217
 20
54.30184320858138
 30
0.0
 41
1.0
 10
553.2135846035093
 20
54.31710859223656
 30
0.0
 41
1.0
 10
553.2189492027736
 20
54.33247028632671
 30
0.0
 41
1.0
 10
553.2247734436039
 20
54.34752732446469
 30
0.0
 41
1.0
 10
553.2309825291889
 20
54.3619985258757
 30
0.0
 41
1.0
 10
553.2374988427057
 20
54.37578454395151
 30
0.0
 41
1.0
 10
553.2442561319688
 20
54.38890641067814
 30
0.0
 41
1.0
 10
553.2512141825423
 20
54.40147051871804
 30
0.0
 41
1.0
 10
553.2583701007085
 20
54.41362462632142
 30
0.0
 41
1.0
 10
553.2657789077553
 20
54.42551371875069
 30
0.0
 41
1.0
 10
553.2735363716706
 20
54.43725330585479
 30
0.0
 41
1.0
 10
553.2817338219501
 20
54.44891900107421
 30
0.0
 41
1.0
 10
553.290419731639
 20
54.46053035811473
 30
0.0
 41
1.0
 10
553.2995615166872
 20
54.4720390652877
 30
0.0
 41
1.0
 10
553.3089992180751
 20
54.48330992867866
 30
0.0
 41
1.0
 10
553.3185067836675
 20
54.49417545619738
 30
0.0
 41
1.0
 10
553.3278694997327
 20
54.50450182753563
 30
0.0
 41
1.0
 10
553.3369506976232
 20
54.51424598335691
 30
0.0
 41
1.0
 10
553.3457744767567
 20
54.52352768379604
 30
0.0
 41
1.0
 10
553.3545670285561
 20
54.53266146248836
 30
0.0
 41
1.0
 10
553.3636360358356
 20
54.54203127547529
 30
0.0
 41
1.0
 10
553.3732670454782
 20
54.55198101908138
 30
0.0
 41
1.0
 10
553.3836264461845
 20
54.56271306179516
 30
0.0
 41
1.0
 10
553.3946288607269
 20
54.57414815310251
 30
0.0
 41
1.0
 10
553.4059809015009
 20
54.58597495821265
 30
0.0
 41
1.0
 10
553.4173186978171
 20
54.59780021909551
 30
0.0
 41
1.0
 10
553.4283222690378
 20
54.60927414042615
 30
0.0
 41
1.0
 10
553.4388262255865
 20
54.6202116622269
 30
0.0
 41
1.0
 10
553.4489659655039
 20
54.63075225947413
 30
0.0
 41
1.0
 10
553.4590978217799
 20
54.64127471397439
 30
0.0
 41
1.0
 10
553.4696416856148
 20
54.65222785248649
 30
0.0
 41
1.0
 10
553.4809462834951
 20
54.66398587526995
 30
0.0
 41
1.0
 10
553.4931518168668
 20
54.67670073203642
 30
0.0
 41
1.0
 10
553.5060355319017
 20
54.69013624740775
 30
0.0
 41
1.0
 10
553.5191365894085
 20
54.70380171834236
 30
0.0
 41
1.0
 10
553.5319047410328
 20
54.71711104924587
 30
0.0
 41
1.0
 10
553.5438473470557
 20
54.72954010431081
 30
0.0
 41
1.0
 10
553.5546612921743
 20
54.74076786836754
 30
0.0
 41
1.0
 10
553.5644117948184
 20
54.75086788940899
 30
0.0
 41
1.0
 10
553.5734530569334
 20
54.76022290572025
 30
0.0
 41
1.0
 10
553.5822459521718
 20
54.76932907217324
 30
0.0
 41
1.0
 10
553.5912141349532
 20
54.77864138062884
 30
0.0
 41
1.0
 10
553.6005730744063
 20
54.78839005587943
 30
0.0
 41
1.0
 10
553.6102021888429
 20
54.79844315089842
 30
0.0
 41
1.0
 10
553.6198178428141
 20
54.80849187502343
 30
0.0
 41
1.0
 10
553.6291308990796
 20
54.81821922425382
 30
0.0
 41
1.0
 10
553.6379897309542
 20
54.8274533272491
 30
0.0
 41
1.0
 10
553.6465788118506
 20
54.83637963940907
 30
0.0
 41
1.0
 10
553.6553947739652
 20
54.84551730491105
 30
0.0
 41
1.0
 10
553.6650161444555
 20
54.8554767552978
 30
0.0
 41
1.0
 10
553.6759255307596
 20
54.86677303777213
 30
0.0
 41
1.0
 10
553.6883206151959
 20
54.8796269749814
 30
0.0
 41
1.0
 10
553.7019027155507
 20
54.89374333836543
 30
0.0
 41
1.0
 10
553.716040758502
 20
54.90847810797831
 30
0.0
 41
1.0
 10
553.7299725520479
 20
54.92304468162949
 30
0.0
 41
1.0
 10
553.743003053466
 20
54.93671641710534
 30
0.0
 41
1.0
 10
553.754680222747
 20
54.94900718154369
 30
0.0
 41
1.0
 10
553.7650391531619
 20
54.95991964551471
 30
0.0
 41
1.0
 10
553.7745733091529
 20
54.96992228424531
 30
0.0
 41
1.0
 10
553.7839777961583
 20
54.97969925757665
 30
0.0
 41
1.0
 10
553.7939502547486
 20
54.98995835254923
 30
0.0
 41
1.0
 10
553.8049834221047
 20
55.00122893267018
 30
0.0
 41
1.0
 10
553.8171216733392
 20
55.01362839442144
 30
0.0
 41
1.0
 10
553.8300373357992
 20
55.0269179951244
 30
0.0
 41
1.0
 10
553.8431848840137
 20
55.04063062026986
 30
0.0
 41
1.0
 10
553.8559322605827
 20
55.05417523698703
 30
0.0
 41
1.0
 10
553.867692939275
 20
55.06694782378431
 30
0.0
 41
1.0
 10
553.8780798216512
 20
55.07844773097644
 30
0.0
 41
1.0
 10
553.8869443874338
 20
55.08835327660911
 30
0.0
 41
1.0
 10
553.8943464158348
 20
55.09657371652998
 30
0.0
 41
1.0
 10
553.900543407982
 20
55.10330436202998
 30
0.0
 41
1.0
 10
553.9059754625214
 20
55.10908985308859
 30
0.0
 41
1.0
 10
553.9112417021421
 20
55.11485668556581
 30
0.0
 41
1.0
 10
553.9169444941534
 20
55.12161054582534
 30
0.0
 41
1.0
 10
553.9235487506646
 20
55.13016776445837
 30
0.0
 41
1.0
 10
553.9312272343661
 20
55.14085884748013
 30
0.0
 41
1.0
 10
553.9397344828047
 20
55.15328506443417
 30
0.0
 41
1.0
 10
553.9485916030944
 20
55.16664030564534
 30
0.0
 41
1.0
 10
553.9572577783326
 20
55.18000857397176
 30
0.0
 41
1.0
 10
553.9652925113631
 20
55.19264544659954
 30
0.0
 41
1.0
 10
553.9725555299603
 20
55.20432590975339
 30
0.0
 41
1.0
 10
553.9792802003035
 20
55.2154689250883
 30
0.0
 41
1.0
 10
553.9858697396748
 20
55.22677342835109
 30
0.0
 41
1.0
 10
553.9927415351662
 20
55.23893814744297
 30
0.0
 41
1.0
 10
554.0001701666814
 20
55.2523815880005
 30
0.0
 41
1.0
 10
554.0080860283867
 20
55.2668775163665
 30
0.0
 41
1.0
 10
554.0161437861361
 20
55.28169743341955
 30
0.0
 41
1.0
 10
554.0239035088068
 20
55.29596373156245
 30
0.0
 41
1.0
 10
554.0309815047078
 20
55.30894732255092
 30
0.0
 41
1.0
 10
554.0371999048772
 20
55.32036000756463
 30
0.0
 41
1.0
 10
554.0427730044334
 20
55.33072325111653
 30
0.0
 41
1.0
 10
554.0481827984389
 20
55.34109947800452
 30
0.0
 41
1.0
 10
554.0539743133296
 20
55.35265827100687
 30
0.0
 41
1.0
 10
554.0605919100256
 20
55.36632847245414
 30
0.0
 41
1.0
 10
554.0681673570018
 20
55.3823466610887
 30
0.0
 41
1.0
 10
554.0764286137686
 20
55.40006784600883
 30
0.0
 41
1.0
 10
554.0848952786803
 20
55.41840051616595
 30
0.0
 41
1.0
 10
554.0930195139943
 20
55.43612291147539
 30
0.0
 41
1.0
 10
554.1003479149812
 20
55.45224485752164
 30
0.0
 41
1.0
 10
554.1066759775223
 20
55.46635366585846
 30
0.0
 41
1.0
 10
554.112201658185
 20
55.47895755343972
 30
0.0
 41
1.0
 10
554.1173672457301
 20
55.49111948631406
 30
0.0
 41
1.0
 10
554.1227010873865
 20
55.50409048933019
 30
0.0
 41
1.0
 10
554.1286687547851
 20
55.51896478715683
 30
0.0
 41
1.0
 10
554.135498101225
 20
55.53627474596417
 30
0.0
 41
1.0
 10
554.1430862785053
 20
55.55577466354058
 30
0.0
 41
1.0
 10
554.151130149807
 20
55.57673877203228
 30
0.0
 41
1.0
 10
554.1592132988871
 20
55.59815981015347
 30
0.0
 41
1.0
 10
554.1669141750027
 20
55.61899505522227
 30
0.0
 41
1.0
 10
554.1738960669759
 20
55.63837333716385
 30
0.0
 41
1.0
 10
554.1800279900772
 20
55.65586620308685
 30
0.0
 41
1.0
 10
554.1853768420683
 20
55.67149413815087
 30
0.0
 41
1.0
 10
554.1901333504569
 20
55.68559497328799
 30
0.0
 41
1.0
 10
554.1945570764512
 20
55.69873502543373
 30
0.0
 41
1.0
 10
554.1989167791765
 20
55.71160248850084
 30
0.0
 41
1.0
 10
554.2034245841217
 20
55.72490858169864
 30
0.0
 41
1.0
 10
554.2082155387742
 20
55.73928644184391
 30
0.0
 41
1.0
 10
554.2133516373161
 20
55.75519670577705
 30
0.0
 41
1.0
 10
554.2188169468535
 20
55.77282285070531
 30
0.0
 41
1.0
 10
554.224518911139
 20
55.79198850237617
 30
0.0
 41
1.0
 10
554.2302806504209
 20
55.81202000681557
 30
0.0
 41
1.0
 10
554.235876294289
 20
55.83191352066329
 30
0.0
 41
1.0
 10
554.2410789600105
 20
55.85059746646741
 30
0.0
 41
1.0
 10
554.2457070949588
 20
55.86717647069484
 30
0.0
 41
1.0
 10
554.2496658834501
 20
55.88115402309853
 30
0.0
 41
1.0
 10
554.2530044362182
 20
55.89273481554336
 30
0.0
 41
1.0
 10
554.2559176209947
 20
55.90284200098132
 30
0.0
 41
1.0
 10
554.2586629163001
 20
55.9126952083055
 30
0.0
 41
1.0
 10
554.2614986308254
 20
55.92349919693525
 30
0.0
 41
1.0
 10
554.264611097084
 20
55.93607512552061
 30
0.0
 41
1.0
 10
554.2680533409532
 20
55.95055214293985
 30
0.0
 41
1.0
 10
554.2717843243108
 20
55.96658947950373
 30
0.0
 41
1.0
 10
554.2757028165815
 20
55.98357086391885
 30
0.0
 41
1.0
 10
554.2796822231261
 20
56.00080232172899
 30
0.0
 41
1.0
 10
554.2836074306568
 20
56.01772466057887
 30
0.0
 41
1.0
 10
554.2874034012648
 20
56.03407061857652
 30
0.0
 41
1.0
 10
554.2910273119498
 20
56.04978167358083
 30
0.0
 41
1.0
 10
554.2944661389344
 20
56.06495949737883
 30
0.0
 41
1.0
 10
554.2977319214275
 20
56.07980505574793
 30
0.0
 41
1.0
 10
554.3008584814255
 20
56.09456025626982
 30
0.0
 41
1.0
 10
554.3038961058764
 20
56.10945705956723
 30
0.0
 41
1.0
 10
554.3069012164956
 20
56.12470324076547
 30
0.0
 41
1.0
 10
554.3099263767305
 20
56.14046069835296
 30
0.0
 41
1.0
 10
554.3130110809534
 20
56.15682916349847
 30
0.0
 41
1.0
 10
554.3161700298823
 20
56.17382171927495
 30
0.0
 41
1.0
 10
554.3193899109915
 20
56.19136386660734
 30
0.0
 41
1.0
 10
554.3226415566439
 20
56.20933377385846
 30
0.0
 41
1.0
 10
554.3258888378538
 20
56.22759388813882
 30
0.0
 41
1.0
 10
554.3290985321367
 20
56.24602500225307
 30
0.0
 41
1.0
 10
554.332250564686
 20
56.26456164212207
 30
0.0
 41
1.0
 10
554.3353457370541
 20
56.28321985424975
 30
0.0
 41
1.0
 10
554.3383977698043
 20
56.30207882818652
 30
0.0
 41
1.0
 10
554.3414273666654
 20
56.32126799340426
 30
0.0
 41
1.0
 10
554.3444553067705
 20
56.34095240082103
 30
0.0
 41
1.0
 10
554.3474963865535
 20
56.36131791756461
 30
0.0
 41
1.0
 10
554.350551866878
 20
56.38255890779312
 30
0.0
 41
1.0
 10
554.3536105973364
 20
56.40484730687077
 30
0.0
 41
1.0
 10
554.3566524879008
 20
56.42829577150003
 30
0.0
 41
1.0
 10
554.3596511759948
 20
56.45292405701724
 30
0.0
 41
1.0
 10
554.3625770599527
 20
56.47862129291745
 30
0.0
 41
1.0
 10
554.365400103268
 20
56.50511640727835
 30
0.0
 41
1.0
 10
554.3680929223894
 20
56.53192831025862
 30
0.0
 41
1.0
 10
554.3706323976143
 20
56.55845131497613
 30
0.0
 41
1.0
 10
554.3730009710735
 20
56.58407683160959
 30
0.0
 41
1.0
 10
554.3751879746893
 20
56.60829897772288
 30
0.0
 41
1.0
 10
554.3771911161329
 20
56.63083531864408
 30
0.0
 41
1.0
 10
554.3790175034234
 20
56.65172164294055
 30
0.0
 41
1.0
 10
554.3806858509783
 20
56.67146644130269
 30
0.0
 41
1.0
 10
554.3822240514108
 20
56.69097597177803
 30
0.0
 41
1.0
 10
554.3836628080257
 20
56.71128552134639
 30
0.0
 41
1.0
 10
554.3850304780664
 20
56.73334952714895
 30
0.0
 41
1.0
 10
554.386347217036
 20
56.75779906044837
 30
0.0
 41
1.0
 10
554.3876198920306
 20
56.7847330146241
 30
0.0
 41
1.0
 10
554.3888354228507
 20
56.81344265723438
 30
0.0
 41
1.0
 10
554.3899661884498
 20
56.8426436570683
 30
0.0
 41
1.0
 10
554.390977771251
 20
56.87080676590476
 30
0.0
 41
1.0
 10
554.3918357174557
 20
56.89644613697026
 30
0.0
 41
1.0
 10
554.3925130956232
 20
56.91844359823839
 30
0.0
 41
1.0
 10
554.3929968179691
 20
56.93631530448385
 30
0.0
 41
1.0
 10
554.3932966952613
 20
56.95060698289054
 30
0.0
 41
1.0
 10
554.3934450525171
 20
56.96284439640486
 30
0.0
 41
1.0
 10
554.3934854037014
 20
56.9749694868711
 30
0.0
 41
1.0
 10
554.3934636939879
 20
56.98889520379985
 30
0.0
 41
1.0
 10
554.3934190566101
 20
57.00604269864477
 30
0.0
 41
1.0
 10
554.3933733326152
 20
57.02680676735944
 30
0.0
 41
1.0
 10
554.3933327730256
 20
57.05069166373625
 30
0.0
 41
1.0
 10
554.3932926442071
 20
57.07660587941106
 30
0.0
 41
1.0
 10
554.3932407915538
 20
57.10309935472231
 30
0.0
 41
1.0
 10
554.3931617205527
 20
57.12863056647641
 30
0.0
 41
1.0
 10
554.3930402654093
 20
57.15180728044153
 30
0.0
 41
1.0
 10
554.3928659335447
 20
57.1716740877791
 30
0.0
 41
1.0
 10
554.3926325463145
 20
57.18766608121399
 30
0.0
 41
1.0
 10
554.3923960907922
 20
57.19713170788693
 30
0.0
 41
1.0
 10
554.392190307178
 20
57.20231681184273
 30
0.0
 41
1.0
 10
554.3920404767731
 20
57.20492279569157
 30
0.0
 41
1.0
 10
554.3919624012881
 20
57.20601310311714
 30
0.0
 41
1.0
  0
SPLINE
  5
12D
330
70
100
AcDbEntity
  8
Untitled v10_Sketch14
100
AcDbSpline
210
0.0
220
0.0
230
1.0
 70
    12
 71
     5
 72
    96
 73
    90
 74
     0
 42
0.000000001
 43
0.0000000001
 40
0.0
 40
0.0
 40
0.0
 40
0.0
 40
0.0
 40
0.0
 40
0.011764705882353
 40
0.0235294117647059
 40
0.0352941176470588
 40
0.0470588235294118
 40
0.0588235294117647
 40
0.0705882352941177
 40
0.0823529411764706
 40
0.0941176470588236
 40
0.1058823529411765
 40
0.1176470588235294
 40
0.1294117647058823
 40
0.1411764705882353
 40
0.1529411764705882
 40
0.1647058823529412
 40
0.1764705882352942
 40
0.1882352941176471
 40
0.2000000000000001
 40
0.211764705882353
 40
0.223529411764706
 40
0.2352941176470589
 40
0.2470588235294119
 40
0.2588235294117648
 40
0.2705882352941178
 40
0.2823529411764707
 40
0.2941176470588237
 40
0.3058823529411767
 40
0.3176470588235296
 40
0.3294117647058826
 40
0.3411764705882355
 40
0.3529411764705885
 40
0.3647058823529414
 40
0.3764705882352944
 40
0.3882352941176474
 40
0.4000000000000003
 40
0.4117647058823533
 40
0.4235294117647063
 40
0.4352941176470592
 40
0.4470588235294122
 40
0.4588235294117651
 40
0.4705882352941181
 40
0.482352941176471
 40
0.4941176470588239
 40
0.5058823529411769
 40
0.5176470588235298
 40
0.5294117647058827
 40
0.5411764705882356
 40
0.5529411764705885
 40
0.5647058823529414
 40
0.5764705882352943
 40
0.5882352941176472
 40
0.6000000000000001
 40
0.611764705882353
 40
0.6235294117647059
 40
0.6352941176470588
 40
0.6470588235294117
 40
0.6588235294117646
 40
0.6705882352941175
 40
0.6823529411764704
 40
0.6941176470588233
 40
0.7058823529411762
 40
0.7176470588235291
 40
0.729411764705882
 40
0.7411764705882349
 40
0.7529411764705878
 40
0.7647058823529407
 40
0.7764705882352936
 40
0.7882352941176465
 40
0.7999999999999994
 40
0.8117647058823521
 40
0.823529411764705
 40
0.8352941176470579
 40
0.8470588235294108
 40
0.8588235294117637
 40
0.8705882352941166
 40
0.8823529411764695
 40
0.8941176470588224
 40
0.9058823529411753
 40
0.9176470588235282
 40
0.9294117647058811
 40
0.941176470588234
 40
0.9529411764705869
 40
0.9647058823529398
 40
0.9764705882352927
 40
0.9882352941176456
 40
1.0
 40
1.0
 40
1.0
 40
1.0
 40
1.0
 40
1.0
 10
554.8815968798901
 20
43.18792766117497
 30
0.0
 41
1.0
 10
554.8815306390811
 20
43.19585676977516
 30
0.0
 41
1.0
 10
554.8812786866199
 20
43.21217112846242
 30
0.0
 41
1.0
 10
554.880542346435
 20
43.23801108604134
 30
0.0
 41
1.0
 10
554.8788435660132
 20
43.27520186119513
 30
0.0
 41
1.0
 10
554.8755264208069
 20
43.32622993893135
 30
0.0
 41
1.0
 10
554.8710210153075
 20
43.38172355765146
 30
0.0
 41
1.0
 10
554.8653396841409
 20
43.44152849294147
 30
0.0
 41
1.0
 10
554.8585034515757
 20
43.50538640518609
 30
0.0
 41
1.0
 10
554.8505463904747
 20
43.57289860894535
 30
0.0
 41
1.0
 10
554.8415114173044
 20
43.64353023085405
 30
0.0
 41
1.0
 10
554.8314330218427
 20
43.71667656120099
 30
0.0
 41
1.0
 10
554.8203227731502
 20
43.79171539442823
 30
0.0
 41
1.0
 10
554.8081543300871
 20
43.86806346189939
 30
0.0
 41
1.0
 10
554.7948471701172
 20
43.94523461276015
 30
0.0
 41
1.0
 10
554.7802542461688
 20
44.02288917916044
 30
0.0
 41
1.0
 10
554.7641394166039
 20
44.10090742656375
 30
0.0
 41
1.0
 10
554.7461936064011
 20
44.1793709954566
 30
0.0
 41
1.0
 10
554.7260866410808
 20
44.25845945564495
 30
0.0
 41
1.0
 10
554.7035092607111
 20
44.33837031887451
 30
0.0
 41
1.0
 10
554.6782189866815
 20
44.4192298432616
 30
0.0
 41
1.0
 10
554.6500848217319
 20
44.50100690197934
 30
0.0
 41
1.0
 10
554.6191315689867
 20
44.58342734424461
 30
0.0
 41
1.0
 10
554.5855868077315
 20
44.66588331770838
 30
0.0
 41
1.0
 10
554.5499202238536
 20
44.74735763053572
 30
0.0
 41
1.0
 10
554.5127633360563
 20
44.82658376041675
 30
0.0
 41
1.0
 10
554.4748364533505
 20
44.90219159168947
 30
0.0
 41
1.0
 10
554.4368723708466
 20
44.97285982731185
 30
0.0
 41
1.0
 10
554.3995429230451
 20
45.03746240004104
 30
0.0
 41
1.0
 10
554.3633809442191
 20
45.09522499975218
 30
0.0
 41
1.0
 10
554.3287119056141
 20
45.14586024625382
 30
0.0
 41
1.0
 10
554.2955610466353
 20
45.18975716921119
 30
0.0
 41
1.0
 10
554.2637011269449
 20
45.22785942052024
 30
0.0
 41
1.0
 10
554.2327441244521
 20
45.26144671473248
 30
0.0
 41
1.0
 10
554.2022198536914
 20
45.29194415703968
 30
0.0
 41
1.0
 10
554.1716561710152
 20
45.32073047525369
 30
0.0
 41
1.0
 10
554.1406675539991
 20
45.34892185121104
 30
0.0
 41
1.0
 10
554.1090103423273
 20
45.37724765598436
 30
0.0
 41
1.0
 10
554.076558125318
 20
45.40614367249095
 30
0.0
 41
1.0
 10
554.043293458468
 20
45.4358019504929
 30
0.0
 41
1.0
 10
554.0092929172941
 20
45.46623624656407
 30
0.0
 41
1.0
 10
553.9747157154663
 20
45.49734403857535
 30
0.0
 41
1.0
 10
553.9397889758028
 20
45.52895944089839
 30
0.0
 41
1.0
 10
553.9047839849569
 20
45.5608529621363
 30
0.0
 41
1.0
 10
553.8699938443439
 20
45.59273968989015
 30
0.0
 41
1.0
 10
553.8357102082406
 20
45.62428334452802
 30
0.0
 41
1.0
 10
553.8022013500053
 20
45.6551038100357
 30
0.0
 41
1.0
 10
553.7696871373054
 20
45.68477841205903
 30
0.0
 41
1.0
 10
553.7383543598228
 20
45.71291811588112
 30
0.0
 41
1.0
 10
553.7083753153223
 20
45.73924906603298
 30
0.0
 41
1.0
 10
553.6799258920145
 20
45.76369486601429
 30
0.0
 41
1.0
 10
553.6532022830156
 20
45.78645286028041
 30
0.0
 41
1.0
 10
553.6284426317426
 20
45.80808913867017
 30
0.0
 41
1.0
 10
553.6058722043335
 20
45.82937061436193
 30
0.0
 41
1.0
 10
553.5856356424428
 20
45.85106137795478
 30
0.0
 41
1.0
 10
553.5677439173391
 20
45.87375075455101
 30
0.0
 41
1.0
 10
553.5519909754818
 20
45.89762326799666
 30
0.0
 41
1.0
 10
553.5379690152356
 20
45.9224123740845
 30
0.0
 41
1.0
 10
553.5252299474851
 20
45.94762155558963
 30
0.0
 41
1.0
 10
553.5134079503849
 20
45.97267856547744
 30
0.0
 41
1.0
 10
553.5023658892708
 20
45.99712185541086
 30
0.0
 41
1.0
 10
553.4923087662432
 20
46.02075817359206
 30
0.0
 41
1.0
 10
553.4836085694795
 20
46.04362427697171
 30
0.0
 41
1.0
 10
553.4766467605439
 20
46.0659632304784
 30
0.0
 41
1.0
 10
553.4716555217189
 20
46.08819173185978
 30
0.0
 41
1.0
 10
553.4685452058389
 20
46.11088180757388
 30
0.0
 41
1.0
 10
553.4669997154652
 20
46.1344968966347
 30
0.0
 41
1.0
 10
553.4665955226159
 20
46.15908673757309
 30
0.0
 41
1.0
 10
553.4669075951732
 20
46.18404007970183
 30
0.0
 41
1.0
 10
553.4676319485679
 20
46.20770122363587
 30
0.0
 41
1.0
 10
553.4686049990417
 20
46.22807385235093
 30
0.0
 41
1.0
 10
553.4698068383865
 20
46.24378069187877
 30
0.0
 41
1.0
 10
553.4713646632662
 20
46.25485039046576
 30
0.0
 41
1.0
 10
553.4735700413919
 20
46.26379183762105
 30
0.0
 41
1.0
 10
553.4767502680044
 20
46.27422567478723
 30
0.0
 41
1.0
 10
553.4811360552512
 20
46.28934657691222
 30
0.0
 41
1.0
 10
553.4866991173617
 20
46.31016565240639
 30
0.0
 41
1.0
 10
553.4931018403945
 20
46.33472836318554
 30
0.0
 41
1.0
 10
553.4999346506335
 20
46.35986501922413
 30
0.0
 41
1.0
 10
553.5068847904995
 20
46.38236704957623
 30
0.0
 41
1.0
 10
553.5139579066402
 20
46.400545999361
 30
0.0
 41
1.0
 10
553.5215991011944
 20
46.41515674083096
 30
0.0
 41
1.0
 10
553.5304693706112
 20
46.42826847398333
 30
0.0
 41
1.0
 10
553.5412883855132
 20
46.44250996771133
 30
0.0
 41
1.0
 10
553.5546230663144
 20
46.46003874462855
 30
0.0
 41
1.0
 10
553.5707969175311
 20
46.48207822500839
 30
0.0
 41
1.0
 10
553.586139632148
 20
46.50382444956642
 30
0.0
 41
1.0
 10
553.5990220066192
 20
46.52253835801584
 30
0.0
 41
1.0
 10
553.6082214855452
 20
46.53608308735537
 30
0.0
 41
1.0
 10
553.6129740262459
 20
46.54312262192832
 30
0.0
 41
1.0
  0
SPLINE
  5
12E
330
70
100
AcDbEntity
  8
Untitled v10_Sketch14
100
AcDbSpline
210
0.0
220
0.0
230
1.0
 70
    12
 71
     5
 72
   236
 73
   230
 74
     0
 42
0.000000001
 43
0.0000000001
 40
0.0
 40
0.0
 40
0.0
 40
0.0
 40
0.0
 40
0.0
 40
0.0044444444444444
 40
0.0088888888888889
 40
0.0133333333333333
 40
0.0177777777777778
 40
0.0222222222222222
 40
0.0266666666666667
 40
0.0311111111111111
 40
0.0355555555555556
 40
0.04
 40
0.0444444444444445
 40
0.0488888888888889
 40
0.0533333333333333
 40
0.0577777777777778
 40
0.0622222222222222
 40
0.0666666666666667
 40
0.0711111111111111
 40
0.0755555555555556
 40
0.08
 40
0.0844444444444445
 40
0.0888888888888889
 40
0.0933333333333334
 40
0.0977777777777778
 40
0.1022222222222222
 40
0.1066666666666667
 40
0.1111111111111111
 40
0.1155555555555556
 40
0.12
 40
0.1244444444444444
 40
0.1288888888888889
 40
0.1333333333333333
 40
0.1377777777777778
 40
0.1422222222222222
 40
0.1466666666666667
 40
0.1511111111111111
 40
0.1555555555555556
 40
0.16
 40
0.1644444444444444
 40
0.1688888888888889
 40
0.1733333333333333
 40
0.1777777777777778
 40
0.1822222222222222
 40
0.1866666666666667
 40
0.1911111111111111
 40
0.1955555555555556
 40
0.2
 40
0.2044444444444445
 40
0.2088888888888889
 40
0.2133333333333333
 40
0.2177777777777778
 40
0.2222222222222222
 40
0.2266666666666667
 40
0.2311111111111111
 40
0.2355555555555556
 40
0.24
 40
0.2444444444444445
 40
0.2488888888888889
 40
0.2533333333333334
 40
0.2577777777777777
 40
0.2622222222222222
 40
0.2666666666666666
 40
0.271111111111111
 40
0.2755555555555555
 40
0.2799999999999998
 40
0.2844444444444443
 40
0.2888888888888887
 40
0.2933333333333331
 40
0.2977777777777775
 40
0.3022222222222219
 40
0.3066666666666664
 40
0.3111111111111108
 40
0.3155555555555552
 40
0.3199999999999996
 40
0.324444444444444
 40
0.3288888888888884
 40
0.3333333333333329
 40
0.3377777777777773
 40
0.3422222222222217
 40
0.3466666666666661
 40
0.3511111111111105
 40
0.355555555555555
 40
0.3599999999999994
 40
0.3644444444444438
 40
0.3688888888888882
 40
0.3733333333333326
 40
0.3777777777777771
 40
0.3822222222222215
 40
0.3866666666666659
 40
0.3911111111111103
 40
0.3955555555555547
 40
0.3999999999999991
 40
0.4044444444444436
 40
0.408888888888888
 40
0.4133333333333324
 40
0.4177777777777769
 40
0.4222222222222213
 40
0.4266666666666657
 40
0.4311111111111101
 40
0.4355555555555545
 40
0.4399999999999989
 40
0.4444444444444433
 40
0.4488888888888878
 40
0.4533333333333322
 40
0.4577777777777766
 40
0.462222222222221
 40
0.4666666666666654
 40
0.4711111111111098
 40
0.4755555555555543
 40
0.4799999999999987
 40
0.4844444444444431
 40
0.4888888888888875
 40
0.493333333333332
 40
0.4977777777777764
 40
0.5022222222222208
 40
0.5066666666666653
 40
0.5111111111111098
 40
0.5155555555555543
 40
0.5199999999999987
 40
0.5244444444444432
 40
0.5288888888888877
 40
0.5333333333333322
 40
0.5377777777777766
 40
0.542222222222221
 40
0.5466666666666656
 40
0.5511111111111101
 40
0.5555555555555545
 40
0.5599999999999989
 40
0.5644444444444435
 40
0.568888888888888
 40
0.5733333333333324
 40
0.5777777777777768
 40
0.5822222222222213
 40
0.5866666666666659
 40
0.5911111111111103
 40
0.5955555555555547
 40
0.5999999999999992
 40
0.6044444444444438
 40
0.6088888888888882
 40
0.6133333333333326
 40
0.6177777777777771
 40
0.6222222222222216
 40
0.6266666666666661
 40
0.6311111111111105
 40
0.635555555555555
 40
0.6399999999999995
 40
0.644444444444444
 40
0.6488888888888884
 40
0.6533333333333329
 40
0.6577777777777774
 40
0.6622222222222219
 40
0.6666666666666663
 40
0.6711111111111108
 40
0.6755555555555553
 40
0.6799999999999998
 40
0.6844444444444442
 40
0.6888888888888887
 40
0.6933333333333332
 40
0.6977777777777776
 40
0.7022222222222221
 40
0.7066666666666666
 40
0.7111111111111111
 40
0.7155555555555555
 40
0.72
 40
0.7244444444444445
 40
0.728888888888889
 40
0.7333333333333334
 40
0.7377777777777779
 40
0.7422222222222224
 40
0.7466666666666669
 40
0.7511111111111113
 40
0.7555555555555558
 40
0.7600000000000003
 40
0.7644444444444448
 40
0.7688888888888892
 40
0.7733333333333336
 40
0.7777777777777782
 40
0.7822222222222227
 40
0.7866666666666671
 40
0.7911111111111115
 40
0.7955555555555561
 40
0.8000000000000005
 40
0.8044444444444449
 40
0.8088888888888893
 40
0.8133333333333339
 40
0.8177777777777784
 40
0.8222222222222228
 40
0.8266666666666672
 40
0.8311111111111117
 40
0.8355555555555563
 40
0.8400000000000007
 40
0.8444444444444451
 40
0.8488888888888897
 40
0.8533333333333342
 40
0.8577777777777786
 40
0.862222222222223
 40
0.8666666666666674
 40
0.8711111111111121
 40
0.8755555555555565
 40
0.8800000000000009
 40
0.8844444444444455
 40
0.8888888888888899
 40
0.8933333333333344
 40
0.8977777777777788
 40
0.9022222222222232
 40
0.9066666666666678
 40
0.9111111111111123
 40
0.9155555555555567
 40
0.9200000000000013
 40
0.9244444444444457
 40
0.9288888888888902
 40
0.9333333333333346
 40
0.937777777777779
 40
0.9422222222222236
 40
0.946666666666668
 40
0.9511111111111125
 40
0.9555555555555571
 40
0.9600000000000015
 40
0.9644444444444459
 40
0.9688888888888904
 40
0.9733333333333348
 40
0.9777777777777794
 40
0.9822222222222238
 40
0.9866666666666683
 40
0.9911111111111129
 40
0.9955555555555573
 40
1.0
 40
1.0
 40
1.0
 40
1.0
 40
1.0
 40
1.0
 10
553.964136835049
 20
47.06966169412154
 30
0.0
 41
1.0
 10
553.9667447286715
 20
47.07382264893197
 30
0.0
 41
1.0
 10
553.9719214647684
 20
47.08199106974653
 30
0.0
 41
1.0
 10
553.9795694164614
 20
47.09378323669177
 30
0.0
 41
1.0
 10
553.9895323643516
 20
47.10858514922058
 30
0.0
 41
1.0
 10
554.0016004736399
 20
47.12556240686041
 30
0.0
 41
1.0
 10
554.0132978015726
 20
47.14104396744701
 30
0.0
 41
1.0
 10
554.024654275608
 20
47.1550895351045
 30
0.0
 41
1.0
 10
554.0357192286818
 20
47.16779752533867
 30
0.0
 41
1.0
 10
554.0465681467368
 20
47.17931885696266
 30
0.0
 41
1.0
 10
554.0573009247268
 20
47.18985234983648
 30
0.0
 41
1.0
 10
554.0680296132683
 20
47.1996170308838
 30
0.0
 41
1.0
 10
554.0788682174683
 20
47.20882940211431
 30
0.0
 41
1.0
 10
554.0899229398564
 20
47.21768051666877
 30
0.0
 41
1.0
 10
554.1012790445422
 20
47.22630858086724
 30
0.0
 41
1.0
 10
554.1130050898994
 20
47.23479637610708
 30
0.0
 41
1.0
 10
554.1251661233636
 20
47.24318212717705
 30
0.0
 41
1.0
 10
554.1378346694032
 20
47.25146618995459
 30
0.0
 41
1.0
 10
554.1511013077053
 20
47.25961939790593
 30
0.0
 41
1.0
 10
554.1650889502857
 20
47.26759088192849
 30
0.0
 41
1.0
 10
554.1799102334275
 20
47.27531310613699
 30
0.0
 41
1.0
 10
554.1956208782517
 20
47.28270653170504
 30
0.0
 41
1.0
 10
554.2121724569985
 20
47.28968434434328
 30
0.0
 41
1.0
 10
554.2293700615263
 20
47.2961573314668
 30
0.0
 41
1.0
 10
554.2468155022683
 20
47.30203822900357
 30
0.0
 41
1.0
 10
554.2640073847165
 20
47.30725155621961
 30
0.0
 41
1.0
 10
554.2804574988263
 20
47.31174373079227
 30
0.0
 41
1.0
 10
554.2958067858343
 20
47.31549382846417
 30
0.0
 41
1.0
 10
554.3099292711865
 20
47.31852238896642
 30
0.0
 41
1.0
 10
554.3230729263289
 20
47.32090544819705
 30
0.0
 41
1.0
 10
554.3357511001556
 20
47.3227538698331
 30
0.0
 41
1.0
 10
554.3485633517869
 20
47.32418259278709
 30
0.0
 41
1.0
 10
554.3620477292896
 20
47.32528487640664
 30
0.0
 41
1.0
 10
554.3765026016782
 20
47.32610081377664
 30
0.0
 41
1.0
 10
554.3918738175254
 20
47.32659928051113
 30
0.0
 41
1.0
 10
554.4078884520796
 20
47.32671112260085
 30
0.0
 41
1.0
 10
554.4241560436861
 20
47.32635611004958
 30
0.0
 41
1.0
 10
554.4402759273192
 20
47.3254698085249
 30
0.0
 41
1.0
 10
554.455957570685
 20
47.32403646438413
 30
0.0
 41
1.0
 10
554.4710825046271
 20
47.32209919582203
 30
0.0
 41
1.0
 10
554.4856502587017
 20
47.31972751165223
 30
0.0
 41
1.0
 10
554.4997495913994
 20
47.31699253521696
 30
0.0
 41
1.0
 10
554.5135201349591
 20
47.31394267841594
 30
0.0
 41
1.0
 10
554.5271167810723
 20
47.31057041580442
 30
0.0
 41
1.0
 10
554.5406789800693
 20
47.30682036112007
 30
0.0
 41
1.0
 10
554.554306866972
 20
47.30262902068858
 30
0.0
 41
1.0
 10
554.5680340174538
 20
47.29795633633237
 30
0.0
 41
1.0
 10
554.5818044153435
 20
47.29281836819133
 30
0.0
 41
1.0
 10
554.5954400535324
 20
47.28732546911679
 30
0.0
 41
1.0
 10
554.6087117836253
 20
47.28164086956205
 30
0.0
 41
1.0
 10
554.6214259847538
 20
47.27592742167182
 30
0.0
 41
1.0
 10
554.633499472121
 20
47.27030179898697
 30
0.0
 41
1.0
 10
554.6450535915128
 20
47.26477808951607
 30
0.0
 41
1.0
 10
554.6564573791864
 20
47.25923836867103
 30
0.0
 41
1.0
 10
554.6681710782556
 20
47.25350866164859
 30
0.0
 41
1.0
 10
554.6806099924001
 20
47.24742366703345
 30
0.0
 41
1.0
 10
554.6940180024261
 20
47.24088767506991
 30
0.0
 41
1.0
 10
554.708293353601
 20
47.23395739457046
 30
0.0
 41
1.0
 10
554.723049287188
 20
47.22681564598737
 30
0.0
 41
1.0
 10
554.737799350348
 20
47.2196869674962
 30
0.0
 41
1.0
 10
554.7521119885029
 20
47.21276758606748
 30
0.0
 41
1.0
 10
554.7657600909655
 20
47.20615760985765
 30
0.0
 41
1.0
 10
554.7789181466161
 20
47.19977136781587
 30
0.0
 41
1.0
 10
554.7920565113098
 20
47.19338701714548
 30
0.0
 41
1.0
 10
554.805731798177
 20
47.18674391268045
 30
0.0
 41
1.0
 10
554.8204076552235
 20
47.17962603006256
 30
0.0
 41
1.0
 10
554.8362719198422
 20
47.17194698483659
 30
0.0
 41
1.0
 10
554.8530311411822
 20
47.16384564627652
 30
0.0
 41
1.0
 10
554.870076225777
 20
47.15560866291916
 30
0.0
 41
1.0
 10
554.8866797274989
 20
47.14757823854874
 30
0.0
 41
1.0
 10
554.902190929528
 20
47.14006093450812
 30
0.0
 41
1.0
 10
554.9162108605155
 20
47.13324583143865
 30
0.0
 41
1.0
 10
554.9288296223624
 20
47.12709363050727
 30
0.0
 41
1.0
 10
554.9405206752295
 20
47.12138573827999
 30
0.0
 41
1.0
 10
554.9518983082314
 20
47.11583715815407
 30
0.0
 41
1.0
 10
554.9635261607581
 20
47.11018557105013
 30
0.0
 41
1.0
 10
554.9756897732208
 20
47.10429719702268
 30
0.0
 41
1.0
 10
554.988226394749
 20
47.0982459421986
 30
0.0
 41
1.0
 10
555.0007546997977
 20
47.09220613835725
 30
0.0
 41
1.0
 10
555.0128838513252
 20
47.08635481173168
 30
0.0
 41
1.0
 10
555.0244035347504
 20
47.08078305670397
 30
0.0
 41
1.0
 10
555.0355471340599
 20
47.07537273750297
 30
0.0
 41
1.0
 10
555.0469618524943
 20
47.06981195321553
 30
0.0
 41
1.0
 10
555.0594070196742
 20
47.06373912553914
 30
0.0
 41
1.0
 10
555.0735216084974
 20
47.05685442586378
 30
0.0
 41
1.0
 10
555.0895767209779
 20
47.04903808508277
 30
0.0
 41
1.0
 10
555.1071992801897
 20
47.04048293621987
 30
0.0
 41
1.0
 10
555.1255817743851
 20
47.0315901525619
 30
0.0
 41
1.0
 10
555.143740570144
 20
47.02284154833442
 30
0.0
 41
1.0
 10
555.1607698096408
 20
47.01467360365477
 30
0.0
 41
1.0
 10
555.1760674650041
 20
47.00736601080365
 30
0.0
 41
1.0
 10
555.1896469205144
 20
47.0008862193481
 30
0.0
 41
1.0
 10
555.2021062114875
 20
46.99490968352186
 30
0.0
 41
1.0
 10
555.214310811992
 20
46.9889867357859
 30
0.0
 41
1.0
 10
555.227149450297
 20
46.98267259875365
 30
0.0
 41
1.0
 10
555.2412778451784
 20
46.97566223383795
 30
0.0
 41
1.0
 10
555.2568213599888
 20
46.96794971530728
 30
0.0
 41
1.0
 10
555.27345168053
 20
46.95977290282812
 30
0.0
 41
1.0
 10
555.2905559778629
 20
46.95150627563272
 30
0.0
 41
1.0
 10
555.3073768298461
 20
46.94356831682902
 30
0.0
 41
1.0
 10
555.3231585313308
 20
46.9363301931051
 30
0.0
 41
1.0
 10
555.3373053161756
 20
46.93000534769346
 30
0.0
 41
1.0
 10
555.3494653513714
 20
46.9246356265809
 30
0.0
 41
1.0
 10
555.3595708068939
 20
46.92013613487297
 30
0.0
 41
1.0
 10
555.3678870070428
 20
46.91632232895273
 30
0.0
 41
1.0
 10
555.3750679331812
 20
46.91294395314393
 30
0.0
 41
1.0
 10
555.3821798743263
 20
46.90971751087552
 30
0.0
 41
1.0
 10
555.3903654367831
 20
46.90638089096999
 30
0.0
 41
1.0
 10
555.4005446628227
 20
46.90274419576184
 30
0.0
 41
1.0
 10
555.4130852689516
 20
46.89874525014424
 30
0.0
 41
1.0
 10
555.4275321879015
 20
46.89449428829554
 30
0.0
 41
1.0
 10
555.4429707777727
 20
46.89019766282676
 30
0.0
 41
1.0
 10
555.4583627519009
 20
46.88608666249329
 30
0.0
 41
1.0
 10
555.4728640010109
 20
46.88235018568569
 30
0.0
 41
1.0
 10
555.4862171777837
 20
46.87905210613756
 30
0.0
 41
1.0
 10
555.4988928525468
 20
46.87609994569477
 30
0.0
 41
1.0
 10
555.5116803536893
 20
46.87332620495752
 30
0.0
 41
1.0
 10
555.5253731906392
 20
46.87054984400781
 30
0.0
 41
1.0
 10
555.540454235766
 20
46.86763904719342
 30
0.0
 41
1.0
 10
555.5566868186903
 20
46.86459010355072
 30
0.0
 41
1.0
 10
555.5732713814556
 20
46.8615063267611
 30
0.0
 41
1.0
 10
555.5892373234447
 20
46.85853492052345
 30
0.0
 41
1.0
 10
555.6037726732788
 20
46.85581549666302
 30
0.0
 41
1.0
 10
555.6165483730596
 20
46.85342816028153
 30
0.0
 41
1.0
 10
555.6281265858437
 20
46.85133024600709
 30
0.0
 41
1.0
 10
555.6396666823239
 20
46.84939165661234
 30
0.0
 41
1.0
 10
555.6524494242537
 20
46.84745546210848
 30
0.0
 41
1.0
 10
555.6674955082602
 20
46.84538607821217
 30
0.0
 41
1.0
 10
555.6850706527959
 20
46.84313129250888
 30
0.0
 41
1.0
 10
555.7044773699267
 20
46.84075051772879
 30
0.0
 41
1.0
 10
555.7245291186841
 20
46.83836334752399
 30
0.0
 41
1.0
 10
555.7438946450059
 20
46.83611326192036
 30
0.0
 41
1.0
 10
555.761492127295
 20
46.83412549371844
 30
0.0
 41
1.0
 10
555.7768658802675
 20
46.83246701014951
 30
0.0
 41
1.0
 10
555.7905604189126
 20
46.83110659100627
 30
0.0
 41
1.0
 10
555.8037233587607
 20
46.82995206925369
 30
0.0
 41
1.0
 10
555.8177077634194
 20
46.82888754475541
 30
0.0
 41
1.0
 10
555.8336981719357
 20
46.82780836659681
 30
0.0
 41
1.0
 10
555.8522713051665
 20
46.82666234360645
 30
0.0
 41
1.0
 10
555.8731617045807
 20
46.82547136407741
 30
0.0
 41
1.0
 10
555.8955854495029
 20
46.82429945365534
 30
0.0
 41
1.0
 10
555.9184558978278
 20
46.82323138686712
 30
0.0
 41
1.0
 10
555.9406510950102
 20
46.82234586326458
 30
0.0
 41
1.0
 10
555.9612384595981
 20
46.82169390784906
 30
0.0
 41
1.0
 10
555.9797700321693
 20
46.82126769527677
 30
0.0
 41
1.0
 10
555.9962859678138
 20
46.82100993225766
 30
0.0
 41
1.0
 10
556.0111665008821
 20
46.82084362165198
 30
0.0
 41
1.0
 10
556.0250304396105
 20
46.82069690763881
 30
0.0
 41
1.0
 10
556.0386153464413
 20
46.82052684871507
 30
0.0
 41
1.0
 10
556.0526631814187
 20
46.82035148037471
 30
0.0
 41
1.0
 10
556.0678178254072
 20
46.82023801486074
 30
0.0
 41
1.0
 10
556.0845365273311
 20
46.82026983681446
 30
0.0
 41
1.0
 10
556.1029888608488
 20
46.82051879689346
 30
0.0
 41
1.0
 10
556.1229784826251
 20
46.82101841867854
 30
0.0
 41
1.0
 10
556.1438100508086
 20
46.82172875428399
 30
0.0
 41
1.0
 10
556.164459055835
 20
46.82255441457719
 30
0.0
 41
1.0
 10
556.1838362563661
 20
46.82338004221612
 30
0.0
 41
1.0
 10
556.2010339987217
 20
46.82410161837132
 30
0.0
 41
1.0
 10
556.215550773938
 20
46.82465588801257
 30
0.0
 41
1.0
 10
556.2275964315985
 20
46.82505939732124
 30
0.0
 41
1.0
 10
556.2381091597743
 20
46.82541208602202
 30
0.0
 41
1.0
 10
556.2483284597103
 20
46.82584596354494
 30
0.0
 41
1.0
 10
556.2594799474782
 20
46.82648765486092
 30
0.0
 41
1.0
 10
556.272402171276
 20
46.82741369919682
 30
0.0
 41
1.0
 10
556.2872343448836
 20
46.82861357514482
 30
0.0
 41
1.0
 10
556.3036396955898
 20
46.83002100865323
 30
0.0
 41
1.0
 10
556.3210008325976
 20
46.83154183741734
 30
0.0
 41
1.0
 10
556.3386186270829
 20
46.83308201019315
 30
0.0
 41
1.0
 10
556.3559256835504
 20
46.83457820628262
 30
0.0
 41
1.0
 10
556.3726446328472
 20
46.83601920251071
 30
0.0
 41
1.0
 10
556.3887065840748
 20
46.83742764163518
 30
0.0
 41
1.0
 10
556.40420420828
 20
46.8388473283143
 30
0.0
 41
1.0
 10
556.4193323555953
 20
46.84032891442051
 30
0.0
 41
1.0
 10
556.4343315453742
 20
46.84191498687752
 30
0.0
 41
1.0
 10
556.4494379248001
 20
46.84362939973013
 30
0.0
 41
1.0
 10
556.4648665350286
 20
46.84548269878327
 30
0.0
 41
1.0
 10
556.4807875936707
 20
46.84747492261159
 30
0.0
 41
1.0
 10
556.4973081551364
 20
46.84959932846133
 30
0.0
 41
1.0
 10
556.5144452049396
 20
46.85184597801047
 30
0.0
 41
1.0
 10
556.5321237764526
 20
46.8542045107435
 30
0.0
 41
1.0
 10
556.5502189876071
 20
46.8566650186851
 30
0.0
 41
1.0
 10
556.5685888533612
 20
46.85921935636208
 30
0.0
 41
1.0
 10
556.5871097346223
 20
46.86186228318554
 30
0.0
 41
1.0
 10
556.6057131583844
 20
46.8645926588281
 30
0.0
 41
1.0
 10
556.6244146334732
 20
46.86741467961049
 30
0.0
 41
1.0
 10
556.6432937135135
 20
46.87033976741837
 30
0.0
 41
1.0
 10
556.6624798910525
 20
46.87338822774201
 30
0.0
 41
1.0
 10
556.682136559946
 20
46.87659130199016
 30
0.0
 41
1.0
 10
556.7024450626868
 20
46.87999235401903
 30
0.0
 41
1.0
 10
556.7235906402025
 20
46.8836502465038
 30
0.0
 41
1.0
 10
556.745733367076
 20
46.8876287150622
 30
0.0
 41
1.0
 10
556.7689741780382
 20
46.89198167928161
 30
0.0
 41
1.0
 10
556.7933237150462
 20
46.89674031619652
 30
0.0
 41
1.0
 10
556.8186673865665
 20
46.90189851779408
 30
0.0
 41
1.0
 10
556.8447381060898
 20
46.9074010846586
 30
0.0
 41
1.0
 10
556.8710698680047
 20
46.91312539515841
 30
0.0
 41
1.0
 10
556.8970794854743
 20
46.91890626989739
 30
0.0
 41
1.0
 10
556.9221827295033
 20
46.92457234280418
 30
0.0
 41
1.0
 10
556.9458951806871
 20
46.92997743355348
 30
0.0
 41
1.0
 10
556.9679475193217
 20
46.9350364451661
 30
0.0
 41
1.0
 10
556.9883759788565
 20
46.9397536767898
 30
0.0
 41
1.0
 10
557.0076699457488
 20
46.94426846222064
 30
0.0
 41
1.0
 10
557.0266999419117
 20
46.94883432314519
 30
0.0
 41
1.0
 10
557.0464600716163
 20
46.95374198025589
 30
0.0
 41
1.0
 10
557.0678668213957
 20
46.9592594015085
 30
0.0
 41
1.0
 10
557.0915266040792
 20
46.96556242962536
 30
0.0
 41
1.0
 10
557.1175355949093
 20
46.97267509334466
 30
0.0
 41
1.0
 10
557.1452157072749
 20
46.98039082230643
 30
0.0
 41
1.0
 10
557.1733369342361
 20
46.98833900551655
 30
0.0
 41
1.0
 10
557.200434238691
 20
46.99607981234642
 30
0.0
 41
1.0
 10
557.225083849574
 20
47.00318685840223
 30
0.0
 41
1.0
 10
557.2462139998203
 20
47.00934022284691
 30
0.0
 41
1.0
 10
557.2633604809278
 20
47.01440283650619
 30
0.0
 41
1.0
 10
557.2770453419849
 20
47.0185340077591
 30
0.0
 41
1.0
 10
557.2887296587635
 20
47.02217448036726
 30
0.0
 41
1.0
 10
557.3002737742638
 20
47.02588296312292
 30
0.0
 41
1.0
 10
557.3135112094226
 20
47.03020689347717
 30
0.0
 41
1.0
 10
557.3298056524247
 20
47.03554821346436
 30
0.0
 41
1.0
 10
557.3495393257892
 20
47.04200814967279
 30
0.0
 41
1.0
 10
557.3722426785268
 20
47.04942756302436
 30
0.0
 41
1.0
 10
557.3968761617221
 20
47.05747366083791
 30
0.0
 41
1.0
 10
557.4220569307051
 20
47.06570990975301
 30
0.0
 41
1.0
 10
557.4463141217298
 20
47.07367468906276
 30
0.0
 41
1.0
 10
557.4683189548692
 20
47.08095219825729
 30
0.0
 41
1.0
 10
557.4871595399367
 20
47.08725717880454
 30
0.0
 41
1.0
 10
557.5022967088812
 20
47.09242094099586
 30
0.0
 41
1.0
 10
557.5112259860344
 20
47.09557086306553
 30
0.0
 41
1.0
 10
557.5160937223053
 20
47.09736886015271
 30
0.0
 41
1.0
 10
557.5185258600847
 20
47.09831665063191
 30
0.0
 41
1.0
 10
557.5195386774148
 20
47.09872782835439
 30
0.0
 41
1.0
  0
SPLINE
  5
12F
330
70
100
AcDbEntity
  8
Untitled v10_Sketch14
100
AcDbSpline
210
0.0
220
0.0
230
1.0
 70
    12
 71
     5
 72
   156
 73
   150
 74
     0
 42
0.000000001
 43
0.0000000001
 40
0.0
 40
0.0
 40
0.0
 40
0.0
 40
0.0
 40
0.0
 40
0.0068965517241379
 40
0.0137931034482759
 40
0.0206896551724138
 40
0.0275862068965517
 40
0.0344827586206897
 40
0.0413793103448276
 40
0.0482758620689655
 40
0.0551724137931035
 40
0.0620689655172414
 40
0.0689655172413793
 40
0.0758620689655173
 40
0.0827586206896552
 40
0.0896551724137931
 40
0.0965517241379311
 40
0.103448275862069
 40
0.1103448275862069
 40
0.1172413793103448
 40
0.1241379310344828
 40
0.1310344827586207
 40
0.1379310344827586
 40
0.1448275862068966
 40
0.1517241379310345
 40
0.1586206896551725
 40
0.1655172413793104
 40
0.1724137931034483
 40
0.1793103448275863
 40
0.1862068965517242
 40
0.1931034482758622
 40
0.2000000000000001
 40
0.2068965517241381
 40
0.213793103448276
 40
0.220689655172414
 40
0.2275862068965519
 40
0.2344827586206899
 40
0.2413793103448278
 40
0.2482758620689657
 40
0.2551724137931037
 40
0.2620689655172416
 40
0.2689655172413796
 40
0.2758620689655175
 40
0.2827586206896555
 40
0.2896551724137934
 40
0.2965517241379314
 40
0.3034482758620693
 40
0.3103448275862072
 40
0.3172413793103452
 40
0.3241379310344831
 40
0.3310344827586211
 40
0.337931034482759
 40
0.344827586206897
 40
0.3517241379310349
 40
0.3586206896551729
 40
0.3655172413793108
 40
0.3724137931034487
 40
0.3793103448275867
 40
0.3862068965517246
 40
0.3931034482758626
 40
0.4000000000000006
 40
0.4068965517241385
 40
0.4137931034482765
 40
0.4206896551724144
 40
0.4275862068965524
 40
0.4344827586206903
 40
0.4413793103448282
 40
0.4482758620689661
 40
0.4551724137931041
 40
0.462068965517242
 40
0.46896551724138
 40
0.4758620689655179
 40
0.4827586206896559
 40
0.4896551724137938
 40
0.4965517241379318
 40
0.5034482758620697
 40
0.5103448275862076
 40
0.5172413793103456
 40
0.5241379310344835
 40
0.5310344827586215
 40
0.5379310344827594
 40
0.5448275862068974
 40
0.5517241379310353
 40
0.5586206896551733
 40
0.5655172413793112
 40
0.5724137931034491
 40
0.579310344827587
 40
0.586206896551725
 40
0.5931034482758629
 40
0.6000000000000009
 40
0.6068965517241388
 40
0.6137931034482768
 40
0.6206896551724147
 40
0.6275862068965527
 40
0.6344827586206906
 40
0.6413793103448286
 40
0.6482758620689665
 40
0.6551724137931045
 40
0.6620689655172424
 40
0.6689655172413804
 40
0.6758620689655183
 40
0.6827586206896563
 40
0.6896551724137942
 40
0.6965517241379322
 40
0.7034482758620701
 40
0.710344827586208
 40
0.7172413793103459
 40
0.7241379310344839
 40
0.7310344827586218
 40
0.7379310344827598
 40
0.7448275862068977
 40
0.7517241379310357
 40
0.7586206896551736
 40
0.7655172413793116
 40
0.7724137931034495
 40
0.7793103448275875
 40
0.7862068965517254
 40
0.7931034482758634
 40
0.8000000000000012
 40
0.8068965517241391
 40
0.8137931034482772
 40
0.8206896551724151
 40
0.827586206896553
 40
0.8344827586206909
 40
0.841379310344829
 40
0.8482758620689669
 40
0.8551724137931048
 40
0.8620689655172427
 40
0.8689655172413807
 40
0.8758620689655186
 40
0.8827586206896565
 40
0.8896551724137944
 40
0.8965517241379325
 40
0.9034482758620704
 40
0.9103448275862083
 40
0.9172413793103462
 40
0.9241379310344843
 40
0.9310344827586222
 40
0.9379310344827601
 40
0.944827586206898
 40
0.9517241379310361
 40
0.958620689655174
 40
0.9655172413793119
 40
0.9724137931034498
 40
0.9793103448275878
 40
0.9862068965517257
 40
0.9931034482758636
 40
1.0
 40
1.0
 40
1.0
 40
1.0
 40
1.0
 40
1.0
 10
535.8586440626181
 20
39.40596618832238
 30
0.0
 41
1.0
 10
535.8561345319377
 20
39.40329169284759
 30
0.0
 41
1.0
 10
535.851163247254
 20
39.39763239446321
 30
0.0
 41
1.0
 10
535.8438496486525
 20
39.38821251739092
 30
0.0
 41
1.0
 10
535.8343848768141
 20
39.37379074046305
 30
0.0
 41
1.0
 10
535.8230463823963
 20
39.35273010241389
 30
0.0
 41
1.0
 10
535.8122443452475
 20
39.32884812085035
 30
0.0
 41
1.0
 10
535.802066126017
 20
39.30256803039654
 30
0.0
 41
1.0
 10
535.7926581992695
 20
39.27460077118887
 30
0.0
 41
1.0
 10
535.7842372114746
 20
39.2460005574992
 30
0.0
 41
1.0
 10
535.777040084544
 20
39.21794619281208
 30
0.0
 41
1.0
 10
535.7712791453868
 20
39.19154538271179
 30
0.0
 41
1.0
 10
535.7670933606162
 20
39.16762064173362
 30
0.0
 41
1.0
 10
535.7645057635282
 20
39.14652518571373
 30
0.0
 41
1.0
 10
535.763366282071
 20
39.12788748647387
 30
0.0
 41
1.0
 10
535.7633953185804
 20
39.11085952673467
 30
0.0
 41
1.0
 10
535.7642523032747
 20
39.09450322923952
 30
0.0
 41
1.0
 10
535.7655931057601
 20
39.07809274560151
 30
0.0
 41
1.0
 10
535.7671381419261
 20
39.0615383102773
 30
0.0
 41
1.0
 10
535.7687154723921
 20
39.04546144460489
 30
0.0
 41
1.0
 10
535.7702649185961
 20
39.03065280280671
 30
0.0
 41
1.0
 10
535.7718484869433
 20
39.0176895338088
 30
0.0
 41
1.0
 10
535.7736634224851
 20
39.00644110684979
 30
0.0
 41
1.0
 10
535.7760389020318
 20
38.99576343368409
 30
0.0
 41
1.0
 10
535.7793234494784
 20
38.9841518643157
 30
0.0
 41
1.0
 10
535.783791187717
 20
38.9702527948188
 30
0.0
 41
1.0
 10
535.789529286735
 20
38.95349049128015
 30
0.0
 41
1.0
 10
535.7963673264061
 20
38.93446585717157
 30
0.0
 41
1.0
 10
535.8039829812501
 20
38.91443414124772
 30
0.0
 41
1.0
 10
535.8119861098713
 20
38.89488942704609
 30
0.0
 41
1.0
 10
535.8200059916909
 20
38.87714566647233
 30
0.0
 41
1.0
 10
535.8277900381625
 20
38.86182568598578
 30
0.0
 41
1.0
 10
535.8352386252716
 20
38.84883083242563
 30
0.0
 41
1.0
 10
535.8424039950627
 20
38.83761684997211
 30
0.0
 41
1.0
 10
535.8494923853335
 20
38.82737072873247
 30
0.0
 41
1.0
 10
535.8568829356602
 20
38.81724119345968
 30
0.0
 41
1.0
 10
535.8650746813136
 20
38.80650287498263
 30
0.0
 41
1.0
 10
535.874505474481
 20
38.79466409012181
 30
0.0
 41
1.0
 10
535.8854174678578
 20
38.78156967653311
 30
0.0
 41
1.0
 10
535.8976679414655
 20
38.76754354493016
 30
0.0
 41
1.0
 10
535.9106759131937
 20
38.75339657601195
 30
0.0
 41
1.0
 10
535.9237155152197
 20
38.74007036723391
 30
0.0
 41
1.0
 10
535.9361552704005
 20
38.72833643346674
 30
0.0
 41
1.0
 10
535.947699200244
 20
38.71849852757592
 30
0.0
 41
1.0
 10
535.9586783502211
 20
38.7100278610437
 30
0.0
 41
1.0
 10
535.9698187971994
 20
38.70187261706391
 30
0.0
 41
1.0
 10
535.9818968662684
 20
38.69291295952443
 30
0.0
 41
1.0
 10
535.9954658037331
 20
38.68232239632547
 30
0.0
 41
1.0
 10
536.0104740875629
 20
38.67007323930075
 30
0.0
 41
1.0
 10
536.0263453596569
 20
38.65682485795219
 30
0.0
 41
1.0
 10
536.042271861031
 20
38.6435254349086
 30
0.0
 41
1.0
 10
536.0574354872049
 20
38.63111204917494
 30
0.0
 41
1.0
 10
536.0712700887681
 20
38.6201522149878
 30
0.0
 41
1.0
 10
536.0836738340987
 20
38.61056143083331
 30
0.0
 41
1.0
 10
536.0948906853584
 20
38.60183794931366
 30
0.0
 41
1.0
 10
536.1054192672331
 20
38.59325737990225
 30
0.0
 41
1.0
 10
536.1159108345714
 20
38.58407721042511
 30
0.0
 41
1.0
 10
536.127073892103
 20
38.57375055511738
 30
0.0
 41
1.0
 10
536.139527908851
 20
38.56196974696807
 30
0.0
 41
1.0
 10
536.1536377199497
 20
38.54869509857501
 30
0.0
 41
1.0
 10
536.1693819188437
 20
38.53417715594062
 30
0.0
 41
1.0
 10
536.1861413777478
 20
38.51901053314819
 30
0.0
 41
1.0
 10
536.2027924662787
 20
38.5040552643462
 30
0.0
 41
1.0
 10
536.2180567670435
 20
38.4902439675227
 30
0.0
 41
1.0
 10
536.2307829393655
 20
38.47842041834127
 30
0.0
 41
1.0
 10
536.2402462782456
 20
38.46916731807575
 30
0.0
 41
1.0
 10
536.246468037137
 20
38.46263255325823
 30
0.0
 41
1.0
 10
536.2501267978313
 20
38.45847750599432
 30
0.0
 41
1.0
 10
536.2524127561562
 20
38.45586127506976
 30
0.0
 41
1.0
 10
536.2549243193691
 20
38.45336931354836
 30
0.0
 41
1.0
 10
536.2594777409457
 20
38.44909860301712
 30
0.0
 41
1.0
 10
536.2675806590447
 20
38.44133600869369
 30
0.0
 41
1.0
 10
536.2800319156812
 20
38.42905551922079
 30
0.0
 41
1.0
 10
536.296312917294
 20
38.4126705288957
 30
0.0
 41
1.0
 10
536.3147694112405
 20
38.39386487465013
 30
0.0
 41
1.0
 10
536.3333000591137
 20
38.3748379510294
 30
0.0
 41
1.0
 10
536.3499232229003
 20
38.35769263847616
 30
0.0
 41
1.0
 10
536.3633308292771
 20
38.34383216502232
 30
0.0
 41
1.0
 10
536.3736078971762
 20
38.3331812267928
 30
0.0
 41
1.0
 10
536.3819950653743
 20
38.3244335868212
 30
0.0
 41
1.0
 10
536.3901864898468
 20
38.3157985998303
 30
0.0
 41
1.0
 10
536.3998300377366
 20
38.30553094476322
 30
0.0
 41
1.0
 10
536.4118173688393
 20
38.29268466302444
 30
0.0
 41
1.0
 10
536.4261969589413
 20
38.27720366858074
 30
0.0
 41
1.0
 10
536.4425458156285
 20
38.2595240945222
 30
0.0
 41
1.0
 10
536.4602179280232
 20
38.240307616298
 30
0.0
 41
1.0
 10
536.4786275940109
 20
38.2201381605816
 30
0.0
 41
1.0
 10
536.4975584444218
 20
38.19918995218401
 30
0.0
 41
1.0
 10
536.5171051501262
 20
38.17729654796359
 30
0.0
 41
1.0
 10
536.5375377217596
 20
38.15410411691445
 30
0.0
 41
1.0
 10
536.5591905461496
 20
38.12919797269274
 30
0.0
 41
1.0
 10
536.5823466295366
 20
38.10223388100091
 30
0.0
 41
1.0
 10
536.6071105300252
 20
38.07308275771532
 30
0.0
 41
1.0
 10
536.6333277898031
 20
38.04192153753774
 30
0.0
 41
1.0
 10
536.660666513696
 20
38.00913691823005
 30
0.0
 41
1.0
 10
536.6886721420721
 20
37.97525999465741
 30
0.0
 41
1.0
 10
536.7168318798328
 20
37.94088983317522
 30
0.0
 41
1.0
 10
536.7446369280539
 20
37.90661940058413
 30
0.0
 41
1.0
 10
536.7716411120165
 20
37.87296607038385
 30
0.0
 41
1.0
 10
536.7975323173181
 20
37.84028632363494
 30
0.0
 41
1.0
 10
536.8221536300239
 20
37.80875230253315
 30
0.0
 41
1.0
 10
536.845475044326
 20
37.7783891583708
 30
0.0
 41
1.0
 10
536.8675786344069
 20
37.74909578454498
 30
0.0
 41
1.0
 10
536.8886384535112
 20
37.72067219229847
 30
0.0
 41
1.0
 10
536.9089022721756
 20
37.69284425835799
 30
0.0
 41
1.0
 10
536.9286736326178
 20
37.66528897101651
 30
0.0
 41
1.0
 10
536.9482905387161
 20
37.63766127007081
 30
0.0
 41
1.0
 10
536.9680826314452
 20
37.60963339213681
 30
0.0
 41
1.0
 10
536.9883315554082
 20
37.58093214580981
 30
0.0
 41
1.0
 10
537.00922909459
 20
37.55137794564149
 30
0.0
 41
1.0
 10
537.0308384686913
 20
37.52092098208699
 30
0.0
 41
1.0
 10
537.053048905597
 20
37.48968376459025
 30
0.0
 41
1.0
 10
537.0755487533235
 20
37.4579859355299
 30
0.0
 41
1.0
 10
537.0979157279996
 20
37.42625683623572
 30
0.0
 41
1.0
 10
537.1196947805372
 20
37.39495995599611
 30
0.0
 41
1.0
 10
537.1404796524573
 20
37.36451381277178
 30
0.0
 41
1.0
 10
537.1599952923439
 20
37.33521208508314
 30
0.0
 41
1.0
 10
537.1781742426167
 20
37.30714934629276
 30
0.0
 41
1.0
 10
537.1952508442866
 20
37.28013018017194
 30
0.0
 41
1.0
 10
537.2116655368347
 20
37.25375563370633
 30
0.0
 41
1.0
 10
537.2279462461736
 20
37.22753115428404
 30
0.0
 41
1.0
 10
537.2445955391839
 20
37.20096894052666
 30
0.0
 41
1.0
 10
537.2619807580745
 20
37.17368796289307
 30
0.0
 41
1.0
 10
537.2802099575671
 20
37.145526152662
 30
0.0
 41
1.0
 10
537.2990526329492
 20
37.11661390729738
 30
0.0
 41
1.0
 10
537.3180919182614
 20
37.08724768748894
 30
0.0
 41
1.0
 10
537.3368447227476
 20
37.05779113675312
 30
0.0
 41
1.0
 10
537.3548982808393
 20
37.02856245135919
 30
0.0
 41
1.0
 10
537.3720305790882
 20
36.9997346775483
 30
0.0
 41
1.0
 10
537.3883597566609
 20
36.97121343282042
 30
0.0
 41
1.0
 10
537.4044112359661
 20
36.94257737295871
 30
0.0
 41
1.0
 10
537.4208909554372
 20
36.91322533396473
 30
0.0
 41
1.0
 10
537.4385295410645
 20
36.88248750728754
 30
0.0
 41
1.0
 10
537.4578526759862
 20
36.84975409249901
 30
0.0
 41
1.0
 10
537.4790881938922
 20
36.81458877910103
 30
0.0
 41
1.0
 10
537.50175981004
 20
36.77686734131463
 30
0.0
 41
1.0
 10
537.5252515405549
 20
36.73684759234362
 30
0.0
 41
1.0
 10
537.5490835317741
 20
36.69506214707866
 30
0.0
 41
1.0
 10
537.5728015468666
 20
36.65224745031651
 30
0.0
 41
1.0
 10
537.5960243720089
 20
36.60925843674654
 30
0.0
 41
1.0
 10
537.618423584605
 20
36.56698965822841
 30
0.0
 41
1.0
 10
537.6397325081068
 20
36.52629297981399
 30
0.0
 41
1.0
 10
537.6597424804323
 20
36.48789833083988
 30
0.0
 41
1.0
 10
537.678304985809
 20
36.45232879412958
 30
0.0
 41
1.0
 10
537.6953212625835
 20
36.41993154484609
 30
0.0
 41
1.0
 10
537.7107324065814
 20
36.39091451290412
 30
0.0
 41
1.0
 10
537.7217538742804
 20
36.37048763459013
 30
0.0
 41
1.0
 10
537.7292802768042
 20
36.35675027824064
 30
0.0
 41
1.0
 10
537.7339691488637
 20
36.34829545143894
 30
0.0
 41
1.0
 10
537.736231402505
 20
36.34424389087329
 30
0.0
 41
1.0
  0
SPLINE
  5
130
330
70
100
AcDbEntity
  8
Untitled v10_Sketch14
100
AcDbSpline
210
0.0
220
0.0
230
1.0
 70
    12
 71
     5
 72
    86
 73
    80
 74
     0
 42
0.000000001
 43
0.0000000001
 40
0.0
 40
0.0
 40
0.0
 40
0.0
 40
0.0
 40
0.0
 40
0.0133333333333333
 40
0.0266666666666667
 40
0.04
 40
0.0533333333333333
 40
0.0666666666666667
 40
0.08
 40
0.0933333333333334
 40
0.1066666666666667
 40
0.12
 40
0.1333333333333333
 40
0.1466666666666667
 40
0.16
 40
0.1733333333333333
 40
0.1866666666666667
 40
0.2
 40
0.2133333333333333
 40
0.2266666666666667
 40
0.24
 40
0.2533333333333334
 40
0.2666666666666666
 40
0.28
 40
0.2933333333333333
 40
0.3066666666666666
 40
0.3199999999999999
 40
0.3333333333333332
 40
0.3466666666666665
 40
0.3599999999999998
 40
0.3733333333333331
 40
0.3866666666666665
 40
0.3999999999999997
 40
0.4133333333333331
 40
0.4266666666666664
 40
0.4399999999999997
 40
0.453333333333333
 40
0.4666666666666663
 40
0.4799999999999997
 40
0.493333333333333
 40
0.5066666666666663
 40
0.5199999999999996
 40
0.5333333333333329
 40
0.5466666666666662
 40
0.5599999999999996
 40
0.5733333333333328
 40
0.5866666666666661
 40
0.5999999999999995
 40
0.6133333333333328
 40
0.6266666666666661
 40
0.6399999999999994
 40
0.6533333333333326
 40
0.666666666666666
 40
0.6799999999999993
 40
0.6933333333333326
 40
0.706666666666666
 40
0.7199999999999993
 40
0.7333333333333325
 40
0.7466666666666658
 40
0.7599999999999991
 40
0.7733333333333325
 40
0.7866666666666658
 40
0.7999999999999991
 40
0.8133333333333323
 40
0.8266666666666656
 40
0.8399999999999989
 40
0.8533333333333322
 40
0.8666666666666655
 40
0.8799999999999988
 40
0.8933333333333322
 40
0.9066666666666655
 40
0.9199999999999988
 40
0.9333333333333321
 40
0.9466666666666654
 40
0.9599999999999987
 40
0.973333333333332
 40
0.9866666666666652
 40
1.0
 40
1.0
 40
1.0
 40
1.0
 40
1.0
 40
1.0
 10
539.6943408781795
 20
39.73571967559017
 30
0.0
 41
1.0
 10
539.6759925242609
 20
39.73494810303045
 30
0.0
 41
1.0
 10
539.639873153731
 20
39.73346142903828
 30
0.0
 41
1.0
 10
539.587426114865
 20
39.73140083177945
 30
0.0
 41
1.0
 10
539.5209617228134
 20
39.72899229130597
 30
0.0
 41
1.0
 10
539.4436194887173
 20
39.7265447824595
 30
0.0
 41
1.0
 10
539.3718944193222
 20
39.72465428812164
 30
0.0
 41
1.0
 10
539.3055380819218
 20
39.72330785580851
 30
0.0
 41
1.0
 10
539.2441264053216
 20
39.72248301811206
 30
0.0
 41
1.0
 10
539.1870232067804
 20
39.72214588821202
 30
0.0
 41
1.0
 10
539.1333140383339
 20
39.72224722722892
 30
0.0
 41
1.0
 10
539.0818552615521
 20
39.72272639716415
 30
0.0
 41
1.0
 10
539.0314142352019
 20
39.72352155774978
 30
0.0
 41
1.0
 10
538.9807859645953
 20
39.72457824246483
 30
0.0
 41
1.0
 10
538.9289135577392
 20
39.72585822999257
 30
0.0
 41
1.0
 10
538.8750211015119
 20
39.72734919515311
 30
0.0
 41
1.0
 10
538.8186986873376
 20
39.72907131835818
 30
0.0
 41
1.0
 10
538.7597916503945
 20
39.73107157106376
 30
0.0
 41
1.0
 10
538.6983220082266
 20
39.73341989399166
 30
0.0
 41
1.0
 10
538.6343937993847
 20
39.73620472417053
 30
0.0
 41
1.0
 10
538.5681140260981
 20
39.73952867801962
 30
0.0
 41
1.0
 10
538.4994856498166
 20
39.74350454166576
 30
0.0
 41
1.0
 10
538.4284000772557
 20
39.74824966945746
 30
0.0
 41
1.0
 10
538.3547164181469
 20
39.75387888994653
 30
0.0
 41
1.0
 10
538.2783163802563
 20
39.76049783381356
 30
0.0
 41
1.0
 10
538.1991693868969
 20
39.76819606344044
 30
0.0
 41
1.0
 10
538.1173929192869
 20
39.77704029122279
 30
0.0
 41
1.0
 10
538.0333162645422
 20
39.78706746515101
 30
0.0
 41
1.0
 10
537.9475397552774
 20
39.79827804618807
 30
0.0
 41
1.0
 10
537.8608598271456
 20
39.81063623000466
 30
0.0
 41
1.0
 10
537.7741978237582
 20
39.82406996984082
 30
0.0
 41
1.0
 10
537.6885274422923
 20
39.8384709775847
 30
0.0
 41
1.0
 10
537.6048031726343
 20
39.85369478853933
 30
0.0
 41
1.0
 10
537.5238875553253
 20
39.86956050380719
 30
0.0
 41
1.0
 10
537.4464806298224
 20
39.88585119946919
 30
0.0
 41
1.0
 10
537.3730434269357
 20
39.90231241494555
 30
0.0
 41
1.0
 10
537.3038243239161
 20
39.9186863575737
 30
0.0
 41
1.0
 10
537.2388921848485
 20
39.93474922283049
 30
0.0
 41
1.0
 10
537.1781664723505
 20
39.95034598065153
 30
0.0
 41
1.0
 10
537.1214491554736
 20
39.96542953716329
 30
0.0
 41
1.0
 10
537.0684539418029
 20
39.98009057533728
 30
0.0
 41
1.0
 10
537.0188409653643
 20
39.9946111302313
 30
0.0
 41
1.0
 10
536.9722185282514
 20
40.00937273237653
 30
0.0
 41
1.0
 10
536.9281371110944
 20
40.02472833410941
 30
0.0
 41
1.0
 10
536.8860834001657
 20
40.0408790705331
 30
0.0
 41
1.0
 10
536.8454798375689
 20
40.05776540535073
 30
0.0
 41
1.0
 10
536.805667672397
 20
40.07491045192161
 30
0.0
 41
1.0
 10
536.7659619936694
 20
40.09147567991654
 30
0.0
 41
1.0
 10
536.7257506192372
 20
40.10644900466992
 30
0.0
 41
1.0
 10
536.6845824013558
 20
40.11879593668027
 30
0.0
 41
1.0
 10
536.6422543128606
 20
40.12761866163842
 30
0.0
 41
1.0
 10
536.5989140518177
 20
40.13233038555036
 30
0.0
 41
1.0
 10
536.555066805634
 20
40.13271113676857
 30
0.0
 41
1.0
 10
536.5115423958217
 20
40.1289141545736
 30
0.0
 41
1.0
 10
536.4694816535019
 20
40.12149442598825
 30
0.0
 41
1.0
 10
536.4303019530293
 20
40.11141628436718
 30
0.0
 41
1.0
 10
536.3957078878833
 20
40.10010330771045
 30
0.0
 41
1.0
 10
536.3672646664378
 20
40.08910560467072
 30
0.0
 41
1.0
 10
536.3458402291167
 20
40.07966669924805
 30
0.0
 41
1.0
 10
536.3312014340963
 20
40.07239449955257
 30
0.0
 41
1.0
 10
536.3212831912809
 20
40.06672184309856
 30
0.0
 41
1.0
 10
536.3126804629587
 20
40.06114536829194
 30
0.0
 41
1.0
 10
536.3022134397263
 20
40.0541440037648
 30
0.0
 41
1.0
 10
536.2881476000005
 20
40.04488167308288
 30
0.0
 41
1.0
 10
536.271664367142
 20
40.03406011189866
 30
0.0
 41
1.0
 10
536.255428148462
 20
40.02312597247872
 30
0.0
 41
1.0
 10
536.2421196592484
 20
40.01346111846672
 30
0.0
 41
1.0
 10
536.2328369414812
 20
40.00549550020409
 30
0.0
 41
1.0
 10
536.2259748401953
 20
39.99809661354717
 30
0.0
 41
1.0
 10
536.218889513644
 20
39.98957594401233
 30
0.0
 41
1.0
 10
536.2090659703985
 20
39.9784007727218
 30
0.0
 41
1.0
 10
536.1957909547101
 20
39.96421561249676
 30
0.0
 41
1.0
 10
536.1801711515725
 20
39.9478323854499
 30
0.0
 41
1.0
 10
536.1641392036363
 20
39.93058586215468
 30
0.0
 41
1.0
 10
536.1498185366464
 20
39.91391605960622
 30
0.0
 41
1.0
 10
536.1386059283508
 20
39.89876849057111
 30
0.0
 41
1.0
 10
536.1326532137002
 20
39.8882282918845
 30
0.0
 41
1.0
 10
536.1299895848604
 20
39.88128104420617
 30
0.0
 41
1.0
 10
536.1290133908842
 20
39.87707475033204
 30
0.0
 41
1.0
 10
536.1287252188811
 20
39.87507792795412
 30
0.0
 41
1.0
  0
ARC
  5
131
330
70
100
AcDbEntity
  8
Untitled v10_Sketch14
100
AcDbCircle
 10
517.6212560115982
 20
49.99938761383205
 30
0.0
 40
24.37862958253658
100
AcDbArc
 50
358.7016270909378
 51
1.301055252609318
  0
ARC
  5
132
330
70
100
AcDbEntity
  8
Untitled v10_Sketch14
100
AcDbCircle
 10
517.6939515405178
 20
49.77688004370172
 30
0.0
 40
24.3786295825366
100
AcDbArc
 50
34.70162709093803
 51
37.30105525260954
  0
SPLINE
  5
133
330
70
100
AcDbEntity
  8
Untitled v10_Sketch14
100
AcDbSpline
210
0.0
220
0.0
230
1.0
 70
    12
 71
     5
 72
    96
 73
    90
 74
     0
 42
0.000000001
 43
0.0000000001
 40
0.0
 40
0.0
 40
0.0
 40
0.0
 40
0.0
 40
0.0
 40
0.011764705882353
 40
0.0235294117647059
 40
0.0352941176470588
 40
0.0470588235294118
 40
0.0588235294117647
 40
0.0705882352941177
 40
0.0823529411764706
 40
0.0941176470588236
 40
0.1058823529411765
 40
0.1176470588235294
 40
0.1294117647058823
 40
0.1411764705882353
 40
0.1529411764705882
 40
0.1647058823529412
 40
0.1764705882352942
 40
0.1882352941176471
 40
0.2000000000000001
 40
0.211764705882353
 40
0.223529411764706
 40
0.2352941176470589
 40
0.2470588235294119
 40
0.2588235294117648
 40
0.2705882352941178
 40
0.2823529411764707
 40
0.2941176470588237
 40
0.3058823529411767
 40
0.3176470588235296
 40
0.3294117647058826
 40
0.3411764705882355
 40
0.3529411764705885
 40
0.3647058823529414
 40
0.3764705882352944
 40
0.3882352941176474
 40
0.4000000000000003
 40
0.4117647058823533
 40
0.4235294117647063
 40
0.4352941176470592
 40
0.4470588235294122
 40
0.4588235294117651
 40
0.4705882352941181
 40
0.482352941176471
 40
0.4941176470588239
 40
0.5058823529411769
 40
0.5176470588235298
 40
0.5294117647058827
 40
0.5411764705882356
 40
0.5529411764705885
 40
0.5647058823529414
 40
0.5764705882352943
 40
0.5882352941176472
 40
0.6000000000000001
 40
0.611764705882353
 40
0.6235294117647059
 40
0.6352941176470588
 40
0.6470588235294117
 40
0.6588235294117646
 40
0.6705882352941175
 40
0.6823529411764704
 40
0.6941176470588233
 40
0.7058823529411762
 40
0.7176470588235291
 40
0.729411764705882
 40
0.7411764705882349
 40
0.7529411764705878
 40
0.7647058823529407
 40
0.7764705882352936
 40
0.7882352941176465
 40
0.7999999999999994
 40
0.8117647058823521
 40
0.823529411764705
 40
0.8352941176470579
 40
0.8470588235294108
 40
0.8588235294117637
 40
0.8705882352941166
 40
0.8823529411764695
 40
0.8941176470588224
 40
0.9058823529411753
 40
0.9176470588235282
 40
0.9294117647058811
 40
0.941176470588234
 40
0.9529411764705869
 40
0.9647058823529398
 40
0.9764705882352927
 40
0.9882352941176456
 40
1.0
 40
1.0
 40
1.0
 40
1.0
 40
1.0
 40
1.0
 10
557.2961855386051
 20
53.48867765371117
 30
0.0
 41
1.0
 10
557.2886240386667
 20
53.49106488426578
 30
0.0
 41
1.0
 10
557.2730303039357
 20
53.49586667732239
 30
0.0
 41
1.0
 10
557.2482275022687
 20
53.50315136221723
 30
0.0
 41
1.0
 10
557.2123320211926
 20
53.51302830758392
 30
0.0
 41
1.0
 10
557.162776381106
 20
53.52564205823064
 30
0.0
 41
1.0
 10
557.1086065665435
 20
53.5385056342357
 30
0.0
 41
1.0
 10
557.0499730652483
 20
53.55158310856062
 30
0.0
 41
1.0
 10
556.9871280696509
 20
53.56481464514139
 30
0.0
 41
1.0
 10
556.9204612812306
 20
53.57810944862016
 30
0.0
 41
1.0
 10
556.8504946567045
 20
53.59134305002207
 30
0.0
 41
1.0
 10
556.7778139671113
 20
53.60436138549765
 30
0.0
 41
1.0
 10
556.7030145401377
 20
53.61698318578632
 30
0.0
 41
1.0
 10
556.6266429573611
 20
53.62900315905434
 30
0.0
 41
1.0
 10
556.5491366928874
 20
53.64019449494293
 30
0.0
 41
1.0
 10
556.4707733499947
 20
53.65031238023853
 30
0.0
 41
1.0
 10
556.3915938312147
 20
53.65909523089079
 30
0.0
 41
1.0
 10
556.311424982397
 20
53.66627432738447
 30
0.0
 41
1.0
 10
556.2299939929819
 20
53.67159114525087
 30
0.0
 41
1.0
 10
556.1470174515619
 20
53.67481259530251
 30
0.0
 41
1.0
 10
556.0623003495215
 20
53.67574708258032
 30
0.0
 41
1.0
 10
555.9758318098525
 20
53.67426040256844
 30
0.0
 41
1.0
 10
555.8878802300307
 20
53.67029142718841
 30
0.0
 41
1.0
 10
555.7990940378604
 20
53.66386876049695
 30
0.0
 41
1.0
 10
555.7105857811858
 20
53.65512477075462
 30
0.0
 41
1.0
 10
555.6237551443143
 20
53.64426869102175
 30
0.0
 41
1.0
 10
555.5401277723996
 20
53.63156218685261
 30
0.0
 41
1.0
 10
555.4611867397461
 20
53.61729388457177
 30
0.0
 41
1.0
 10
555.3882106082214
 20
53.60175476284425
 30
0.0
 41
1.0
 10
555.3221004453605
 20
53.58521230218961
 30
0.0
 41
1.0
 10
555.2632301421133
 20
53.56788723879411
 30
0.0
 41
1.0
 10
555.2112375086868
 20
53.54992379353618
 30
0.0
 41
1.0
 10
555.1651548576701
 20
53.53139745248441
 30
0.0
 41
1.0
 10
555.1236452027796
 20
53.5123346382452
 30
0.0
 41
1.0
 10
555.0852078931371
 20
53.49272855959107
 30
0.0
 41
1.0
 10
555.0483857802618
 20
53.47255623155334
 30
0.0
 41
1.0
 10
555.0119981791643
 20
53.451795919675
 30
0.0
 41
1.0
 10
554.9752761215541
 20
53.43044127728113
 30
0.0
 41
1.0
 10
554.9377660901995
 20
53.40850674499634
 30
0.0
 41
1.0
 10
554.8992800442748
 20
53.38603507875284
 30
0.0
 41
1.0
 10
554.8598285636367
 20
53.36310335720966
 30
0.0
 41
1.0
 10
554.8195583523543
 20
53.33983132048508
 30
0.0
 41
1.0
 10
554.7786973618453
 20
53.31638371373692
 30
0.0
 41
1.0
 10
554.7375476835851
 20
53.29294762916312
 30
0.0
 41
1.0
 10
554.6964708586854
 20
53.26971378000123
 30
0.0
 41
1.0
 10
554.6558768342094
 20
53.2468556298307
 30
0.0
 41
1.0
 10
554.6162100229963
 20
53.2245108594688
 30
0.0
 41
1.0
 10
554.5779403550906
 20
53.20275796193485
 30
0.0
 41
1.0
 10
554.5414955456808
 20
53.18165436643411
 30
0.0
 41
1.0
 10
554.507189289733
 20
53.16127931188454
 30
0.0
 41
1.0
 10
554.4751485970823
 20
53.14177647009806
 30
0.0
 41
1.0
 10
554.4452464090061
 20
53.12339341460699
 30
0.0
 41
1.0
 10
554.4170179324368
 20
53.10653156464006
 30
0.0
 41
1.0
 10
554.3898034006643
 20
53.09164215023123
 30
0.0
 41
1.0
 10
554.3629208170739
 20
53.07909885074877
 30
0.0
 41
1.0
 10
554.3358130904957
 20
53.06909421196124
 30
0.0
 41
1.0
 10
554.3082410542775
 20
53.06148928631024
 30
0.0
 41
1.0
 10
554.2803321893891
 20
53.05581386470322
 30
0.0
 41
1.0
 10
554.2524202446206
 20
53.05148835680704
 30
0.0
 41
1.0
 10
554.2249364140766
 20
53.04798801131276
 30
0.0
 41
1.0
 10
554.1982772793685
 20
53.0450397791246
 30
0.0
 41
1.0
 10
554.172689983011
 20
53.0427789107366
 30
0.0
 41
1.0
 10
554.1482545177351
 20
53.04157054645088
 30
0.0
 41
1.0
 10
554.1248575931628
 20
53.04185258896758
 30
0.0
 41
1.0
 10
554.1021746544565
 20
53.04397462344496
 30
0.0
 41
1.0
 10
554.0796339696287
 20
53.0480281562589
 30
0.0
 41
1.0
 10
554.0566971025043
 20
53.05385577141159
 30
0.0
 41
1.0
 10
554.0331858715858
 20
53.06107003990739
 30
0.0
 41
1.0
 10
554.0095502686746
 20
53.06907784533088
 30
0.0
 41
1.0
 10
553.987271021062
 20
53.0770784419289
 30
0.0
 41
1.0
 10
553.9681961889014
 20
53.08429935641569
 30
0.0
 41
1.0
 10
553.9536294855999
 20
53.0902960538981
 30
0.0
 41
1.0
 10
553.9435829709874
 20
53.09519835838713
 30
0.0
 41
1.0
 10
553.9357606487251
 20
53.10005885674975
 30
0.0
 41
1.0
 10
553.9268202239676
 20
53.10630766499393
 30
0.0
 41
1.0
 10
553.9137946742624
 20
53.11515141226095
 30
0.0
 41
1.0
 10
553.8957136375833
 20
53.12687564686655
 30
0.0
 41
1.0
 10
553.8743316616662
 20
53.14055529338759
 30
0.0
 41
1.0
 10
553.8525367356261
 20
53.1548213359877
 30
0.0
 41
1.0
 10
553.8332837443618
 20
53.16838482158317
 30
0.0
 41
1.0
 10
553.8181802488002
 20
53.18072935920262
 30
0.0
 41
1.0
 10
553.8066458668919
 20
53.1925115344903
 30
0.0
 41
1.0
 10
553.7969169316319
 20
53.20499941039024
 30
0.0
 41
1.0
 10
553.7867157256871
 20
53.21968976859984
 30
0.0
 41
1.0
 10
553.7741655111595
 20
53.2377884936266
 30
0.0
 41
1.0
 10
553.7582027146189
 20
53.2599813142044
 30
0.0
 41
1.0
 10
553.7422619856047
 20
53.28129305587047
 30
0.0
 41
1.0
 10
553.7284448736681
 20
53.29932783779874
 30
0.0
 41
1.0
 10
553.7184058658957
 20
53.31226261372805
 30
0.0
 41
1.0
 10
553.7131794865114
 20
53.31895788434572
 30
0.0
 41
1.0
  0
SPLINE
  5
134
330
70
100
AcDbEntity
  8
Untitled v10_Sketch14
100
AcDbSpline
210
0.0
220
0.0
230
1.0
 70
    12
 71
     5
 72
   156
 73
   150
 74
     0
 42
0.000000001
 43
0.0000000001
 40
0.0
 40
0.0
 40
0.0
 40
0.0
 40
0.0
 40
0.0
 40
0.0068965517241379
 40
0.0137931034482759
 40
0.0206896551724138
 40
0.0275862068965517
 40
0.0344827586206897
 40
0.0413793103448276
 40
0.0482758620689655
 40
0.0551724137931035
 40
0.0620689655172414
 40
0.0689655172413793
 40
0.0758620689655173
 40
0.0827586206896552
 40
0.0896551724137931
 40
0.0965517241379311
 40
0.103448275862069
 40
0.1103448275862069
 40
0.1172413793103448
 40
0.1241379310344828
 40
0.1310344827586207
 40
0.1379310344827586
 40
0.1448275862068966
 40
0.1517241379310345
 40
0.1586206896551725
 40
0.1655172413793104
 40
0.1724137931034483
 40
0.1793103448275863
 40
0.1862068965517242
 40
0.1931034482758622
 40
0.2000000000000001
 40
0.2068965517241381
 40
0.213793103448276
 40
0.220689655172414
 40
0.2275862068965519
 40
0.2344827586206899
 40
0.2413793103448278
 40
0.2482758620689657
 40
0.2551724137931037
 40
0.2620689655172416
 40
0.2689655172413796
 40
0.2758620689655175
 40
0.2827586206896555
 40
0.2896551724137934
 40
0.2965517241379314
 40
0.3034482758620693
 40
0.3103448275862072
 40
0.3172413793103452
 40
0.3241379310344831
 40
0.3310344827586211
 40
0.337931034482759
 40
0.344827586206897
 40
0.3517241379310349
 40
0.3586206896551729
 40
0.3655172413793108
 40
0.3724137931034487
 40
0.3793103448275867
 40
0.3862068965517246
 40
0.3931034482758626
 40
0.4000000000000006
 40
0.4068965517241385
 40
0.4137931034482765
 40
0.4206896551724144
 40
0.4275862068965524
 40
0.4344827586206903
 40
0.4413793103448282
 40
0.4482758620689661
 40
0.4551724137931041
 40
0.462068965517242
 40
0.46896551724138
 40
0.4758620689655179
 40
0.4827586206896559
 40
0.4896551724137938
 40
0.4965517241379318
 40
0.5034482758620697
 40
0.5103448275862076
 40
0.5172413793103456
 40
0.5241379310344835
 40
0.5310344827586215
 40
0.5379310344827594
 40
0.5448275862068974
 40
0.5517241379310353
 40
0.5586206896551733
 40
0.5655172413793112
 40
0.5724137931034491
 40
0.579310344827587
 40
0.586206896551725
 40
0.5931034482758629
 40
0.6000000000000009
 40
0.6068965517241388
 40
0.6137931034482768
 40
0.6206896551724147
 40
0.6275862068965527
 40
0.6344827586206906
 40
0.6413793103448286
 40
0.6482758620689665
 40
0.6551724137931045
 40
0.6620689655172424
 40
0.6689655172413804
 40
0.6758620689655183
 40
0.6827586206896563
 40
0.6896551724137942
 40
0.6965517241379322
 40
0.7034482758620701
 40
0.710344827586208
 40
0.7172413793103459
 40
0.7241379310344839
 40
0.7310344827586218
 40
0.7379310344827598
 40
0.7448275862068977
 40
0.7517241379310357
 40
0.7586206896551736
 40
0.7655172413793116
 40
0.7724137931034495
 40
0.7793103448275875
 40
0.7862068965517254
 40
0.7931034482758634
 40
0.8000000000000012
 40
0.8068965517241391
 40
0.8137931034482772
 40
0.8206896551724151
 40
0.827586206896553
 40
0.8344827586206909
 40
0.841379310344829
 40
0.8482758620689669
 40
0.8551724137931048
 40
0.8620689655172427
 40
0.8689655172413807
 40
0.8758620689655186
 40
0.8827586206896565
 40
0.8896551724137944
 40
0.8965517241379325
 40
0.9034482758620704
 40
0.9103448275862083
 40
0.9172413793103462
 40
0.9241379310344843
 40
0.9310344827586222
 40
0.9379310344827601
 40
0.944827586206898
 40
0.9517241379310361
 40
0.958620689655174
 40
0.9655172413793119
 40
0.9724137931034498
 40
0.9793103448275878
 40
0.9862068965517257
 40
0.9931034482758636
 40
1.0
 40
1.0
 40
1.0
 40
1.0
 40
1.0
 40
1.0
 10
530.0057017781506
 20
33.05810680124797
 30
0.0
 41
1.0
 10
530.0023213924853
 20
33.05668424614012
 30
0.0
 41
1.0
 10
529.9954780539168
 20
33.05353622345173
 30
0.0
 41
1.0
 10
529.9849653399569
 20
33.04790544608465
 30
0.0
 41
1.0
 10
529.9704529755015
 20
33.03858016680611
 30
0.0
 41
1.0
 10
529.9515286122084
 20
33.02395209773827
 30
0.0
 41
1.0
 10
529.9319467832267
 20
33.00652840628967
 30
0.0
 41
1.0
 10
529.9119594415108
 20
32.98666020375148
 30
0.0
 41
1.0
 10
529.8919895636386
 20
32.96493738968319
 30
0.0
 41
1.0
 10
529.8726638535824
 20
32.94223491868649
 30
0.0
 41
1.0
 10
529.8546782128504
 20
32.91953331650706
 30
0.0
 41
1.0
 10
529.838677156177
 20
32.89775816141553
 30
0.0
 41
1.0
 10
529.8251221826811
 20
32.87760433501596
 30
0.0
 41
1.0
 10
529.8141780001494
 20
32.85938514754527
 30
0.0
 41
1.0
 10
529.8055563968168
 20
32.84282223092656
 30
0.0
 41
1.0
 10
529.7986570278053
 20
32.8272546054415
 30
0.0
 41
1.0
 10
529.7927872167437
 20
32.81196381708323
 30
0.0
 41
1.0
 10
529.7873373557377
 20
32.79642674079607
 30
0.0
 41
1.0
 10
529.7820155210572
 20
32.78067508877825
 30
0.0
 41
1.0
 10
529.7769174337648
 20
32.76534658307131
 30
0.0
 41
1.0
 10
529.7723097060529
 20
32.75118799907506
 30
0.0
 41
1.0
 10
529.7684837312078
 20
32.7387013682922
 30
0.0
 41
1.0
 10
529.7655666099067
 20
32.72768721814856
 30
0.0
 41
1.0
 10
529.763393717517
 20
32.71696648375336
 30
0.0
 41
1.0
 10
529.7616714501715
 20
32.70502284149831
 30
0.0
 41
1.0
 10
529.7600996712763
 20
32.69050821684054
 30
0.0
 41
1.0
 10
529.7585238424982
 20
32.67286119545101
 30
0.0
 41
1.0
 10
529.7570326867657
 20
32.65270004607679
 30
0.0
 41
1.0
 10
529.7558423007656
 20
32.63130259709968
 30
0.0
 41
1.0
 10
529.7552039711202
 20
32.61019244655039
 30
0.0
 41
1.0
 10
529.7553134601161
 20
32.59072073486745
 30
0.0
 41
1.0
 10
529.7561933429772
 20
32.57355917935151
 30
0.0
 41
1.0
 10
529.7577124827823
 20
32.55865817659238
 30
0.0
 41
1.0
 10
529.7596972362287
 20
32.54549927540467
 30
0.0
 41
1.0
 10
529.7620053300049
 20
32.53325586982424
 30
0.0
 41
1.0
 10
529.7646368805125
 20
32.52099607125736
 30
0.0
 41
1.0
 10
529.7677527449348
 20
32.50785424606189
 30
0.0
 41
1.0
 10
529.7715529355825
 20
32.49320312877387
 30
0.0
 41
1.0
 10
529.7761955597395
 20
32.4768024791641
 30
0.0
 41
1.0
 10
529.7816819825743
 20
32.45900625383861
 30
0.0
 41
1.0
 10
529.7878112654123
 20
32.44079153588999
 30
0.0
 41
1.0
 10
529.7943032771891
 20
32.42331375443825
 30
0.0
 41
1.0
 10
529.8008949381984
 20
32.40753456828198
 30
0.0
 41
1.0
 10
529.8074394060531
 20
32.3938518547703
 30
0.0
 41
1.0
 10
529.8140240281737
 20
32.38164789323104
 30
0.0
 41
1.0
 10
529.8208842963471
 20
32.36966647913096
 30
0.0
 41
1.0
 10
529.8282739404513
 20
32.35656883141583
 30
0.0
 41
1.0
 10
529.8363622115134
 20
32.341374886437
 30
0.0
 41
1.0
 10
529.8450907800243
 20
32.32408030569392
 30
0.0
 41
1.0
 10
529.854201306397
 20
32.3055218791589
 30
0.0
 41
1.0
 10
529.8633415266998
 20
32.2868943599434
 30
0.0
 41
1.0
 10
529.8721452096699
 20
32.26938656538561
 30
0.0
 41
1.0
 10
529.8803259809204
 20
32.25374721924926
 30
0.0
 41
1.0
 10
529.8877564427733
 20
32.23994054421244
 30
0.0
 41
1.0
 10
529.8944553867016
 20
32.22740894286794
 30
0.0
 41
1.0
 10
529.9005836928505
 20
32.21528784261018
 30
0.0
 41
1.0
 10
529.90643430522
 20
32.20263403560416
 30
0.0
 41
1.0
 10
529.9124320366071
 20
32.18865974200828
 30
0.0
 41
1.0
 10
529.9190176606775
 20
32.17283193327123
 30
0.0
 41
1.0
 10
529.9265083285895
 20
32.15496596132922
 30
0.0
 41
1.0
 10
529.9349863907218
 20
32.13529941817519
 30
0.0
 41
1.0
 10
529.9441280970349
 20
32.11462733276093
 30
0.0
 41
1.0
 10
529.9532567674982
 20
32.09419240702658
 30
0.0
 41
1.0
 10
529.9615838396196
 20
32.07536660909728
 30
0.0
 41
1.0
 10
529.9684007058341
 20
32.0593890588399
 30
0.0
 41
1.0
 10
529.9732823211421
 20
32.04708684443485
 30
0.0
 41
1.0
 10
529.9763082524107
 20
32.03858642239357
 30
0.0
 41
1.0
 10
529.9779606866475
 20
32.03330244579664
 30
0.0
 41
1.0
 10
529.9789848965079
 20
32.02998261690407
 30
0.0
 41
1.0
 10
529.9802657516088
 20
32.02668455198555
 30
0.0
 41
1.0
 10
529.9826884547418
 20
32.02093102037224
 30
0.0
 41
1.0
 10
529.986933507208
 20
32.01054378388182
 30
0.0
 41
1.0
 10
529.9933133710867
 20
31.99426061617981
 30
0.0
 41
1.0
 10
530.0015224301944
 20
31.97267010275297
 30
0.0
 41
1.0
 10
530.0107343277245
 20
31.94798335034815
 30
0.0
 41
1.0
 10
530.0199239698748
 20
31.92306429719153
 30
0.0
 41
1.0
 10
530.0281363587712
 20
31.9006400249528
 30
0.0
 41
1.0
 10
530.0347472542305
 20
31.8825244875789
 30
0.0
 41
1.0
 10
530.0398036960667
 20
31.86861431124175
 30
0.0
 41
1.0
 10
530.0439077697594
 20
31.85721157584279
 30
0.0
 41
1.0
 10
530.0478788427565
 20
31.84599137020843
 30
0.0
 41
1.0
 10
530.0525124305725
 20
31.83268901626526
 30
0.0
 41
1.0
 10
530.0582383489402
 20
31.81607766712304
 30
0.0
 41
1.0
 10
530.0650780704489
 20
31.79608636876239
 30
0.0
 41
1.0
 10
530.0728225636096
 20
31.77328559510105
 30
0.0
 41
1.0
 10
530.0811507957702
 20
31.74854257303597
 30
0.0
 41
1.0
 10
530.0897652057992
 20
31.72262897263913
 30
0.0
 41
1.0
 10
530.0985389942393
 20
31.69579196146508
 30
0.0
 41
1.0
 10
530.1074909487093
 20
31.66784098002569
 30
0.0
 41
1.0
 10
530.1167238201633
 20
31.63834296439361
 30
0.0
 41
1.0
 10
530.1263744180371
 20
31.60678307236687
 30
0.0
 41
1.0
 10
530.1365612686939
 20
31.57273172125873
 30
0.0
 41
1.0
 10
530.1473273874717
 20
31.5360284592418
 30
0.0
 41
1.0
 10
530.1586036359644
 20
31.49689774786125
 30
0.0
 41
1.0
 10
530.1702440969928
 20
31.45582784703006
 30
0.0
 41
1.0
 10
530.1820495254125
 20
31.41348882210845
 30
0.0
 41
1.0
 10
530.1937951218291
 20
31.37063652000119
 30
0.0
 41
1.0
 10
530.2052572566221
 20
31.32801959000211
 30
0.0
 41
1.0
 10
530.2162387636644
 20
31.28629215192927
 30
0.0
 41
1.0
 10
530.2265995061713
 20
31.24590681580042
 30
0.0
 41
1.0
 10
530.2362661526693
 20
31.20708466398351
 30
0.0
 41
1.0
 10
530.245221521441
 20
31.16986087778919
 30
0.0
 41
1.0
 10
530.2534994672227
 20
31.13410970916213
 30
0.0
 41
1.0
 10
530.2611776528098
 20
31.0995776654492
 30
0.0
 41
1.0
 10
530.2683709318706
 20
31.06591354522287
 30
0.0
 41
1.0
 10
530.2752252233215
 20
31.03269880086273
 30
0.0
 41
1.0
 10
530.281908960442
 20
30.99948072562469
 30
0.0
 41
1.0
 10
530.2885899718685
 20
30.96582581569471
 30
0.0
 41
1.0
 10
530.2954144357939
 20
30.93136994312534
 30
0.0
 41
1.0
 10
530.3024845116242
 20
30.89587104287197
 30
0.0
 41
1.0
 10
530.3098376940624
 20
30.85925789788227
 30
0.0
 41
1.0
 10
530.3174226168262
 20
30.82168748118047
 30
0.0
 41
1.0
 10
530.3250845819298
 20
30.78357856089124
 30
0.0
 41
1.0
 10
530.3326124427115
 20
30.74549511816045
 30
0.0
 41
1.0
 10
530.3397790092216
 20
30.70804565666062
 30
0.0
 41
1.0
 10
530.3463833724622
 20
30.67177775178379
 30
0.0
 41
1.0
 10
530.3522937102773
 20
30.63707156569777
 30
0.0
 41
1.0
 10
530.3574868635524
 20
30.60404093293823
 30
0.0
 41
1.0
 10
530.3620974305133
 20
30.57241201682086
 30
0.0
 41
1.0
 10
530.3663655038372
 20
30.54164121275566
 30
0.0
 41
1.0
 10
530.3705722151743
 20
30.51106199763705
 30
0.0
 41
1.0
 10
530.3749782755205
 20
30.48002433036547
 30
0.0
 41
1.0
 10
530.3797642900056
 20
30.44803071159755
 30
0.0
 41
1.0
 10
530.3849630522421
 20
30.41488913437437
 30
0.0
 41
1.0
 10
530.3904170231239
 20
30.38081247741982
 30
0.0
 41
1.0
 10
530.395865958073
 20
30.34624112571119
 30
0.0
 41
1.0
 10
530.4010164388664
 20
30.31170377484372
 30
0.0
 41
1.0
 10
530.4056208074768
 20
30.27765899845548
 30
0.0
 41
1.0
 10
530.409546628774
 20
30.24435518315851
 30
0.0
 41
1.0
 10
530.4128634394356
 20
30.21165805472101
 30
0.0
 41
1.0
 10
530.4158798605842
 20
30.17896898750056
 30
0.0
 41
1.0
 10
530.4189962836423
 20
30.14545165982863
 30
0.0
 41
1.0
 10
530.4226077329834
 20
30.11019699878307
 30
0.0
 41
1.0
 10
530.4269464158709
 20
30.07243410935818
 30
0.0
 41
1.0
 10
530.4320430052705
 20
30.03167173376987
 30
0.0
 41
1.0
 10
530.4374118662424
 20
29.98799010857926
 30
0.0
 41
1.0
 10
530.4425951315932
 20
29.94187530108117
 30
0.0
 41
1.0
 10
530.4473710671817
 20
29.89400905325741
 30
0.0
 41
1.0
 10
530.4516242460985
 20
29.84524889567087
 30
0.0
 41
1.0
 10
530.4553541454522
 20
29.79653090365442
 30
0.0
 41
1.0
 10
530.4586245832926
 20
29.7488058725002
 30
0.0
 41
1.0
 10
530.4615384232024
 20
29.7029604867809
 30
0.0
 41
1.0
 10
530.4642019318921
 20
29.65974644064111
 30
0.0
 41
1.0
 10
530.4666921904042
 20
29.61970200082497
 30
0.0
 41
1.0
 10
530.4690601843391
 20
29.58318449760892
 30
0.0
 41
1.0
 10
530.4713366747714
 20
29.55040784290848
 30
0.0
 41
1.0
 10
530.4730969266103
 20
29.52726412623722
 30
0.0
 41
1.0
 10
530.4743851512419
 20
29.51165316304721
 30
0.0
 41
1.0
 10
530.4752297611424
 20
29.50202215834597
 30
0.0
 41
1.0
 10
530.4756485145367
 20
29.49740073214308
 30
0.0
 41
1.0
  0
ARC
  5
135
330
70
100
AcDbEntity
  8
Untitled v10_Sketch14
100
AcDbCircle
 10
549.0982472795358
 20
49.97045627494436
 30
0.0
 40
8.897470038103245
100
AcDbArc
 50
341.1702087838063
 51
346.8483967970676
  0
ARC
  5
136
330
70
100
AcDbEntity
  8
Untitled v10_Sketch14
100
AcDbCircle
 10
549.0621194773577
 20
49.91835527317411
 30
0.0
 40
8.897470038103252
100
AcDbArc
 50
305.1702087838066
 51
310.8483967970676
  0
ARC
  5
137
330
70
100
AcDbEntity
  8
Untitled v10_Sketch14
100
AcDbCircle
 10
549.096851084997
 20
50.03384226011846
 30
0.0
 40
8.897470038103255
100
AcDbArc
 50
17.17020878380658
 51
22.84839679706824
  0
SPLINE
  5
138
330
70
100
AcDbEntity
  8
Untitled v10_Sketch14
100
AcDbSpline
210
0.0
220
0.0
230
1.0
 70
    12
 71
     5
 72
   236
 73
   230
 74
     0
 42
0.000000001
 43
0.0000000001
 40
0.0
 40
0.0
 40
0.0
 40
0.0
 40
0.0
 40
0.0
 40
0.0044444444444444
 40
0.0088888888888889
 40
0.0133333333333333
 40
0.0177777777777778
 40
0.0222222222222222
 40
0.0266666666666667
 40
0.0311111111111111
 40
0.0355555555555556
 40
0.04
 40
0.0444444444444445
 40
0.0488888888888889
 40
0.0533333333333333
 40
0.0577777777777778
 40
0.0622222222222222
 40
0.0666666666666667
 40
0.0711111111111111
 40
0.0755555555555556
 40
0.08
 40
0.0844444444444445
 40
0.0888888888888889
 40
0.0933333333333334
 40
0.0977777777777778
 40
0.1022222222222222
 40
0.1066666666666667
 40
0.1111111111111111
 40
0.1155555555555556
 40
0.12
 40
0.1244444444444444
 40
0.1288888888888889
 40
0.1333333333333333
 40
0.1377777777777778
 40
0.1422222222222222
 40
0.1466666666666667
 40
0.1511111111111111
 40
0.1555555555555556
 40
0.16
 40
0.1644444444444444
 40
0.1688888888888889
 40
0.1733333333333333
 40
0.1777777777777778
 40
0.1822222222222222
 40
0.1866666666666667
 40
0.1911111111111111
 40
0.1955555555555556
 40
0.2
 40
0.2044444444444445
 40
0.2088888888888889
 40
0.2133333333333333
 40
0.2177777777777778
 40
0.2222222222222222
 40
0.2266666666666667
 40
0.2311111111111111
 40
0.2355555555555556
 40
0.24
 40
0.2444444444444445
 40
0.2488888888888889
 40
0.2533333333333334
 40
0.2577777777777777
 40
0.2622222222222222
 40
0.2666666666666666
 40
0.271111111111111
 40
0.2755555555555555
 40
0.2799999999999998
 40
0.2844444444444443
 40
0.2888888888888887
 40
0.2933333333333331
 40
0.2977777777777775
 40
0.3022222222222219
 40
0.3066666666666664
 40
0.3111111111111108
 40
0.3155555555555552
 40
0.3199999999999996
 40
0.324444444444444
 40
0.3288888888888884
 40
0.3333333333333329
 40
0.3377777777777773
 40
0.3422222222222217
 40
0.3466666666666661
 40
0.3511111111111105
 40
0.355555555555555
 40
0.3599999999999994
 40
0.3644444444444438
 40
0.3688888888888882
 40
0.3733333333333326
 40
0.3777777777777771
 40
0.3822222222222215
 40
0.3866666666666659
 40
0.3911111111111103
 40
0.3955555555555547
 40
0.3999999999999991
 40
0.4044444444444436
 40
0.408888888888888
 40
0.4133333333333324
 40
0.4177777777777769
 40
0.4222222222222213
 40
0.4266666666666657
 40
0.4311111111111101
 40
0.4355555555555545
 40
0.4399999999999989
 40
0.4444444444444433
 40
0.4488888888888878
 40
0.4533333333333322
 40
0.4577777777777766
 40
0.462222222222221
 40
0.4666666666666654
 40
0.4711111111111098
 40
0.4755555555555543
 40
0.4799999999999987
 40
0.4844444444444431
 40
0.4888888888888875
 40
0.493333333333332
 40
0.4977777777777764
 40
0.5022222222222208
 40
0.5066666666666653
 40
0.5111111111111098
 40
0.5155555555555543
 40
0.5199999999999987
 40
0.5244444444444432
 40
0.5288888888888877
 40
0.5333333333333322
 40
0.5377777777777766
 40
0.542222222222221
 40
0.5466666666666656
 40
0.5511111111111101
 40
0.5555555555555545
 40
0.5599999999999989
 40
0.5644444444444435
 40
0.568888888888888
 40
0.5733333333333324
 40
0.5777777777777768
 40
0.5822222222222213
 40
0.5866666666666659
 40
0.5911111111111103
 40
0.5955555555555547
 40
0.5999999999999992
 40
0.6044444444444438
 40
0.6088888888888882
 40
0.6133333333333326
 40
0.6177777777777771
 40
0.6222222222222216
 40
0.6266666666666661
 40
0.6311111111111105
 40
0.635555555555555
 40
0.6399999999999995
 40
0.644444444444444
 40
0.6488888888888884
 40
0.6533333333333329
 40
0.6577777777777774
 40
0.6622222222222219
 40
0.6666666666666663
 40
0.6711111111111108
 40
0.6755555555555553
 40
0.6799999999999998
 40
0.6844444444444442
 40
0.6888888888888887
 40
0.6933333333333332
 40
0.6977777777777776
 40
0.7022222222222221
 40
0.7066666666666666
 40
0.7111111111111111
 40
0.7155555555555555
 40
0.72
 40
0.7244444444444445
 40
0.728888888888889
 40
0.7333333333333334
 40
0.7377777777777779
 40
0.7422222222222224
 40
0.7466666666666669
 40
0.7511111111111113
 40
0.7555555555555558
 40
0.7600000000000003
 40
0.7644444444444448
 40
0.7688888888888892
 40
0.7733333333333336
 40
0.7777777777777782
 40
0.7822222222222227
 40
0.7866666666666671
 40
0.7911111111111115
 40
0.7955555555555561
 40
0.8000000000000005
 40
0.8044444444444449
 40
0.8088888888888893
 40
0.8133333333333339
 40
0.8177777777777784
 40
0.8222222222222228
 40
0.8266666666666672
 40
0.8311111111111117
 40
0.8355555555555563
 40
0.8400000000000007
 40
0.8444444444444451
 40
0.8488888888888897
 40
0.8533333333333342
 40
0.8577777777777786
 40
0.862222222222223
 40
0.8666666666666674
 40
0.8711111111111121
 40
0.8755555555555565
 40
0.8800000000000009
 40
0.8844444444444455
 40
0.8888888888888899
 40
0.8933333333333344
 40
0.8977777777777788
 40
0.9022222222222232
 40
0.9066666666666678
 40
0.9111111111111123
 40
0.9155555555555567
 40
0.9200000000000013
 40
0.9244444444444457
 40
0.9288888888888902
 40
0.9333333333333346
 40
0.937777777777779
 40
0.9422222222222236
 40
0.946666666666668
 40
0.9511111111111125
 40
0.9555555555555571
 40
0.9600000000000015
 40
0.9644444444444459
 40
0.9688888888888904
 40
0.9733333333333348
 40
0.9777777777777794
 40
0.9822222222222238
 40
0.9866666666666683
 40
0.9911111111111129
 40
0.9955555555555573
 40
1.0
 40
1.0
 40
1.0
 40
1.0
 40
1.0
 40
1.0
 10
550.2529261136389
 20
55.62669221548848
 30
0.0
 41
1.0
 10
550.2481629270035
 20
55.62788666396279
 30
0.0
 41
1.0
 10
550.2387945977306
 20
55.63028585171199
 30
0.0
 41
1.0
 10
550.2252162334709
 20
55.63391550601934
 30
0.0
 41
1.0
 10
550.2080600578945
 20
55.63881679001113
 30
0.0
 41
1.0
 10
550.1881844755274
 20
55.64504798286051
 30
0.0
 41
1.0
 10
550.1698459633291
 20
55.65138873749347
 30
0.0
 41
1.0
 10
550.1529784912102
 20
55.65784906702521
 30
0.0
 41
1.0
 10
550.1374732157472
 20
55.66444547780175
 30
0.0
 41
1.0
 10
550.1231632781804
 20
55.67120312474308
 30
0.0
 41
1.0
 10
550.1098287203476
 20
55.67815557488032
 30
0.0
 41
1.0
 10
550.0972266097212
 20
55.68534171164081
 30
0.0
 41
1.0
 10
550.0851158111388
 20
55.69280305752393
 30
0.0
 41
1.0
 10
550.0732818038793
 20
55.70058157847057
 30
0.0
 41
1.0
 10
550.0615667978625
 20
55.70871565736581
 30
0.0
 41
1.0
 10
550.0498708775985
 20
55.71724491623921
 30
0.0
 41
1.0
 10
550.0381375883899
 20
55.72621940676903
 30
0.0
 41
1.0
 10
550.0263441804836
 20
55.7357079938513
 30
0.0
 41
1.0
 10
550.014490402239
 20
55.7458058368423
 30
0.0
 41
1.0
 10
550.0025866511463
 20
55.75664555143248
 30
0.0
 41
1.0
 10
549.9906623511233
 20
55.76835513082951
 30
0.0
 41
1.0
 10
549.9787759293158
 20
55.78101214781764
 30
0.0
 41
1.0
 10
549.9670249160202
 20
55.79459737195083
 30
0.0
 41
1.0
 10
549.9555543873748
 20
55.80895300277628
 30
0.0
 41
1.0
 10
549.9445703837872
 20
55.82372730559264
 30
0.0
 41
1.0
 10
549.934299631125
 20
55.83846675071526
 30
0.0
 41
1.0
 10
549.9249439544061
 20
55.85272358064855
 30
0.0
 41
1.0
 10
549.9166342090415
 20
55.86616277616673
 30
0.0
 41
1.0
 10
549.9093897888642
 20
55.87865818122359
 30
0.0
 41
1.0
 10
549.903061752047
 20
55.89042213429383
 30
0.0
 41
1.0
 10
549.8973860274351
 20
55.9019086004281
 30
0.0
 41
1.0
 10
549.8920680276693
 20
55.9136522761576
 30
0.0
 41
1.0
 10
549.8868527918433
 20
55.92613605687862
 30
0.0
 41
1.0
 10
549.8816099880712
 20
55.93963131894231
 30
0.0
 41
1.0
 10
549.8763859511141
 20
55.95409617924524
 30
0.0
 41
1.0
 10
549.8713307887299
 20
55.9692924406875
 30
0.0
 41
1.0
 10
549.8666414634662
 20
55.98487354460083
 30
0.0
 41
1.0
 10
549.8625030683166
 20
56.0004783472053
 30
0.0
 41
1.0
 10
549.859020365302
 20
56.01583540401293
 30
0.0
 41
1.0
 10
549.856188955565
 20
56.03081871990539
 30
0.0
 41
1.0
 10
549.8539428776703
 20
56.0454063680596
 30
0.0
 41
1.0
 10
549.8521870614181
 20
56.0596607844949
 30
0.0
 41
1.0
 10
549.8508323156207
 20
56.07369980726218
 30
0.0
 41
1.0
 10
549.8498379332366
 20
56.08767307260436
 30
0.0
 41
1.0
 10
549.8492134972094
 20
56.10173032096305
 30
0.0
 41
1.0
 10
549.8489884501886
 20
56.11598640702759
 30
0.0
 41
1.0
 10
549.8491905143108
 20
56.13048564181887
 30
0.0
 41
1.0
 10
549.8498217254247
 20
56.14516978793609
 30
0.0
 41
1.0
 10
549.8508321389533
 20
56.15983544965196
 30
0.0
 41
1.0
 10
549.8521373242589
 20
56.174214252908
 30
0.0
 41
1.0
 10
549.8536422318868
 20
56.18807172923524
 30
0.0
 41
1.0
 10
549.8552616042217
 20
56.20129271108375
 30
0.0
 41
1.0
 10
549.856944544861
 20
56.21398825171986
 30
0.0
 41
1.0
 10
549.8586891682776
 20
56.22654576618252
 30
0.0
 41
1.0
 10
549.8605187113985
 20
56.23945673285497
 30
0.0
 41
1.0
 10
549.8624620493166
 20
56.25316720995449
 30
0.0
 41
1.0
 10
549.8645348441052
 20
56.26793871785203
 30
0.0
 41
1.0
 10
549.8667146064202
 20
56.2836569580595
 30
0.0
 41
1.0
 10
549.8689469787017
 20
56.29989760653309
 30
0.0
 41
1.0
 10
549.8711687346486
 20
56.31612863301846
 30
0.0
 41
1.0
 10
549.873326609021
 20
56.3318789672531
 30
0.0
 41
1.0
 10
549.8753955743661
 20
56.34690167901638
 30
0.0
 41
1.0
 10
549.8774031886655
 20
56.36138919090576
 30
0.0
 41
1.0
 10
549.8794150890042
 20
56.37585739111639
 30
0.0
 41
1.0
 10
549.8815071607492
 20
56.39091619397873
 30
0.0
 41
1.0
 10
549.8837415801607
 20
56.40707331014802
 30
0.0
 41
1.0
 10
549.8861424587914
 20
56.42453407786522
 30
0.0
 41
1.0
 10
549.8886684054132
 20
56.44297649582107
 30
0.0
 41
1.0
 10
549.8912350212995
 20
56.46173270243544
 30
0.0
 41
1.0
 10
549.8937416445273
 20
56.48000510854387
 30
0.0
 41
1.0
 10
549.89609780049
 20
56.49708011300969
 30
0.0
 41
1.0
 10
549.8982469517384
 20
56.51251984240012
 30
0.0
 41
1.0
 10
549.900198630665
 20
56.5264221327228
 30
0.0
 41
1.0
 10
549.902014424744
 20
56.53930482043463
 30
0.0
 41
1.0
 10
549.9037755560756
 20
56.55184019799477
 30
0.0
 41
1.0
 10
549.9055573307794
 20
56.564645379371
 30
0.0
 41
1.0
 10
549.9073987443047
 20
56.57803326990908
 30
0.0
 41
1.0
 10
549.9092798005325
 20
56.59182624608384
 30
0.0
 41
1.0
 10
549.9111525361622
 20
56.6056077742682
 30
0.0
 41
1.0
 10
549.9129693645292
 20
56.61895144223251
 30
0.0
 41
1.0
 10
549.9147086405072
 20
56.63162907921186
 30
0.0
 41
1.0
 10
549.9164105982734
 20
56.64389915252808
 30
0.0
 41
1.0
 10
549.9181718764234
 20
56.65647357172378
 30
0.0
 41
1.0
 10
549.9201017106011
 20
56.67018623602238
 30
0.0
 41
1.0
 10
549.9222878012751
 20
56.68573749689844
 30
0.0
 41
1.0
 10
549.9247602805054
 20
56.70342219837802
 30
0.0
 41
1.0
 10
549.9274510402984
 20
56.72282593453815
 30
0.0
 41
1.0
 10
549.9302280770389
 20
56.74305674670616
 30
0.0
 41
1.0
 10
549.9329371176111
 20
56.7630302551241
 30
0.0
 41
1.0
 10
549.9354429702176
 20
56.78175005803026
 30
0.0
 41
1.0
 10
549.9376656685358
 20
56.79855716322649
 30
0.0
 41
1.0
 10
549.9396320338966
 20
56.81347435855702
 30
0.0
 41
1.0
 10
549.9414659245907
 20
56.82717069956325
 30
0.0
 41
1.0
 10
549.9433275536651
 20
56.8406082559089
 30
0.0
 41
1.0
 10
549.9453652974136
 20
56.85476970217706
 30
0.0
 41
1.0
 10
549.9476666365267
 20
56.87037292608952
 30
0.0
 41
1.0
 10
549.9501984673035
 20
56.88753898643163
 30
0.0
 41
1.0
 10
549.9528360264252
 20
56.90588213516633
 30
0.0
 41
1.0
 10
549.9554125375346
 20
56.92470381689087
 30
0.0
 41
1.0
 10
549.9577640558582
 20
56.94315436195001
 30
0.0
 41
1.0
 10
549.9597711066327
 20
56.9604003552234
 30
0.0
 41
1.0
 10
549.9614147951432
 20
56.97580923185363
 30
0.0
 41
1.0
 10
549.9627640458702
 20
56.98903344764389
 30
0.0
 41
1.0
 10
549.9639205592869
 20
57.00003472637241
 30
0.0
 41
1.0
 10
549.9649778570844
 20
57.00912243355759
 30
0.0
 41
1.0
 10
549.9659718551997
 20
57.01699587569283
 30
0.0
 41
1.0
 10
549.9668426734667
 20
57.02475675915465
 30
0.0
 41
1.0
 10
549.9674865096626
 20
57.03357276392331
 30
0.0
 41
1.0
 10
549.9677996585023
 20
57.04437758380173
 30
0.0
 41
1.0
 10
549.9677276213766
 20
57.05754015113431
 30
0.0
 41
1.0
 10
549.9673061828716
 20
57.0725936069957
 30
0.0
 41
1.0
 10
549.9666217298822
 20
57.08860430878353
 30
0.0
 41
1.0
 10
549.9657751419553
 20
57.10451331504376
 30
0.0
 41
1.0
 10
549.9648476101565
 20
57.11945945733688
 30
0.0
 41
1.0
 10
549.9638579116503
 20
57.13317824574904
 30
0.0
 41
1.0
 10
549.9627485841597
 20
57.14614579657784
 30
0.0
 41
1.0
 10
549.9614350131937
 20
57.15916456589226
 30
0.0
 41
1.0
 10
549.9598441700477
 20
57.17304517041604
 30
0.0
 41
1.0
 10
549.9579522030886
 20
57.18828758233922
 30
0.0
 41
1.0
 10
549.9558357768215
 20
57.2046678615062
 30
0.0
 41
1.0
 10
549.9536437110934
 20
57.2213936574289
 30
0.0
 41
1.0
 10
549.9515359389524
 20
57.23749638562114
 30
0.0
 41
1.0
 10
549.9496305946177
 20
57.25216067298511
 30
0.0
 41
1.0
 10
549.9479531780925
 20
57.26504881302513
 30
0.0
 41
1.0
 10
549.946370548619
 20
57.27670863890416
 30
0.0
 41
1.0
 10
549.9446481707662
 20
57.28828297992841
 30
0.0
 41
1.0
 10
549.9425395166748
 20
57.3010384069429
 30
0.0
 41
1.0
 10
549.9398581220573
 20
57.31598755797389
 30
0.0
 41
1.0
 10
549.9365715323532
 20
57.33339928081036
 30
0.0
 41
1.0
 10
549.9328387783232
 20
57.35259186546425
 30
0.0
 41
1.0
 10
549.928912780969
 20
57.37239988794485
 30
0.0
 41
1.0
 10
549.9250684628061
 20
57.39151291263492
 30
0.0
 41
1.0
 10
549.9215210216219
 20
57.40886336699166
 30
0.0
 41
1.0
 10
549.9183475822915
 20
57.42399717454386
 30
0.0
 41
1.0
 10
549.9154095726111
 20
57.43744184739458
 30
0.0
 41
1.0
 10
549.9124400159381
 20
57.45031731395279
 30
0.0
 41
1.0
 10
549.9091310202032
 20
57.4639462292907
 30
0.0
 41
1.0
 10
549.9052160716446
 20
57.4794874958993
 30
0.0
 41
1.0
 10
549.9005665904702
 20
57.49750573586663
 30
0.0
 41
1.0
 10
549.895243790874
 20
57.51774171927188
 30
0.0
 41
1.0
 10
549.8894290256588
 20
57.53943010823618
 30
0.0
 41
1.0
 10
549.8833774603363
 20
57.56151124793472
 30
0.0
 41
1.0
 10
549.877360950206
 20
57.58289377668774
 30
0.0
 41
1.0
 10
549.8716191511253
 20
57.60267498923525
 30
0.0
 41
1.0
 10
549.8662979325124
 20
57.62043126901438
 30
0.0
 41
1.0
 10
549.8614393749192
 20
57.63621851038529
 30
0.0
 41
1.0
 10
549.856999208101
 20
57.65042213112931
 30
0.0
 41
1.0
 10
549.8528545487432
 20
57.66365285752186
 30
0.0
 41
1.0
 10
549.848818317313
 20
57.67662542278394
 30
0.0
 41
1.0
 10
549.8446440827738
 20
57.69003989957667
 30
0.0
 41
1.0
 10
549.840068952354
 20
57.70448788526611
 30
0.0
 41
1.0
 10
549.8348723248592
 20
57.7203784821502
 30
0.0
 41
1.0
 10
549.8289334651109
 20
57.73785076128778
 30
0.0
 41
1.0
 10
549.8222811637165
 20
57.75670762971397
 30
0.0
 41
1.0
 10
549.815168285822
 20
57.77630012260576
 30
0.0
 41
1.0
 10
549.8080021427496
 20
57.79568335032909
 30
0.0
 41
1.0
 10
549.8012290399363
 20
57.81385703019033
 30
0.0
 41
1.0
 10
549.7952283855791
 20
57.82999007582844
 30
0.0
 41
1.0
 10
549.7902153135796
 20
57.84362507075488
 30
0.0
 41
1.0
 10
549.7861092404967
 20
57.85495648073219
 30
0.0
 41
1.0
 10
549.782525201946
 20
57.86484569256554
 30
0.0
 41
1.0
 10
549.7789546225497
 20
57.8744307488337
 30
0.0
 41
1.0
 10
549.7748983386095
 20
57.88483815041985
 30
0.0
 41
1.0
 10
549.7700244313507
 20
57.89684175213054
 30
0.0
 41
1.0
 10
549.7642998878034
 20
57.91057720543165
 30
0.0
 41
1.0
 10
549.7578918068271
 20
57.92574470025044
 30
0.0
 41
1.0
 10
549.7510805263438
 20
57.94178616079829
 30
0.0
 41
1.0
 10
549.7441715370896
 20
57.95806573948432
 30
0.0
 41
1.0
 10
549.7374003954782
 20
57.97406337829713
 30
0.0
 41
1.0
 10
549.7308634871647
 20
57.9895187516481
 30
0.0
 41
1.0
 10
549.7245605660652
 20
58.00435934340246
 30
0.0
 41
1.0
 10
549.7184213345462
 20
58.01865975257943
 30
0.0
 41
1.0
 10
549.7123374078115
 20
58.03258964037755
 30
0.0
 41
1.0
 10
549.7061939587227
 20
58.04636459421242
 30
0.0
 41
1.0
 10
549.6998953272414
 20
58.06020183209621
 30
0.0
 41
1.0
 10
549.6933650323401
 20
58.0743026114883
 30
0.0
 41
1.0
 10
549.6865504371974
 20
58.0888288070367
 30
0.0
 41
1.0
 10
549.679424872921
 20
58.10388431716106
 30
0.0
 41
1.0
 10
549.6719925426049
 20
58.11948836715536
 30
0.0
 41
1.0
 10
549.6642864656466
 20
58.13557286109528
 30
0.0
 41
1.0
 10
549.6563546557716
 20
58.15202209080876
 30
0.0
 41
1.0
 10
549.6482487355769
 20
58.16870353758616
 30
0.0
 41
1.0
 10
549.6400118957389
 20
58.18550123309364
 30
0.0
 41
1.0
 10
549.631666380096
 20
58.2023504080135
 30
0.0
 41
1.0
 10
549.6232034052195
 20
58.21926451538068
 30
0.0
 41
1.0
 10
549.6145875248283
 20
58.23631568563211
 30
0.0
 41
1.0
 10
549.6057594118562
 20
58.25362079875649
 30
0.0
 41
1.0
 10
549.5966388624796
 20
58.2713255974194
 30
0.0
 41
1.0
 10
549.587128597308
 20
58.28958914841166
 30
0.0
 41
1.0
 10
549.5771153920162
 20
58.30856943675737
 30
0.0
 41
1.0
 10
549.5664891646631
 20
58.32839900704279
 30
0.0
 41
1.0
 10
549.5551674441267
 20
58.34915719183261
 30
0.0
 41
1.0
 10
549.5431172907395
 20
58.37084447799629
 30
0.0
 41
1.0
 10
549.5303799242981
 20
58.39335376998839
 30
0.0
 41
1.0
 10
549.517090376837
 20
58.41644811100167
 30
0.0
 41
1.0
 10
549.5035092721113
 20
58.43972219553084
 30
0.0
 41
1.0
 10
549.4899739197055
 20
58.46267242317502
 30
0.0
 41
1.0
 10
549.4768278351268
 20
58.48479611416934
 30
0.0
 41
1.0
 10
549.4643597379546
 20
58.50567773048727
 30
0.0
 41
1.0
 10
549.4527337845904
 20
58.52508743028238
 30
0.0
 41
1.0
 10
549.4419346895508
 20
58.54305834510263
 30
0.0
 41
1.0
 10
549.4316787097885
 20
58.56001285261658
 30
0.0
 41
1.0
 10
549.4214557257865
 20
58.5767005258527
 30
0.0
 41
1.0
 10
549.4106820506217
 20
58.59397697652141
 30
0.0
 41
1.0
 10
549.3988196217101
 20
58.6126310284596
 30
0.0
 41
1.0
 10
549.3855138108149
 20
58.6331850761508
 30
0.0
 41
1.0
 10
549.3707120454634
 20
58.65572316239745
 30
0.0
 41
1.0
 10
549.354820326029
 20
58.67966422226142
 30
0.0
 41
1.0
 10
549.3385712175608
 20
58.70395297472267
 30
0.0
 41
1.0
 10
549.3228357452055
 20
58.72733200183791
 30
0.0
 41
1.0
 10
549.308459394075
 20
58.7485789768813
 30
0.0
 41
1.0
 10
549.2960776212028
 20
58.7667734497775
 30
0.0
 41
1.0
 10
549.2859642354368
 20
58.78151628870956
 30
0.0
 41
1.0
 10
549.2778064034645
 20
58.79325476286865
 30
0.0
 41
1.0
 10
549.2707334558158
 20
58.80324224057602
 30
0.0
 41
1.0
 10
549.2636391512509
 20
58.8130753626525
 30
0.0
 41
1.0
 10
549.2554362566854
 20
58.82432874365733
 30
0.0
 41
1.0
 10
549.2453210997044
 20
58.8381751212054
 30
0.0
 41
1.0
 10
549.2330792948475
 20
58.85494672977809
 30
0.0
 41
1.0
 10
549.2190072916073
 20
58.87424617652712
 30
0.0
 41
1.0
 10
549.2037428329129
 20
58.89518763027631
 30
0.0
 41
1.0
 10
549.1881284091651
 20
58.91659082381821
 30
0.0
 41
1.0
 10
549.1730575696395
 20
58.93719953124598
 30
0.0
 41
1.0
 10
549.1593363796992
 20
58.95587849717543
 30
0.0
 41
1.0
 10
549.1475179258947
 20
58.97184861223642
 30
0.0
 41
1.0
 10
549.1379292537636
 20
58.98464922512729
 30
0.0
 41
1.0
 10
549.1321742014654
 20
58.99216809289924
 30
0.0
 41
1.0
 10
549.1289599913875
 20
58.99624197354349
 30
0.0
 41
1.0
 10
549.1273070171697
 20
58.99826219066191
 30
0.0
 41
1.0
 10
549.1266029861503
 20
58.99909837627959
 30
0.0
 41
1.0
  0
ARC
  5
139
330
70
100
AcDbEntity
  8
Untitled v10_Sketch14
100
AcDbCircle
 10
549.0000081807375
 20
50.00000074505805
 30
0.0
 40
5.76449999999991
100
AcDbArc
 50
35.1527344987686
 51
41.44652745456613
  0
ARC
  5
13A
330
70
100
AcDbEntity
  8
Untitled v10_Sketch14
100
AcDbCircle
 10
549.0000081807375
 20
50.00000074505805
 30
0.0
 40
5.764499999999973
100
AcDbArc
 50
143.1527344987682
 51
149.4465274545661
  0
LINE
  5
13B
330
70
100
AcDbEntity
  8
Untitled v10_Sketch14
100
AcDbLine
 10
521.3497319345499
 20
27.07611445874277
 30
0.0
 11
521.1250247521095
 21
26.34000125108287
 31
0.0
  0
ARC
  5
13C
330
70
100
AcDbEntity
  8
Untitled v10_Sketch14
100
AcDbCircle
 10
517.8823838821792
 20
50.36002555628302
 30
0.0
 40
24.3786295825366
100
AcDbArc
 50
286.7016270909379
 51
289.3010552526095
  0
ARC
  5
13D
330
70
100
AcDbEntity
  8
Untitled v10_Sketch14
100
AcDbCircle
 10
517.8101008779823
 20
50.32770277960981
 30
0.0
 40
24.37862958253658
100
AcDbArc
 50
298.7016270909378
 51
301.3010552526091
  0
SPLINE
  5
13E
330
70
100
AcDbEntity
  8
Untitled v10_Sketch14
100
AcDbSpline
210
0.0
220
0.0
230
1.0
 70
    12
 71
     5
 72
    96
 73
    90
 74
     0
 42
0.000000001
 43
0.0000000001
 40
0.0
 40
0.0
 40
0.0
 40
0.0
 40
0.0
 40
0.0
 40
0.011764705882353
 40
0.0235294117647059
 40
0.0352941176470588
 40
0.0470588235294118
 40
0.0588235294117647
 40
0.0705882352941177
 40
0.0823529411764706
 40
0.0941176470588236
 40
0.1058823529411765
 40
0.1176470588235294
 40
0.1294117647058823
 40
0.1411764705882353
 40
0.1529411764705882
 40
0.1647058823529412
 40
0.1764705882352942
 40
0.1882352941176471
 40
0.2000000000000001
 40
0.211764705882353
 40
0.223529411764706
 40
0.2352941176470589
 40
0.2470588235294119
 40
0.2588235294117648
 40
0.2705882352941178
 40
0.2823529411764707
 40
0.2941176470588237
 40
0.3058823529411767
 40
0.3176470588235296
 40
0.3294117647058826
 40
0.3411764705882355
 40
0.3529411764705885
 40
0.3647058823529414
 40
0.3764705882352944
 40
0.3882352941176474
 40
0.4000000000000003
 40
0.4117647058823533
 40
0.4235294117647063
 40
0.4352941176470592
 40
0.4470588235294122
 40
0.4588235294117651
 40
0.4705882352941181
 40
0.482352941176471
 40
0.4941176470588239
 40
0.5058823529411769
 40
0.5176470588235298
 40
0.5294117647058827
 40
0.5411764705882356
 40
0.5529411764705885
 40
0.5647058823529414
 40
0.5764705882352943
 40
0.5882352941176472
 40
0.6000000000000001
 40
0.611764705882353
 40
0.6235294117647059
 40
0.6352941176470588
 40
0.6470588235294117
 40
0.6588235294117646
 40
0.6705882352941175
 40
0.6823529411764704
 40
0.6941176470588233
 40
0.7058823529411762
 40
0.7176470588235291
 40
0.729411764705882
 40
0.7411764705882349
 40
0.7529411764705878
 40
0.7647058823529407
 40
0.7764705882352936
 40
0.7882352941176465
 40
0.7999999999999994
 40
0.8117647058823521
 40
0.823529411764705
 40
0.8352941176470579
 40
0.8470588235294108
 40
0.8588235294117637
 40
0.8705882352941166
 40
0.8823529411764695
 40
0.8941176470588224
 40
0.9058823529411753
 40
0.9176470588235282
 40
0.9294117647058811
 40
0.941176470588234
 40
0.9529411764705869
 40
0.9647058823529398
 40
0.9764705882352927
 40
0.9882352941176456
 40
1.0
 40
1.0
 40
1.0
 40
1.0
 40
1.0
 40
1.0
 10
548.2457390654444
 20
58.96819473425569
 30
0.0
 41
1.0
 10
548.2411320422854
 20
58.96174101527723
 30
0.0
 41
1.0
 10
548.2317465366715
 20
58.9483943279059
 30
0.0
 41
1.0
 10
548.21715390241
 20
58.9270565531893
 30
0.0
 41
1.0
 10
548.196668055484
 20
58.89597006597718
 30
0.0
 41
1.0
 10
548.1693581307827
 20
58.85273771486623
 30
0.0
 41
1.0
 10
548.1403847497183
 20
58.80519422333414
 30
0.0
 41
1.0
 10
548.1098285842049
 20
58.75347161166398
 30
0.0
 41
1.0
 10
548.0778244734681
 20
58.69779123874963
 30
0.0
 41
1.0
 10
548.0445791934045
 20
58.63849567541397
 30
0.0
 41
1.0
 10
548.0103724145395
 20
58.57604286896524
 30
0.0
 41
1.0
 10
547.975531673507
 20
58.51094231241916
 30
0.0
 41
1.0
 10
547.9404133339906
 20
58.44370418076952
 30
0.0
 41
1.0
 10
547.9053815431232
 20
58.37478486532184
 30
0.0
 41
1.0
 10
547.8707871973074
 20
58.30453034041976
 30
0.0
 41
1.0
 10
547.8369489118761
 20
58.23312897102642
 30
0.0
 41
1.0
 10
547.8041281076221
 20
58.16053882384434
 30
0.0
 41
1.0
 10
547.7725268444166
 20
58.08651218059306
 30
0.0
 41
1.0
 10
547.7423066905408
 20
58.01070969455818
 30
0.0
 41
1.0
 10
547.7136017480439
 20
57.93278979695358
 30
0.0
 41
1.0
 10
547.6865339735842
 20
57.85250781746626
 30
0.0
 41
1.0
 10
547.6612276420608
 20
57.76981193997077
 30
0.0
 41
1.0
 10
547.6378238291119
 20
57.68493853602009
 30
0.0
 41
1.0
 10
547.6164957058744
 20
57.59851313624263
 30
0.0
 41
1.0
 10
547.5974611788422
 20
57.51163474055726
 30
0.0
 41
1.0
 10
547.5809537817879
 20
57.42569918441667
 30
0.0
 41
1.0
 10
547.5671961062606
 20
57.34223830168932
 30
0.0
 41
1.0
 10
547.5563719474779
 20
57.2627517702956
 30
0.0
 41
1.0
 10
547.5485996656296
 20
57.18854549218345
 30
0.0
 41
1.0
 10
547.5439033168059
 20
57.12055908953018
 30
0.0
 41
1.0
 10
547.542188507076
 20
57.05921636499287
 30
0.0
 41
1.0
 10
547.5432061514324
 20
57.00421742231103
 30
0.0
 41
1.0
 10
547.5465854265029
 20
56.95466526254481
 30
0.0
 41
1.0
 10
547.5518880514122
 20
56.90929650121155
 30
0.0
 41
1.0
 10
547.5586567583776
 20
56.86668183590999
 30
0.0
 41
1.0
 10
547.5664631237594
 20
56.82542833333648
 30
0.0
 41
1.0
 10
547.574962966528
 20
56.7844063790212
 30
0.0
 41
1.0
 10
547.58392469846
 20
56.7428826794309
 30
0.0
 41
1.0
 10
547.5931944411732
 20
56.70043037644504
 30
0.0
 41
1.0
 10
547.602673423549
 20
56.65688384492071
 30
0.0
 41
1.0
 10
547.6122916087821
 20
56.61227696551531
 30
0.0
 41
1.0
 10
547.621980451303
 20
56.56678626382081
 30
0.0
 41
1.0
 10
547.6316537100181
 20
56.52067944357256
 30
0.0
 41
1.0
 10
547.6412268010732
 20
56.47430162550485
 30
0.0
 41
1.0
 10
547.6506300677482
 20
56.42805558927946
 30
0.0
 41
1.0
 10
547.6598252169851
 20
56.38238482091622
 30
0.0
 41
1.0
 10
547.6688186376654
 20
56.3377545278541
 30
0.0
 41
1.0
 10
547.6776808948614
 20
56.29463589580097
 30
0.0
 41
1.0
 10
547.6864895414153
 20
56.25345345267461
 30
0.0
 41
1.0
 10
547.6952661537133
 20
56.21453002628847
 30
0.0
 41
1.0
 10
547.7039133399399
 20
56.17803080720591
 30
0.0
 41
1.0
 10
547.7121563803697
 20
56.14391145982921
 30
0.0
 41
1.0
 10
547.7194698736723
 20
56.1118539850467
 30
0.0
 41
1.0
 10
547.7252207954579
 20
56.08137034517774
 30
0.0
 41
1.0
 10
547.7288430069844
 20
56.05192739617365
 30
0.0
 41
1.0
 10
547.729981235705
 20
56.02305481276154
 30
0.0
 41
1.0
 10
547.7286937220403
 20
55.99448219678162
 30
0.0
 41
1.0
 10
547.7254670551981
 20
55.96618548724027
 30
0.0
 41
1.0
 10
547.7209555923897
 20
55.93830299483659
 30
0.0
 41
1.0
 10
547.7157916480726
 20
55.91108265246099
 30
0.0
 41
1.0
 10
547.7103574578266
 20
55.88481725482857
 30
0.0
 41
1.0
 10
547.7046007620249
 20
55.85978364313948
 30
0.0
 41
1.0
 10
547.6981990107171
 20
55.83617072956045
 30
0.0
 41
1.0
 10
547.6907007250348
 20
55.8140060879154
 30
0.0
 41
1.0
 10
547.6816731367747
 20
55.79308907596637
 30
0.0
 41
1.0
 10
547.6708525433013
 20
55.77290422130573
 30
0.0
 41
1.0
 10
547.6582222701969
 20
55.75289079648264
 30
0.0
 41
1.0
 10
547.6440957232211
 20
55.73275961867864
 30
0.0
 41
1.0
 10
547.6291760447201
 20
55.71275537247689
 30
0.0
 41
1.0
 10
547.6146823590569
 20
55.69403886917072
 30
0.0
 41
1.0
 10
547.6019204139781
 20
55.67812901103838
 30
0.0
 41
1.0
 10
547.5917158568892
 20
55.66612833437485
 30
0.0
 41
1.0
 10
547.5839489445105
 20
55.65808842658533
 30
0.0
 41
1.0
 10
547.5769091053557
 20
55.6521509326204
 30
0.0
 41
1.0
 10
547.5682033923691
 20
55.64557907133828
 30
0.0
 41
1.0
 10
547.5557673726823
 20
55.63592390561218
 30
0.0
 41
1.0
 10
547.5390296153524
 20
55.62235080559638
 30
0.0
 41
1.0
 10
547.5194121044562
 20
55.60624258132129
 30
0.0
 41
1.0
 10
547.499109289142
 20
55.58992282449455
 30
0.0
 41
1.0
 10
547.4802601462896
 20
55.57580348924638
 30
0.0
 41
1.0
 10
547.4638525565429
 20
55.56525388328584
 30
0.0
 41
1.0
 10
547.4490827219303
 20
55.55792492660508
 30
0.0
 41
1.0
 10
547.4341996398483
 20
55.55253112520617
 30
0.0
 41
1.0
 10
547.4170759329463
 20
55.54736877215862
 30
0.0
 41
1.0
 10
547.3959847930009
 20
55.541025622461
 30
0.0
 41
1.0
 10
547.3699453909667
 20
55.53270205950443
 30
0.0
 41
1.0
 10
547.3447507640135
 20
55.52412721565548
 30
0.0
 41
1.0
 10
547.323328944739
 20
55.51655941541739
 30
0.0
 41
1.0
 10
547.3079250177963
 20
55.51100881723904
 30
0.0
 41
1.0
 10
547.2999423969981
 20
55.50810718747172
 30
0.0
 41
1.0
  0
ARC
  5
13F
330
70
100
AcDbEntity
  8
Untitled v10_Sketch14
100
AcDbCircle
 10
517.653751434175
 20
50.15349281975865
 30
0.0
 40
24.37862958253657
100
AcDbArc
 50
334.701627090938
 51
337.3010552526093
  0
SPLINE
  5
140
330
70
100
AcDbEntity
  8
Untitled v10_Sketch14
100
AcDbSpline
210
0.0
220
0.0
230
1.0
 70
    12
 71
     5
 72
    96
 73
    90
 74
     0
 42
0.000000001
 43
0.0000000001
 40
0.0
 40
0.0
 40
0.0
 40
0.0
 40
0.0
 40
0.0
 40
0.011764705882353
 40
0.0235294117647059
 40
0.0352941176470588
 40
0.0470588235294118
 40
0.0588235294117647
 40
0.0705882352941177
 40
0.0823529411764706
 40
0.0941176470588236
 40
0.1058823529411765
 40
0.1176470588235294
 40
0.1294117647058823
 40
0.1411764705882353
 40
0.1529411764705882
 40
0.1647058823529412
 40
0.1764705882352942
 40
0.1882352941176471
 40
0.2000000000000001
 40
0.211764705882353
 40
0.223529411764706
 40
0.2352941176470589
 40
0.2470588235294119
 40
0.2588235294117648
 40
0.2705882352941178
 40
0.2823529411764707
 40
0.2941176470588237
 40
0.3058823529411767
 40
0.3176470588235296
 40
0.3294117647058826
 40
0.3411764705882355
 40
0.3529411764705885
 40
0.3647058823529414
 40
0.3764705882352944
 40
0.3882352941176474
 40
0.4000000000000003
 40
0.4117647058823533
 40
0.4235294117647063
 40
0.4352941176470592
 40
0.4470588235294122
 40
0.4588235294117651
 40
0.4705882352941181
 40
0.482352941176471
 40
0.4941176470588239
 40
0.5058823529411769
 40
0.5176470588235298
 40
0.5294117647058827
 40
0.5411764705882356
 40
0.5529411764705885
 40
0.5647058823529414
 40
0.5764705882352943
 40
0.5882352941176472
 40
0.6000000000000001
 40
0.611764705882353
 40
0.6235294117647059
 40
0.6352941176470588
 40
0.6470588235294117
 40
0.6588235294117646
 40
0.6705882352941175
 40
0.6823529411764704
 40
0.6941176470588233
 40
0.7058823529411762
 40
0.7176470588235291
 40
0.729411764705882
 40
0.7411764705882349
 40
0.7529411764705878
 40
0.7647058823529407
 40
0.7764705882352936
 40
0.7882352941176465
 40
0.7999999999999994
 40
0.8117647058823521
 40
0.823529411764705
 40
0.8352941176470579
 40
0.8470588235294108
 40
0.8588235294117637
 40
0.8705882352941166
 40
0.8823529411764695
 40
0.8941176470588224
 40
0.9058823529411753
 40
0.9176470588235282
 40
0.9294117647058811
 40
0.941176470588234
 40
0.9529411764705869
 40
0.9647058823529398
 40
0.9764705882352927
 40
0.9882352941176456
 40
1.0
 40
1.0
 40
1.0
 40
1.0
 40
1.0
 40
1.0
 10
557.7623494885206
 20
47.9460289506845
 30
0.0
 41
1.0
 10
557.7576352854813
 20
47.95240479892164
 30
0.0
 41
1.0
 10
557.7478421122214
 20
47.96545529841097
 30
0.0
 41
1.0
 10
557.7320580545135
 20
47.98592745332491
 30
0.0
 41
1.0
 10
557.7088235231259
 20
48.01501690437952
 30
0.0
 41
1.0
 10
557.676146344735
 20
48.05434971742641
 30
0.0
 41
1.0
 10
557.6398830644393
 20
48.09659678714218
 30
0.0
 41
1.0
 10
557.6001343119972
 20
48.14164059346623
 30
0.0
 41
1.0
 10
557.5570689446148
 20
48.18928449301431
 30
0.0
 41
1.0
 10
557.5109488692394
 20
48.23922597001654
 30
0.0
 41
1.0
 10
557.4621231966975
 20
48.29105752849656
 30
0.0
 41
1.0
 10
557.4109752692557
 20
48.34431022060421
 30
0.0
 41
1.0
 10
557.3578801697315
 20
48.39848747159237
 30
0.0
 41
1.0
 10
557.3031594243978
 20
48.45310192428847
 30
0.0
 41
1.0
 10
557.2470336414568
 20
48.50771294442999
 30
0.0
 41
1.0
 10
557.1895835090816
 20
48.56195930285394
 30
0.0
 41
1.0
 10
557.1306883628689
 20
48.61560533171314
 30
0.0
 41
1.0
 10
557.0700501687995
 20
48.66853540980912
 30
0.0
 41
1.0
 10
557.007296261625
 20
48.72070074047684
 30
0.0
 41
1.0
 10
556.9420603503131
 20
48.77207933564804
 30
0.0
 41
1.0
 10
556.8740720528885
 20
48.82263081493313
 30
0.0
 41
1.0
 10
556.8032436862317
 20
48.87225299794295
 30
0.0
 41
1.0
 10
556.7297564582786
 20
48.92073867094531
 30
0.0
 41
1.0
 10
556.6541517711855
 20
48.96772983880765
 30
0.0
 41
1.0
 10
556.5774074991764
 20
49.01267965048695
 30
0.0
 41
1.0
 10
556.5007789947502
 20
49.05493466529101
 30
0.0
 41
1.0
 10
556.4256543339175
 20
49.09380982337857
 30
0.0
 41
1.0
 10
556.3534029992915
 20
49.12866689914686
 30
0.0
 41
1.0
 10
556.2852304021191
 20
49.15898977947122
 30
0.0
 41
1.0
 10
556.2220227424543
 20
49.18446522642909
 30
0.0
 41
1.0
 10
556.1642122499044
 20
49.2050520517602
 30
0.0
 41
1.0
 10
556.1115906776771
 20
49.22107982242494
 30
0.0
 41
1.0
 10
556.0634195198097
 20
49.23317840032467
 30
0.0
 41
1.0
 10
556.0186326624956
 20
49.24215502261695
 30
0.0
 41
1.0
 10
555.9760120618886
 20
49.24888625553833
 30
0.0
 41
1.0
 10
555.9343653498786
 20
49.25420999424609
 30
0.0
 41
1.0
 10
555.8927245570511
 20
49.2588026444195
 30
0.0
 41
1.0
 10
555.850463844509
 20
49.26311105971102
 30
0.0
 41
1.0
 10
555.8072247970907
 20
49.26741349357229
 30
0.0
 41
1.0
 10
555.7628804178789
 20
49.27185506390294
 30
0.0
 41
1.0
 10
555.7174845718567
 20
49.2764919099644
 30
0.0
 41
1.0
 10
555.6712263265845
 20
49.28133467305912
 30
0.0
 41
1.0
 10
555.6243869334078
 20
49.28638264833757
 30
0.0
 41
1.0
 10
555.5773207594983
 20
49.29160963165358
 30
0.0
 41
1.0
 10
555.5304323961881
 20
49.29695740472396
 30
0.0
 41
1.0
 10
555.4841554569519
 20
49.30232534169419
 30
0.0
 41
1.0
 10
555.4389304060832
 20
49.30756360937266
 30
0.0
 41
1.0
 10
555.3951835620134
 20
49.31245949199592
 30
0.0
 41
1.0
 10
555.3532947096385
 20
49.31680804608703
 30
0.0
 41
1.0
 10
555.3135642089844
 20
49.32048899200275
 30
0.0
 41
1.0
 10
555.2761792613385
 20
49.32354390817209
 30
0.0
 41
1.0
 10
555.2411825941062
 20
49.32624776903374
 30
0.0
 41
1.0
 10
555.2084341300996
 20
49.32919852807586
 30
0.0
 41
1.0
 10
555.1776653331967
 20
49.33314903920688
 30
0.0
 41
1.0
 10
555.1485440997685
 20
49.33880248293803
 30
0.0
 41
1.0
 10
555.120732909154
 20
49.34664208204218
 30
0.0
 41
1.0
 10
555.0939566001416
 20
49.3566960042142
 30
0.0
 41
1.0
 10
555.0680419250319
 20
49.3685089108736
 30
0.0
 41
1.0
 10
555.0429182176182
 20
49.38141573097389
 30
0.0
 41
1.0
 10
555.0186258801781
 20
49.39473848225325
 30
0.0
 41
1.0
 10
554.9953252597433
 20
49.40802315852998
 30
0.0
 41
1.0
 10
554.9732957970542
 20
49.42123391302693
 30
0.0
 41
1.0
 10
554.9528168316739
 20
49.43461913190645
 30
0.0
 41
1.0
 10
554.9340541025107
 20
49.44859967630826
 30
0.0
 41
1.0
 10
554.9169505201858
 20
49.46364913511324
 30
0.0
 41
1.0
 10
554.9010973299028
 20
49.48017759416543
 30
0.0
 41
1.0
 10
554.8859664008443
 20
49.49837418609007
 30
0.0
 41
1.0
 10
554.8711858561005
 20
49.51803020670233
 30
0.0
 41
1.0
 10
554.856771121604
 20
49.5384013161977
 30
0.0
 41
1.0
 10
554.8434494643535
 20
49.55796934798961
 30
0.0
 41
1.0
 10
554.832261948014
 20
49.57502309555835
 30
0.0
 41
1.0
 10
554.8240020078337
 20
49.58843661910677
 30
0.0
 41
1.0
 10
554.818755709059
 20
49.59830785987627
 30
0.0
 41
1.0
 10
554.8152842466696
 20
49.60683793131714
 30
0.0
 41
1.0
 10
554.8117242484342
 20
49.617148373203
 30
0.0
 41
1.0
 10
554.8063845815801
 20
49.63195934105577
 30
0.0
 41
1.0
 10
554.7986480478264
 20
49.65207221280387
 30
0.0
 41
1.0
 10
554.7893903604179
 20
49.67570728942526
 30
0.0
 41
1.0
 10
554.780143264309
 20
49.70005949643244
 30
0.0
 41
1.0
 10
554.7725396839864
 20
49.72234921110988
 30
0.0
 41
1.0
 10
554.7675766365617
 20
49.74121376378086
 30
0.0
 41
1.0
 10
554.7651705144524
 20
49.75752548339933
 30
0.0
 41
1.0
 10
554.7646398297762
 20
49.77334691189241
 30
0.0
 41
1.0
 10
554.7650216567104
 20
49.7912277797473
 30
0.0
 41
1.0
 10
554.7655064835305
 20
49.81324678688288
 30
0.0
 41
1.0
 10
554.7656369224938
 20
49.84058385227534
 30
0.0
 41
1.0
 10
554.7652673292706
 20
49.86719513888829
 30
0.0
 41
1.0
 10
554.7646896297464
 20
49.8899070785837
 30
0.0
 41
1.0
 10
554.7641707723848
 20
49.90627231284513
 30
0.0
 41
1.0
 10
554.763877923973
 20
49.9147608892818
 30
0.0
 41
1.0
  0
ARC
  5
141
330
70
100
AcDbEntity
  8
Untitled v10_Sketch14
100
AcDbCircle
 10
549.0000081807375
 20
50.00000074505805
 30
0.0
 40
5.764499999999909
100
AcDbArc
 50
359.152734498768
 51
5.44652745456656
  0
ARC
  5
142
330
70
100
AcDbEntity
  8
Untitled v10_Sketch14
100
AcDbCircle
 10
517.6296601222766
 20
49.92065410437561
 30
0.0
 40
24.37862958253657
100
AcDbArc
 50
10.70162709093774
 51
13.30105525260927
  0
SPLINE
  5
143
330
70
100
AcDbEntity
  8
Untitled v10_Sketch14
100
AcDbSpline
210
0.0
220
0.0
230
1.0
 70
    12
 71
     5
 72
   236
 73
   230
 74
     0
 42
0.000000001
 43
0.0000000001
 40
0.0
 40
0.0
 40
0.0
 40
0.0
 40
0.0
 40
0.0
 40
0.0044444444444444
 40
0.0088888888888889
 40
0.0133333333333333
 40
0.0177777777777778
 40
0.0222222222222222
 40
0.0266666666666667
 40
0.0311111111111111
 40
0.0355555555555556
 40
0.04
 40
0.0444444444444445
 40
0.0488888888888889
 40
0.0533333333333333
 40
0.0577777777777778
 40
0.0622222222222222
 40
0.0666666666666667
 40
0.0711111111111111
 40
0.0755555555555556
 40
0.08
 40
0.0844444444444445
 40
0.0888888888888889
 40
0.0933333333333334
 40
0.0977777777777778
 40
0.1022222222222222
 40
0.1066666666666667
 40
0.1111111111111111
 40
0.1155555555555556
 40
0.12
 40
0.1244444444444444
 40
0.1288888888888889
 40
0.1333333333333333
 40
0.1377777777777778
 40
0.1422222222222222
 40
0.1466666666666667
 40
0.1511111111111111
 40
0.1555555555555556
 40
0.16
 40
0.1644444444444444
 40
0.1688888888888889
 40
0.1733333333333333
 40
0.1777777777777778
 40
0.1822222222222222
 40
0.1866666666666667
 40
0.1911111111111111
 40
0.1955555555555556
 40
0.2
 40
0.2044444444444445
 40
0.2088888888888889
 40
0.2133333333333333
 40
0.2177777777777778
 40
0.2222222222222222
 40
0.2266666666666667
 40
0.2311111111111111
 40
0.2355555555555556
 40
0.24
 40
0.2444444444444445
 40
0.2488888888888889
 40
0.2533333333333334
 40
0.2577777777777777
 40
0.2622222222222222
 40
0.2666666666666666
 40
0.271111111111111
 40
0.2755555555555555
 40
0.2799999999999998
 40
0.2844444444444443
 40
0.2888888888888887
 40
0.2933333333333331
 40
0.2977777777777775
 40
0.3022222222222219
 40
0.3066666666666664
 40
0.3111111111111108
 40
0.3155555555555552
 40
0.3199999999999996
 40
0.324444444444444
 40
0.3288888888888884
 40
0.3333333333333329
 40
0.3377777777777773
 40
0.3422222222222217
 40
0.3466666666666661
 40
0.3511111111111105
 40
0.355555555555555
 40
0.3599999999999994
 40
0.3644444444444438
 40
0.3688888888888882
 40
0.3733333333333326
 40
0.3777777777777771
 40
0.3822222222222215
 40
0.3866666666666659
 40
0.3911111111111103
 40
0.3955555555555547
 40
0.3999999999999991
 40
0.4044444444444436
 40
0.408888888888888
 40
0.4133333333333324
 40
0.4177777777777769
 40
0.4222222222222213
 40
0.4266666666666657
 40
0.4311111111111101
 40
0.4355555555555545
 40
0.4399999999999989
 40
0.4444444444444433
 40
0.4488888888888878
 40
0.4533333333333322
 40
0.4577777777777766
 40
0.462222222222221
 40
0.4666666666666654
 40
0.4711111111111098
 40
0.4755555555555543
 40
0.4799999999999987
 40
0.4844444444444431
 40
0.4888888888888875
 40
0.493333333333332
 40
0.4977777777777764
 40
0.5022222222222208
 40
0.5066666666666653
 40
0.5111111111111098
 40
0.5155555555555543
 40
0.5199999999999987
 40
0.5244444444444432
 40
0.5288888888888877
 40
0.5333333333333322
 40
0.5377777777777766
 40
0.542222222222221
 40
0.5466666666666656
 40
0.5511111111111101
 40
0.5555555555555545
 40
0.5599999999999989
 40
0.5644444444444435
 40
0.568888888888888
 40
0.5733333333333324
 40
0.5777777777777768
 40
0.5822222222222213
 40
0.5866666666666659
 40
0.5911111111111103
 40
0.5955555555555547
 40
0.5999999999999992
 40
0.6044444444444438
 40
0.6088888888888882
 40
0.6133333333333326
 40
0.6177777777777771
 40
0.6222222222222216
 40
0.6266666666666661
 40
0.6311111111111105
 40
0.635555555555555
 40
0.6399999999999995
 40
0.644444444444444
 40
0.6488888888888884
 40
0.6533333333333329
 40
0.6577777777777774
 40
0.6622222222222219
 40
0.6666666666666663
 40
0.6711111111111108
 40
0.6755555555555553
 40
0.6799999999999998
 40
0.6844444444444442
 40
0.6888888888888887
 40
0.6933333333333332
 40
0.6977777777777776
 40
0.7022222222222221
 40
0.7066666666666666
 40
0.7111111111111111
 40
0.7155555555555555
 40
0.72
 40
0.7244444444444445
 40
0.728888888888889
 40
0.7333333333333334
 40
0.7377777777777779
 40
0.7422222222222224
 40
0.7466666666666669
 40
0.7511111111111113
 40
0.7555555555555558
 40
0.7600000000000003
 40
0.7644444444444448
 40
0.7688888888888892
 40
0.7733333333333336
 40
0.7777777777777782
 40
0.7822222222222227
 40
0.7866666666666671
 40
0.7911111111111115
 40
0.7955555555555561
 40
0.8000000000000005
 40
0.8044444444444449
 40
0.8088888888888893
 40
0.8133333333333339
 40
0.8177777777777784
 40
0.8222222222222228
 40
0.8266666666666672
 40
0.8311111111111117
 40
0.8355555555555563
 40
0.8400000000000007
 40
0.8444444444444451
 40
0.8488888888888897
 40
0.8533333333333342
 40
0.8577777777777786
 40
0.862222222222223
 40
0.8666666666666674
 40
0.8711111111111121
 40
0.8755555555555565
 40
0.8800000000000009
 40
0.8844444444444455
 40
0.8888888888888899
 40
0.8933333333333344
 40
0.8977777777777788
 40
0.9022222222222232
 40
0.9066666666666678
 40
0.9111111111111123
 40
0.9155555555555567
 40
0.9200000000000013
 40
0.9244444444444457
 40
0.9288888888888902
 40
0.9333333333333346
 40
0.937777777777779
 40
0.9422222222222236
 40
0.946666666666668
 40
0.9511111111111125
 40
0.9555555555555571
 40
0.9600000000000015
 40
0.9644444444444459
 40
0.9688888888888904
 40
0.9733333333333348
 40
0.9777777777777794
 40
0.9822222222222238
 40
0.9866666666666683
 40
0.9911111111111129
 40
0.9955555555555573
 40
1.0
 40
1.0
 40
1.0
 40
1.0
 40
1.0
 40
1.0
 10
554.7384827026962
 20
50.54714826705669
 30
0.0
 41
1.0
 10
554.7381467850833
 20
50.55204743162207
 30
0.0
 41
1.0
 10
554.7375335752719
 20
50.56169863201105
 30
0.0
 41
1.0
 10
554.7367896363407
 20
50.57573404868556
 30
0.0
 41
1.0
 10
554.7361494846077
 20
50.59356512130982
 30
0.0
 41
1.0
 10
554.7359338084469
 20
50.61439346792099
 30
0.0
 41
1.0
 10
554.7362973125379
 20
50.63379383038508
 30
0.0
 41
1.0
 10
554.7372291154998
 20
50.6518321012718
 30
0.0
 41
1.0
 10
554.7387112813323
 20
50.66861689756962
 30
0.0
 41
1.0
 10
554.7407161715941
 20
50.68431468468723
 30
0.0
 41
1.0
 10
554.7432077396186
 20
50.69914502805097
 30
0.0
 41
1.0
 10
554.746147895463
 20
50.71335098586409
 30
0.0
 41
1.0
 10
554.7495016145082
 20
50.72717472245216
 30
0.0
 41
1.0
 10
554.7532425181867
 20
50.74083322733393
 30
0.0
 41
1.0
 10
554.7573583509757
 20
50.7544884287568
 30
0.0
 41
1.0
 10
554.76185592008
 20
50.76824759587928
 30
0.0
 41
1.0
 10
554.7667653820134
 20
50.78217988712836
 30
0.0
 41
1.0
 10
554.7721452011238
 20
50.79632821922793
 30
0.0
 41
1.0
 10
554.7780858015758
 20
50.81072223736079
 30
0.0
 41
1.0
 10
554.7847165213872
 20
50.82539303342848
 30
0.0
 41
1.0
 10
554.7921681818227
 20
50.84035217569827
 30
0.0
 41
1.0
 10
554.8005326139652
 20
50.8555680679612
 30
0.0
 41
1.0
 10
554.809821667093
 20
50.87094201085854
 30
0.0
 41
1.0
 10
554.8199300950491
 20
50.88628726576217
 30
0.0
 41
1.0
 10
554.8305870482415
 20
50.9012991845995
 30
0.0
 41
1.0
 10
554.8414312564544
 20
50.91562198987659
 30
0.0
 41
1.0
 10
554.852099244364
 20
50.92892536991982
 30
0.0
 41
1.0
 10
554.8623128262988
 20
50.9409813472034
 30
0.0
 41
1.0
 10
554.8719580137527
 20
50.95173249273408
 30
0.0
 41
1.0
 10
554.88119072706
 20
50.96138607480419
 30
0.0
 41
1.0
 10
554.8903611101657
 20
50.97033352292172
 30
0.0
 41
1.0
 10
554.8998866571899
 20
50.97902023662946
 30
0.0
 41
1.0
 10
554.9101478416925
 20
50.98783792104271
 30
0.0
 41
1.0
 10
554.9213624831536
 20
50.9969943890551
 30
0.0
 41
1.0
 10
554.9335050666031
 20
51.0064326310993
 30
0.0
 41
1.0
 10
554.946395438985
 20
51.01593627926234
 30
0.0
 41
1.0
 10
554.9597648681943
 20
51.02521091851173
 30
0.0
 41
1.0
 10
554.973327082966
 20
51.03396891538444
 30
0.0
 41
1.0
 10
554.9868562974962
 20
51.04202675431785
 30
0.0
 41
1.0
 10
555.0002313239847
 20
51.04934968424146
 30
0.0
 41
1.0
 10
555.013410925579
 20
51.05599366244696
 30
0.0
 41
1.0
 10
555.0264251041548
 20
51.06206839985851
 30
0.0
 41
1.0
 10
555.0393583687657
 20
51.06769513629636
 30
0.0
 41
1.0
 10
555.0523404527677
 20
51.07295882660018
 30
0.0
 41
1.0
 10
555.065516729076
 20
51.07789662918982
 30
0.0
 41
1.0
 10
555.0790055292706
 20
51.08251603449275
 30
0.0
 41
1.0
 10
555.0928575622479
 20
51.08680437004849
 30
0.0
 41
1.0
 10
555.1070180700601
 20
51.09074170330359
 30
0.0
 41
1.0
 10
555.1212781781526
 20
51.09431268163696
 30
0.0
 41
1.0
 10
555.1353565571258
 20
51.09751467121199
 30
0.0
 41
1.0
 10
555.1490008423184
 20
51.10036561469037
 30
0.0
 41
1.0
 10
555.1620751568289
 20
51.10291100815246
 30
0.0
 41
1.0
 10
555.1746693907368
 20
51.10523357430025
 30
0.0
 41
1.0
 10
555.1871514149795
 20
51.10745482420739
 30
0.0
 41
1.0
 10
555.1999958338813
 20
51.10970453341614
 30
0.0
 41
1.0
 10
555.2136357969108
 20
51.11209307965047
 30
0.0
 41
1.0
 10
555.2283248645678
 20
51.11468638163266
 30
0.0
 41
1.0
 10
555.2439473829408
 20
51.11747050782476
 30
0.0
 41
1.0
 10
555.2600829984733
 20
51.12036603199776
 30
0.0
 41
1.0
 10
555.2762061823234
 20
51.12326867954678
 30
0.0
 41
1.0
 10
555.2918524601838
 20
51.12608354000926
 30
0.0
 41
1.0
 10
555.3067792535511
 20
51.12875811027237
 30
0.0
 41
1.0
 10
555.3211780830751
 20
51.13132564299064
 30
0.0
 41
1.0
 10
555.3355598705601
 20
51.13388313180642
 30
0.0
 41
1.0
 10
555.3505281288726
 20
51.1365468793403
 30
0.0
 41
1.0
 10
555.3665849330606
 20
51.13941464367513
 30
0.0
 41
1.0
 10
555.383933022276
 20
51.1425269463681
 30
0.0
 41
1.0
 10
555.4022533644821
 20
51.14582364893941
 30
0.0
 41
1.0
 10
555.4208847049306
 20
51.14917863876968
 30
0.0
 41
1.0
 10
555.4390373850042
 20
51.15244118243055
 30
0.0
 41
1.0
 10
555.456004771501
 20
51.15547681150793
 30
0.0
 41
1.0
 10
555.4713529510069
 20
51.1582039859789
 30
0.0
 41
1.0
 10
555.4851779167655
 20
51.16064387298841
 30
0.0
 41
1.0
 10
555.4979911920901
 20
51.16289791963339
 30
0.0
 41
1.0
 10
555.5104572641137
 20
51.16509662890152
 30
0.0
 41
1.0
 10
555.5231863139674
 20
51.16735907912016
 30
0.0
 41
1.0
 10
555.536487982576
 20
51.16974487648285
 30
0.0
 41
1.0
 10
555.550187160788
 20
51.17221814974087
 30
0.0
 41
1.0
 10
555.5638728801078
 20
51.17469579873436
 30
0.0
 41
1.0
 10
555.5771248933178
 20
51.17709131244531
 30
0.0
 41
1.0
 10
555.5897195084134
 20
51.17935476796787
 30
0.0
 41
1.0
 10
555.6019149754696
 20
51.18152777112079
 30
0.0
 41
1.0
 10
555.6144182236645
 20
51.18373840528505
 30
0.0
 41
1.0
 10
555.6280560939586
 20
51.18614047022148
 30
0.0
 41
1.0
 10
555.6435217611209
 20
51.18886697833545
 30
0.0
 41
1.0
 10
555.6611049498022
 20
51.19198038414971
 30
0.0
 41
1.0
 10
555.6803904900216
 20
51.19541740374252
 30
0.0
 41
1.0
 10
555.7004892873107
 20
51.19902794962449
 30
0.0
 41
1.0
 10
555.7203223622201
 20
51.20262365247384
 30
0.0
 41
1.0
 10
555.7389003037987
 20
51.20602518225283
 30
0.0
 41
1.0
 10
555.7555716622693
 20
51.20910495166548
 30
0.0
 41
1.0
 10
555.7703663984069
 20
51.21184449394107
 30
0.0
 41
1.0
 10
555.7839590961605
 20
51.21433276237816
 30
0.0
 41
1.0
 10
555.7973142467074
 20
51.21671468118961
 30
0.0
 41
1.0
 10
555.8114122799094
 20
51.21915279928089
 30
0.0
 41
1.0
 10
555.8269629805822
 20
51.22178575707714
 30
0.0
 41
1.0
 10
555.8440712528668
 20
51.22468244729077
 30
0.0
 41
1.0
 10
555.8623316745925
 20
51.22784232419036
 30
0.0
 41
1.0
 10
555.8810283433631
 20
51.23120813602618
 30
0.0
 41
1.0
 10
555.8993025135955
 20
51.23467324118003
 30
0.0
 41
1.0
 10
555.916324640676
 20
51.23809372746876
 30
0.0
 41
1.0
 10
555.9314872808872
 20
51.24129209154304
 30
0.0
 41
1.0
 10
555.9444811988917
 20
51.2440953852635
 30
0.0
 41
1.0
 10
555.955301419014
 20
51.24639505772947
 30
0.0
 41
1.0
 10
555.9642710651383
 20
51.24819776372945
 30
0.0
 41
1.0
 10
555.9720663158966
 20
51.24968544276875
 30
0.0
 41
1.0
 10
555.9797164523287
 20
51.2512554902625
 30
0.0
 41
1.0
 10
555.9882999274377
 20
51.25336746094895
 30
0.0
 41
1.0
 10
555.9986726901037
 20
51.25640851166799
 30
0.0
 41
1.0
 10
556.0111687748405
 20
51.26054448004111
 30
0.0
 41
1.0
 10
556.02535523047
 20
51.26559706556292
 30
0.0
 41
1.0
 10
556.0403708051303
 20
51.27119559798273
 30
0.0
 41
1.0
 10
556.0552395591453
 20
51.27691690424533
 30
0.0
 41
1.0
 10
556.069167562078
 20
51.28241765137559
 30
0.0
 41
1.0
 10
556.0819090715352
 20
51.28759824935059
 30
0.0
 41
1.0
 10
556.0938991442044
 20
51.29266047607089
 30
0.0
 41
1.0
 10
556.1058748138432
 20
51.29793277726157
 30
0.0
 41
1.0
 10
556.1185844556582
 20
51.30373510169199
 30
0.0
 41
1.0
 10
556.1324962008987
 20
51.31024463351671
 30
0.0
 41
1.0
 10
556.1474207604553
 20
51.31731925914436
 30
0.0
 41
1.0
 10
556.162650552095
 20
51.32457259272399
 30
0.0
 41
1.0
 10
556.1773138192605
 20
51.33155321982066
 30
0.0
 41
1.0
 10
556.1906716015353
 20
51.33789682397193
 30
0.0
 41
1.0
 10
556.2024106008903
 20
51.34347479618696
 30
0.0
 41
1.0
 10
556.2130106948684
 20
51.34858305060866
 30
0.0
 41
1.0
 10
556.223486303294
 20
51.35379779736425
 30
0.0
 41
1.0
 10
556.2349658253249
 20
51.35974489029635
 30
0.0
 41
1.0
 10
556.2483547163205
 20
51.36691458984024
 30
0.0
 41
1.0
 10
556.263898636712
 20
51.37542084065252
 30
0.0
 41
1.0
 10
556.2809983849805
 20
51.3849017355205
 30
0.0
 41
1.0
 10
556.2986237339333
 20
51.39475659645853
 30
0.0
 41
1.0
 10
556.3156133409667
 20
51.40431900974128
 30
0.0
 41
1.0
 10
556.331018384031
 20
51.41305441205219
 30
0.0
 41
1.0
 10
556.3444308436361
 20
51.42074913592963
 30
0.0
 41
1.0
 10
556.3563095924394
 20
51.4276979815758
 30
0.0
 41
1.0
 10
556.3676372453321
 20
51.43450093577712
 30
0.0
 41
1.0
 10
556.379576578158
 20
51.44185954418745
 30
0.0
 41
1.0
 10
556.3931474154009
 20
51.4503853970212
 30
0.0
 41
1.0
 10
556.4088470112359
 20
51.46037525874817
 30
0.0
 41
1.0
 10
556.4264477395843
 20
51.47169080475919
 30
0.0
 41
1.0
 10
556.445277761967
 20
51.4839230558784
 30
0.0
 41
1.0
 10
556.4644081372373
 20
51.49650188393422
 30
0.0
 41
1.0
 10
556.4828849266656
 20
51.50883148986643
 30
0.0
 41
1.0
 10
556.4999236642648
 20
51.520404996144
 30
0.0
 41
1.0
 10
556.5151665428718
 20
51.53095276798893
 30
0.0
 41
1.0
 10
556.5286797247876
 20
51.54045205672559
 30
0.0
 41
1.0
 10
556.5408160838464
 20
51.54906406650312
 30
0.0
 41
1.0
 10
556.5521184822199
 20
51.55709439109635
 30
0.0
 41
1.0
 10
556.5632088608403
 20
51.56494181842589
 30
0.0
 41
1.0
 10
556.5746768769955
 20
51.5730570526847
 30
0.0
 41
1.0
 10
556.5870039348816
 20
51.5818729333958
 30
0.0
 41
1.0
 10
556.6005109443868
 20
51.59172568432545
 30
0.0
 41
1.0
 10
556.6152928607257
 20
51.60277310677244
 30
0.0
 41
1.0
 10
556.6311711341368
 20
51.61492691416619
 30
0.0
 41
1.0
 10
556.6476067020237
 20
51.62774607630318
 30
0.0
 41
1.0
 10
556.6638267870634
 20
51.64055123014108
 30
0.0
 41
1.0
 10
556.6790179798464
 20
51.65260880963479
 30
0.0
 41
1.0
 10
556.6925071138544
 20
51.66330115633641
 30
0.0
 41
1.0
 10
556.703925640187
 20
51.67228231627866
 30
0.0
 41
1.0
 10
556.713433605122
 20
51.67968902209381
 30
0.0
 41
1.0
 10
556.7217312756565
 20
51.68615357982957
 30
0.0
 41
1.0
 10
556.7297438361662
 20
51.69251134791025
 30
0.0
 41
1.0
 10
556.7383884025908
 20
51.69958516714103
 30
0.0
 41
1.0
 10
556.7482983860448
 20
51.70792984532155
 30
0.0
 41
1.0
 10
556.75959259717
 20
51.71761869826056
 30
0.0
 41
1.0
 10
556.7720375360302
 20
51.72840015909109
 30
0.0
 41
1.0
 10
556.7851890701923
 20
51.73983515570299
 30
0.0
 41
1.0
 10
556.7985368744907
 20
51.75143666142929
 30
0.0
 41
1.0
 10
556.8116591352996
 20
51.76281994204479
 30
0.0
 41
1.0
 10
556.8243380530772
 20
51.77381288431263
 30
0.0
 41
1.0
 10
556.8365045848371
 20
51.78439331355455
 30
0.0
 41
1.0
 10
556.8482079552987
 20
51.79465113915803
 30
0.0
 41
1.0
 10
556.8595760291069
 20
51.80474186938297
 30
0.0
 41
1.0
 10
556.8707783585407
 20
51.81484133150334
 30
0.0
 41
1.0
 10
556.8819919696285
 20
51.82510762767854
 30
0.0
 41
1.0
 10
556.8933846356515
 20
51.83567568766385
 30
0.0
 41
1.0
 10
556.9050940428759
 20
51.84664559406833
 30
0.0
 41
1.0
 10
556.91721076343
 20
51.85807481689295
 30
0.0
 41
1.0
 10
556.9297543804821
 20
51.86996529970073
 30
0.0
 41
1.0
 10
556.942670334515
 20
51.88226459638038
 30
0.0
 41
1.0
 10
556.9558634175745
 20
51.89489128737371
 30
0.0
 41
1.0
 10
556.969223549138
 20
51.90775532614061
 30
0.0
 41
1.0
 10
556.9826537834193
 20
51.9207797997204
 30
0.0
 41
1.0
 10
556.9960993948605
 20
51.9339235381458
 30
0.0
 41
1.0
 10
557.0095704638297
 20
51.94719905217041
 30
0.0
 41
1.0
 10
557.0231246369453
 20
51.96066234274177
 30
0.0
 41
1.0
 10
557.0368547406109
 20
51.97440595115544
 30
0.0
 41
1.0
 10
557.0508745999934
 20
51.98855119274121
 30
0.0
 41
1.0
 10
557.0653054356164
 20
52.0032397400385
 30
0.0
 41
1.0
 10
557.0802625119254
 20
52.01862809583722
 30
0.0
 41
1.0
 10
557.0958378691225
 20
52.03486191281434
 30
0.0
 41
1.0
 10
557.112081471982
 20
52.05204414077854
 30
0.0
 41
1.0
 10
557.1289836046272
 20
52.07020625766638
 30
0.0
 41
1.0
 10
557.1464551507594
 20
52.08927596677774
 30
0.0
 41
1.0
 10
557.1643124782566
 20
52.10905162133627
 30
0.0
 41
1.0
 10
557.1822506558463
 20
52.12916010713222
 30
0.0
 41
1.0
 10
557.1998949654795
 20
52.14912500260481
 30
0.0
 41
1.0
 10
557.2168734824199
 20
52.16846426850274
 30
0.0
 41
1.0
 10
557.2328802257762
 20
52.18677490787648
 30
0.0
 41
1.0
 10
557.2477473300803
 20
52.20382977367393
 30
0.0
 41
1.0
 10
557.2615015818326
 20
52.21965364146541
 30
0.0
 41
1.0
 10
557.2744570046439
 20
52.23464688880248
 30
0.0
 41
1.0
 10
557.2871688492271
 20
52.24952629898005
 30
0.0
 41
1.0
 10
557.3002704814962
 20
52.26511138980903
 30
0.0
 41
1.0
 10
557.3143458470191
 20
52.28215764918736
 30
0.0
 41
1.0
 10
557.3297821863214
 20
52.30116377738369
 30
0.0
 41
1.0
 10
557.3466431830707
 20
52.32220574444475
 30
0.0
 41
1.0
 10
557.3645016726864
 20
52.34471786212921
 30
0.0
 41
1.0
 10
557.3825803983273
 20
52.36767731990468
 30
0.0
 41
1.0
 10
557.3999526460375
 20
52.38986716011574
 30
0.0
 41
1.0
 10
557.4157171832877
 20
52.41010555890646
 30
0.0
 41
1.0
 10
557.4291949770581
 20
52.42750372600838
 30
0.0
 41
1.0
 10
557.4400910420208
 20
52.44167791521839
 30
0.0
 41
1.0
 10
557.4487340856444
 20
52.45306386247762
 30
0.0
 41
1.0
 10
557.4560470803756
 20
52.4628769357708
 30
0.0
 41
1.0
 10
557.4632066745282
 20
52.47266262218523
 30
0.0
 41
1.0
 10
557.4713744420393
 20
52.48394152448888
 30
0.0
 41
1.0
 10
557.4814173742256
 20
52.49784037642186
 30
0.0
 41
1.0
 10
557.493585196105
 20
52.51466573677419
 30
0.0
 41
1.0
 10
557.5075915725504
 20
52.53401286418068
 30
0.0
 41
1.0
 10
557.5227911014526
 20
52.55500149218512
 30
0.0
 41
1.0
 10
557.5383216258448
 20
52.57646564217694
 30
0.0
 41
1.0
 10
557.5532645258034
 20
52.59716730314124
 30
0.0
 41
1.0
 10
557.5667891971938
 20
52.61598904815485
 30
0.0
 41
1.0
 10
557.5783255761156
 20
52.63216410261406
 30
0.0
 41
1.0
 10
557.587536619776
 20
52.64523907864862
 30
0.0
 41
1.0
 10
557.5929090790021
 20
52.65303591655843
 30
0.0
 41
1.0
 10
557.5957903241978
 20
52.65735171034982
 30
0.0
 41
1.0
 10
557.5972008677281
 20
52.6595480636729
 30
0.0
 41
1.0
 10
557.597778569959
 20
52.660476032528
 30
0.0
 41
1.0
  0
SPLINE
  5
144
330
70
100
AcDbEntity
  8
Untitled v10_Sketch14
100
AcDbSpline
210
0.0
220
0.0
230
1.0
 70
    12
 71
     5
 72
   156
 73
   150
 74
     0
 42
0.000000001
 43
0.0000000001
 40
0.0
 40
0.0
 40
0.0
 40
0.0
 40
0.0
 40
0.0
 40
0.0068965517241379
 40
0.0137931034482759
 40
0.0206896551724138
 40
0.0275862068965517
 40
0.0344827586206897
 40
0.0413793103448276
 40
0.0482758620689655
 40
0.0551724137931035
 40
0.0620689655172414
 40
0.0689655172413793
 40
0.0758620689655173
 40
0.0827586206896552
 40
0.0896551724137931
 40
0.0965517241379311
 40
0.103448275862069
 40
0.1103448275862069
 40
0.1172413793103448
 40
0.1241379310344828
 40
0.1310344827586207
 40
0.1379310344827586
 40
0.1448275862068966
 40
0.1517241379310345
 40
0.1586206896551725
 40
0.1655172413793104
 40
0.1724137931034483
 40
0.1793103448275863
 40
0.1862068965517242
 40
0.1931034482758622
 40
0.2000000000000001
 40
0.2068965517241381
 40
0.213793103448276
 40
0.220689655172414
 40
0.2275862068965519
 40
0.2344827586206899
 40
0.2413793103448278
 40
0.2482758620689657
 40
0.2551724137931037
 40
0.2620689655172416
 40
0.2689655172413796
 40
0.2758620689655175
 40
0.2827586206896555
 40
0.2896551724137934
 40
0.2965517241379314
 40
0.3034482758620693
 40
0.3103448275862072
 40
0.3172413793103452
 40
0.3241379310344831
 40
0.3310344827586211
 40
0.337931034482759
 40
0.344827586206897
 40
0.3517241379310349
 40
0.3586206896551729
 40
0.3655172413793108
 40
0.3724137931034487
 40
0.3793103448275867
 40
0.3862068965517246
 40
0.3931034482758626
 40
0.4000000000000006
 40
0.4068965517241385
 40
0.4137931034482765
 40
0.4206896551724144
 40
0.4275862068965524
 40
0.4344827586206903
 40
0.4413793103448282
 40
0.4482758620689661
 40
0.4551724137931041
 40
0.462068965517242
 40
0.46896551724138
 40
0.4758620689655179
 40
0.4827586206896559
 40
0.4896551724137938
 40
0.4965517241379318
 40
0.5034482758620697
 40
0.5103448275862076
 40
0.5172413793103456
 40
0.5241379310344835
 40
0.5310344827586215
 40
0.5379310344827594
 40
0.5448275862068974
 40
0.5517241379310353
 40
0.5586206896551733
 40
0.5655172413793112
 40
0.5724137931034491
 40
0.579310344827587
 40
0.586206896551725
 40
0.5931034482758629
 40
0.6000000000000009
 40
0.6068965517241388
 40
0.6137931034482768
 40
0.6206896551724147
 40
0.6275862068965527
 40
0.6344827586206906
 40
0.6413793103448286
 40
0.6482758620689665
 40
0.6551724137931045
 40
0.6620689655172424
 40
0.6689655172413804
 40
0.6758620689655183
 40
0.6827586206896563
 40
0.6896551724137942
 40
0.6965517241379322
 40
0.7034482758620701
 40
0.710344827586208
 40
0.7172413793103459
 40
0.7241379310344839
 40
0.7310344827586218
 40
0.7379310344827598
 40
0.7448275862068977
 40
0.7517241379310357
 40
0.7586206896551736
 40
0.7655172413793116
 40
0.7724137931034495
 40
0.7793103448275875
 40
0.7862068965517254
 40
0.7931034482758634
 40
0.8000000000000012
 40
0.8068965517241391
 40
0.8137931034482772
 40
0.8206896551724151
 40
0.827586206896553
 40
0.8344827586206909
 40
0.841379310344829
 40
0.8482758620689669
 40
0.8551724137931048
 40
0.8620689655172427
 40
0.8689655172413807
 40
0.8758620689655186
 40
0.8827586206896565
 40
0.8896551724137944
 40
0.8965517241379325
 40
0.9034482758620704
 40
0.9103448275862083
 40
0.9172413793103462
 40
0.9241379310344843
 40
0.9310344827586222
 40
0.9379310344827601
 40
0.944827586206898
 40
0.9517241379310361
 40
0.958620689655174
 40
0.9655172413793119
 40
0.9724137931034498
 40
0.9793103448275878
 40
0.9862068965517257
 40
0.9931034482758636
 40
1.0
 40
1.0
 40
1.0
 40
1.0
 40
1.0
 40
1.0
 10
537.8226698460487
 20
56.1827611673128
 30
0.0
 41
1.0
 10
537.8229781797357
 20
56.17910663579444
 30
0.0
 41
1.0
 10
537.823857419311
 20
56.17162544154631
 30
0.0
 41
1.0
 10
537.8259639995471
 20
56.15988725053277
 30
0.0
 41
1.0
 10
537.830348299926
 20
56.14320350197623
 30
0.0
 41
1.0
 10
537.8384124704685
 20
56.1206850410128
 30
0.0
 41
1.0
 10
537.8489322678222
 20
56.09667739819634
 30
0.0
 41
1.0
 10
537.8616516230507
 20
56.07152869438209
 30
0.0
 41
1.0
 10
537.8761402152845
 20
56.04582349318938
 30
0.0
 41
1.0
 10
537.8917595754262
 20
56.02042820135608
 30
0.0
 41
1.0
 10
537.9077922134684
 20
55.99630765966523
 30
0.0
 41
1.0
 10
537.9235570181715
 20
55.97436085746991
 30
0.0
 41
1.0
 10
537.9385357289286
 20
55.95524143673934
 30
0.0
 41
1.0
 10
537.9524812675024
 20
55.93920286207485
 30
0.0
 41
1.0
 10
537.9655693153329
 20
55.92588500733285
 30
0.0
 41
1.0
 10
537.9782429847186
 20
55.9145126566392
 30
0.0
 41
1.0
 10
537.9909715172543
 20
55.90420502111946
 30
0.0
 41
1.0
 10
538.0040640552335
 20
55.8942206746812
 30
0.0
 41
1.0
 10
538.01740022917
 20
55.88429178096667
 30
0.0
 41
1.0
 10
538.0304031087954
 20
55.87470644306485
 30
0.0
 41
1.0
 10
538.0424448561982
 20
55.86594899052791
 30
0.0
 41
1.0
 10
538.0531380565236
 20
55.85845169110598
 30
0.0
 41
1.0
 10
538.0627116957326
 20
55.85227378431078
 30
0.0
 41
1.0
 10
538.0722362593632
 20
55.84689435172393
 30
0.0
 41
1.0
 10
538.0830631282795
 20
55.84156558971066
 30
0.0
 41
1.0
 10
538.0963816502518
 20
55.8355854734642
 30
0.0
 41
1.0
 10
538.1126780070649
 20
55.82863354172658
 30
0.0
 41
1.0
 10
538.1313916070906
 20
55.82098523056771
 30
0.0
 41
1.0
 10
538.1513739408684
 20
55.81324093083509
 30
0.0
 41
1.0
 10
538.1712536323999
 20
55.80611044799283
 30
0.0
 41
1.0
 10
538.1898061646398
 20
55.80019748839625
 30
0.0
 41
1.0
 10
538.2063996726002
 20
55.79573109442044
 30
0.0
 41
1.0
 10
538.2210408083901
 20
55.79257121914544
 30
0.0
 41
1.0
 10
538.2341689896565
 20
55.79039250774968
 30
0.0
 41
1.0
 10
538.2465264005169
 20
55.78880421498233
 30
0.0
 41
1.0
 10
538.2589993556608
 20
55.78751848213578
 30
0.0
 41
1.0
 10
538.2724608292075
 20
55.78642079797589
 30
0.0
 41
1.0
 10
538.2875691932675
 20
55.78550754982593
 30
0.0
 41
1.0
 10
538.3046017877132
 20
55.78485486833514
 30
0.0
 41
1.0
 10
538.3232224016689
 20
55.78457343046196
 30
0.0
 41
1.0
 10
538.3424396804266
 20
55.78477406745136
 30
0.0
 41
1.0
 10
538.3610681803333
 20
55.785547406063
 30
0.0
 41
1.0
 10
538.3781120134222
 20
55.78694041153937
 30
0.0
 41
1.0
 10
538.3931473990544
 20
55.78893637933411
 30
0.0
 41
1.0
 10
538.4067888163376
 20
55.79142749559494
 30
0.0
 41
1.0
 10
538.4203037577435
 20
55.79424953777113
 30
0.0
 41
1.0
 10
538.4350438865617
 20
55.79723011121927
 30
0.0
 41
1.0
 10
538.4519936001554
 20
55.80022732690835
 30
0.0
 41
1.0
 10
538.4711389998742
 20
55.80318436950847
 30
0.0
 41
1.0
 10
538.4916044198392
 20
55.80611412579386
 30
0.0
 41
1.0
 10
538.5121447267774
 20
55.80905077187253
 30
0.0
 41
1.0
 10
538.5315161165285
 20
55.81201336587632
 30
0.0
 41
1.0
 10
538.5489180159255
 20
55.81496091794534
 30
0.0
 41
1.0
 10
538.5643450831763
 20
55.81776120988749
 30
0.0
 41
1.0
 10
538.5783334318127
 20
55.82025980638057
 30
0.0
 41
1.0
 10
538.5917550339444
 20
55.82234254590716
 30
0.0
 41
1.0
 10
538.605597458203
 20
55.82399656751704
 30
0.0
 41
1.0
 10
538.6207412021143
 20
55.82538245483036
 30
0.0
 41
1.0
 10
538.6378294125087
 20
55.82675469363287
 30
0.0
 41
1.0
 10
538.6571357052281
 20
55.8283578532108
 30
0.0
 41
1.0
 10
538.678459564526
 20
55.83034367339216
 30
0.0
 41
1.0
 10
538.7009448286731
 20
55.8326499270489
 30
0.0
 41
1.0
 10
538.7232005122618
 20
55.83501706924749
 30
0.0
 41
1.0
 10
538.7436781168559
 20
55.83711909395738
 30
0.0
 41
1.0
 10
538.7609801976513
 20
55.83866498443349
 30
0.0
 41
1.0
 10
538.7741888009162
 20
55.83950608316264
 30
0.0
 41
1.0
 10
538.7832082468756
 20
55.83975713994327
 30
0.0
 41
1.0
 10
538.7887442375114
 20
55.83969585972567
 30
0.0
 41
1.0
 10
538.7922180806652
 20
55.8396440576412
 30
0.0
 41
1.0
 10
538.7957505327907
 20
55.83984306512299
 30
0.0
 41
1.0
 10
538.8019711229637
 20
55.84036925367847
 30
0.0
 41
1.0
 10
538.8131617652683
 20
55.84119670588833
 30
0.0
 41
1.0
 10
538.8306194643775
 20
55.8422325414611
 30
0.0
 41
1.0
 10
538.8536900016344
 20
55.84336798505184
 30
0.0
 41
1.0
 10
538.8800151312624
 20
55.84450039419635
 30
0.0
 41
1.0
 10
538.9065543147435
 20
55.84553985233668
 30
0.0
 41
1.0
 10
538.9304188327128
 20
55.84642081710271
 30
0.0
 41
1.0
 10
538.9496906116233
 20
55.84711014339717
 30
0.0
 41
1.0
 10
538.9644825019301
 20
55.84762062447168
 30
0.0
 41
1.0
 10
538.9765953762521
 20
55.84800019147998
 30
0.0
 41
1.0
 10
538.9884935549769
 20
55.84830967210898
 30
0.0
 41
1.0
 10
539.0025767027566
 20
55.84860582256155
 30
0.0
 41
1.0
 10
539.0201444406868
 20
55.84891830535248
 30
0.0
 41
1.0
 10
539.0412708854448
 20
55.84924561613007
 30
0.0
 41
1.0
 10
539.0653488898115
 20
55.84956524026964
 30
0.0
 41
1.0
 10
539.0914544674501
 20
55.84983984542489
 30
0.0
 41
1.0
 10
539.1187617650636
 20
55.85002489330896
 30
0.0
 41
1.0
 10
539.1469965291516
 20
55.85007616944643
 30
0.0
 41
1.0
 10
539.1763457982505
 20
55.84995265580459
 30
0.0
 41
1.0
 10
539.2072531924213
 20
55.84961825023434
 30
0.0
 41
1.0
 10
539.2402506321359
 20
55.8490439712515
 30
0.0
 41
1.0
 10
539.275783301468
 20
55.84820979577536
 30
0.0
 41
1.0
 10
539.3140170916443
 20
55.84710705148189
 30
0.0
 41
1.0
 10
539.3547171621071
 20
55.84573934627179
 30
0.0
 41
1.0
 10
539.3973740591962
 20
55.84411878527127
 30
0.0
 41
1.0
 10
539.4412889427492
 20
55.84226293667136
 30
0.0
 41
1.0
 10
539.4856734928082
 20
55.8401915730819
 30
0.0
 41
1.0
 10
539.5297465962313
 20
55.83792335544977
 30
0.0
 41
1.0
 10
539.5728252204187
 20
55.83547290178479
 30
0.0
 41
1.0
 10
539.6144356030158
 20
55.83284679827229
 30
0.0
 41
1.0
 10
539.6543448215243
 20
55.83004362074539
 30
0.0
 41
1.0
 10
539.692514107087
 20
55.82705790004247
 30
0.0
 41
1.0
 10
539.7290735149
 20
55.82388297564527
 30
0.0
 41
1.0
 10
539.7642881299264
 20
55.82051437572324
 30
0.0
 41
1.0
 10
539.7985274563081
 20
55.8169528053969
 30
0.0
 41
1.0
 10
539.8322346479117
 20
55.81320770347481
 30
0.0
 41
1.0
 10
539.8658923031818
 20
55.80929936544755
 30
0.0
 41
1.0
 10
539.8999645706465
 20
55.80525344578759
 30
0.0
 41
1.0
 10
539.9348429281086
 20
55.80109644649411
 30
0.0
 41
1.0
 10
539.9707891620989
 20
55.79685072472329
 30
0.0
 41
1.0
 10
540.0078825905596
 20
55.79252993277741
 30
0.0
 41
1.0
 10
540.0459580502189
 20
55.78813372575083
 30
0.0
 41
1.0
 10
540.0845694646161
 20
55.78364438358349
 30
0.0
 41
1.0
 10
540.123115207901
 20
55.77903537362566
 30
0.0
 41
1.0
 10
540.1609463531351
 20
55.77427866337089
 30
0.0
 41
1.0
 10
540.1974800408789
 20
55.76935238710952
 30
0.0
 41
1.0
 10
540.2323139801392
 20
55.76424865109153
 30
0.0
 41
1.0
 10
540.2653327512791
 20
55.75898060649635
 30
0.0
 41
1.0
 10
540.2968383816004
 20
55.75359164365444
 30
0.0
 41
1.0
 10
540.3274220625085
 20
55.74814212121431
 30
0.0
 41
1.0
 10
540.357804569604
 20
55.74269344429744
 30
0.0
 41
1.0
 10
540.3886846928384
 20
55.73729269004822
 30
0.0
 41
1.0
 10
540.4205913922587
 20
55.73195788840038
 30
0.0
 41
1.0
 10
540.4537174111178
 20
55.72666089451985
 30
0.0
 41
1.0
 10
540.4878116074574
 20
55.72131766295619
 30
0.0
 41
1.0
 10
540.5223747302775
 20
55.71581677284989
 30
0.0
 41
1.0
 10
540.55681328897
 20
55.71004254281191
 30
0.0
 41
1.0
 10
540.5906146235487
 20
55.70390114310853
 30
0.0
 41
1.0
 10
540.6235015796021
 20
55.6973433761307
 30
0.0
 41
1.0
 10
540.6556233475282
 20
55.69039388216921
 30
0.0
 41
1.0
 10
540.6876446233171
 20
55.68316119185723
 30
0.0
 41
1.0
 10
540.7204845238949
 20
55.6757676624575
 30
0.0
 41
1.0
 10
540.7551296982328
 20
55.66830806549262
 30
0.0
 41
1.0
 10
540.7923850670398
 20
55.66076502353588
 30
0.0
 41
1.0
 10
540.8327273227006
 20
55.65301590130729
 30
0.0
 41
1.0
 10
540.8759300862612
 20
55.64462362699401
 30
0.0
 41
1.0
 10
540.9213895915098
 20
55.63530294607232
 30
0.0
 41
1.0
 10
540.9683889436739
 20
55.62505364670066
 30
0.0
 41
1.0
 10
541.0160769138476
 20
55.61403094288174
 30
0.0
 41
1.0
 10
541.0635630799033
 20
55.60252360050235
 30
0.0
 41
1.0
 10
541.1099629026447
 20
55.59088612603787
 30
0.0
 41
1.0
 10
541.1544648815261
 20
55.57949034917065
 30
0.0
 41
1.0
 10
541.1963869511525
 20
55.56866962181324
 30
0.0
 41
1.0
 10
541.2352410087818
 20
55.55866358596496
 30
0.0
 41
1.0
 10
541.2707029685427
 20
55.54963115294142
 30
0.0
 41
1.0
 10
541.302578893809
 20
55.54166768068007
 30
0.0
 41
1.0
 10
541.3251338240931
 20
55.53618997789754
 30
0.0
 41
1.0
 10
541.3403788156643
 20
55.53259109940363
 30
0.0
 41
1.0
 10
541.3497994442568
 20
55.53041822702759
 30
0.0
 41
1.0
 10
541.3543240836769
 20
55.52938838593689
 30
0.0
 41
1.0
  0
SPLINE
  5
145
330
70
100
AcDbEntity
  8
Untitled v10_Sketch14
100
AcDbSpline
210
0.0
220
0.0
230
1.0
 70
    12
 71
     5
 72
    86
 73
    80
 74
     0
 42
0.000000001
 43
0.0000000001
 40
0.0
 40
0.0
 40
0.0
 40
0.0
 40
0.0
 40
0.0
 40
0.0133333333333333
 40
0.0266666666666667
 40
0.04
 40
0.0533333333333333
 40
0.0666666666666667
 40
0.08
 40
0.0933333333333334
 40
0.1066666666666667
 40
0.12
 40
0.1333333333333333
 40
0.1466666666666667
 40
0.16
 40
0.1733333333333333
 40
0.1866666666666667
 40
0.2
 40
0.2133333333333333
 40
0.2266666666666667
 40
0.24
 40
0.2533333333333334
 40
0.2666666666666666
 40
0.28
 40
0.2933333333333333
 40
0.3066666666666666
 40
0.3199999999999999
 40
0.3333333333333332
 40
0.3466666666666665
 40
0.3599999999999998
 40
0.3733333333333331
 40
0.3866666666666665
 40
0.3999999999999997
 40
0.4133333333333331
 40
0.4266666666666664
 40
0.4399999999999997
 40
0.453333333333333
 40
0.4666666666666663
 40
0.4799999999999997
 40
0.493333333333333
 40
0.5066666666666663
 40
0.5199999999999996
 40
0.5333333333333329
 40
0.5466666666666662
 40
0.5599999999999996
 40
0.5733333333333328
 40
0.5866666666666661
 40
0.5999999999999995
 40
0.6133333333333328
 40
0.6266666666666661
 40
0.6399999999999994
 40
0.6533333333333326
 40
0.666666666666666
 40
0.6799999999999993
 40
0.6933333333333326
 40
0.706666666666666
 40
0.7199999999999993
 40
0.7333333333333325
 40
0.7466666666666658
 40
0.7599999999999991
 40
0.7733333333333325
 40
0.7866666666666658
 40
0.7999999999999991
 40
0.8133333333333323
 40
0.8266666666666656
 40
0.8399999999999989
 40
0.8533333333333322
 40
0.8666666666666655
 40
0.8799999999999988
 40
0.8933333333333322
 40
0.9066666666666655
 40
0.9199999999999988
 40
0.9333333333333321
 40
0.9466666666666654
 40
0.9599999999999987
 40
0.973333333333332
 40
0.9866666666666652
 40
1.0
 40
1.0
 40
1.0
 40
1.0
 40
1.0
 40
1.0
 10
533.6439080073547
 20
31.79923315506528
 30
0.0
 41
1.0
 10
533.6268321251443
 20
31.80599123633691
 30
0.0
 41
1.0
 10
533.5932307534749
 20
31.81932416358371
 30
0.0
 41
1.0
 10
533.5444798789402
 20
31.8387738468455
 30
0.0
 41
1.0
 10
533.4827819938197
 20
31.86360703934348
 30
0.0
 41
1.0
 10
533.411130855645
 20
31.89282904941855
 30
0.0
 41
1.0
 10
533.3448378109793
 20
31.92027521085365
 30
0.0
 41
1.0
 10
533.2836706370023
 20
31.94603473765099
 30
0.0
 41
1.0
 10
533.2272327870821
 20
31.97025959010617
 30
0.0
 41
1.0
 10
533.1749292963542
 20
31.99317756990091
 30
0.0
 41
1.0
 10
533.1259047477776
 20
32.01511563457579
 30
0.0
 41
1.0
 10
533.0790897119637
 20
32.03648354821844
 30
0.0
 41
1.0
 10
533.03333296241
 20
32.0577261772906
 30
0.0
 41
1.0
 10
532.9875115281628
 20
32.07928387964344
 30
0.0
 41
1.0
 10
532.9406443443327
 20
32.10155161506812
 30
0.0
 41
1.0
 10
532.8920175659094
 20
32.12483371625112
 30
0.0
 41
1.0
 10
532.8412649308884
 20
32.14931534375374
 30
0.0
 41
1.0
 10
532.7882642509365
 20
32.17510231598695
 30
0.0
 41
1.0
 10
532.7330640875357
 20
32.20224957163722
 30
0.0
 41
1.0
 10
532.6757954552114
 20
32.23079558565956
 30
0.0
 41
1.0
 10
532.6165978432222
 20
32.26079058109029
 30
0.0
 41
1.0
 10
532.5555198312376
 20
32.29233638865288
 30
0.0
 41
1.0
 10
532.4925099466696
 20
32.32558438574756
 30
0.0
 41
1.0
 10
532.4274861848332
 20
32.36069677871079
 30
0.0
 41
1.0
 10
532.3603834442637
 20
32.39781817975732
 30
0.0
 41
1.0
 10
532.2912102200702
 20
32.43704284485339
 30
0.0
 41
1.0
 10
532.2201009710619
 20
32.47838393488863
 30
0.0
 41
1.0
 10
532.1473715440892
 20
32.52174127039574
 30
0.0
 41
1.0
 10
532.0735705577757
 20
32.5668710952128
 30
0.0
 41
1.0
 10
531.9994110293622
 20
32.61341676089344
 30
0.0
 41
1.0
 10
531.9257053440623
 20
32.66093770524002
 30
0.0
 41
1.0
 10
531.8532989737664
 20
32.70893896381835
 30
0.0
 41
1.0
 10
531.7830051292883
 20
32.75690033554866
 30
0.0
 41
1.0
 10
531.7155382024114
 20
32.80430573422052
 30
0.0
 41
1.0
 10
531.6514494800949
 20
32.85067225827426
 30
0.0
 41
1.0
 10
531.5910566364998
 20
32.89557992827888
 30
0.0
 41
1.0
 10
531.5344817218126
 20
32.9386922147895
 30
0.0
 41
1.0
 10
531.4816966170052
 20
32.97977665265364
 30
0.0
 41
1.0
 10
531.4325646911095
 20
33.01872437236476
 30
0.0
 41
1.0
 10
531.3868858790481
 20
33.055572897972
 30
0.0
 41
1.0
 10
531.3444355237733
 20
33.09052151810768
 30
0.0
 41
1.0
 10
531.3050178562609
 20
33.12396612056318
 30
0.0
 41
1.0
 10
531.2684302251151
 20
33.15641456871376
 30
0.0
 41
1.0
 10
531.2344055326061
 20
33.1883721365628
 30
0.0
 41
1.0
 10
531.2025566523264
 20
33.22023135367225
 30
0.0
 41
1.0
 10
531.1723317432896
 20
33.25217274488857
 30
0.0
 41
1.0
 10
531.1429350393255
 20
33.28402859072014
 30
0.0
 41
1.0
 10
531.1133997821078
 20
33.31531143398649
 30
0.0
 41
1.0
 10
531.0827550634955
 20
33.34534568625067
 30
0.0
 41
1.0
 10
531.0501679747289
 20
33.37336979264712
 30
0.0
 41
1.0
 10
531.0150878672856
 20
33.39864613757896
 30
0.0
 41
1.0
 10
530.9774109994439
 20
33.42057858384308
 30
0.0
 41
1.0
 10
530.937509412335
 20
33.43876069910976
 30
0.0
 41
1.0
 10
530.8962035136626
 20
33.45299495561171
 30
0.0
 41
1.0
 10
530.8547612380739
 20
33.46332434140208
 30
0.0
 41
1.0
 10
530.8148696511842
 20
33.47005332074964
 30
0.0
 41
1.0
 10
530.7786649979599
 20
33.47378907624027
 30
0.0
 41
1.0
 10
530.7482076533918
 20
33.47531107499286
 30
0.0
 41
1.0
 10
530.7247963072885
 20
33.47540230953456
 30
0.0
 41
1.0
 10
530.7084652325004
 20
33.47471295888098
 30
0.0
 41
1.0
 10
530.6970971895851
 20
33.47356484213257
 30
0.0
 41
1.0
 10
530.68697004956
 20
33.47196952374233
 30
0.0
 41
1.0
 10
530.6745602365262
 20
33.46983078087383
 30
0.0
 41
1.0
 10
530.6579431232484
 20
33.46709031318433
 30
0.0
 41
1.0
 10
530.6384834152741
 20
33.46390865991978
 30
0.0
 41
1.0
 10
530.6192035762872
 20
33.46052369160169
 30
0.0
 41
1.0
 10
530.6031146161415
 20
33.45710745834737
 30
0.0
 41
1.0
 10
530.5913945226584
 20
33.45360612542947
 30
0.0
 41
1.0
 10
530.5821162828774
 20
33.44963797417385
 30
0.0
 41
1.0
 10
530.5721778464673
 20
33.4447358171608
 30
0.0
 41
1.0
 10
530.5586582415007
 20
33.43852238519275
 30
0.0
 41
1.0
 10
530.5407612867672
 20
33.43096303182108
 30
0.0
 41
1.0
 10
530.5198282277897
 20
33.42234935546472
 30
0.0
 41
1.0
 10
530.4981675215856
 20
33.41311465313375
 30
0.0
 41
1.0
 10
530.4783047217772
 20
33.40371077075375
 30
0.0
 41
1.0
 10
530.4619004230204
 20
33.39443335652568
 30
0.0
 41
1.0
 10
530.4521752625596
 20
33.38722559306717
 30
0.0
 41
1.0
 10
530.4469162163327
 20
33.38196236196026
 30
0.0
 41
1.0
 10
530.44431356491
 20
33.37851677515879
 30
0.0
 41
1.0
 10
530.4432381258546
 20
33.37680979725896
 30
0.0
 41
1.0
  0
ARC
  5
146
330
70
100
AcDbEntity
  8
Untitled v10_Sketch14
100
AcDbCircle
 10
549.0000081807375
 20
50.00000074505805
 30
0.0
 40
5.764499999999923
100
AcDbArc
 50
287.1527344987671
 51
293.4465274545669
  0
SPLINE
  5
147
330
70
100
AcDbEntity
  8
Untitled v10_Sketch14
100
AcDbSpline
210
0.0
220
0.0
230
1.0
 70
    12
 71
     5
 72
   156
 73
   150
 74
     0
 42
0.000000001
 43
0.0000000001
 40
0.0
 40
0.0
 40
0.0
 40
0.0
 40
0.0
 40
0.0
 40
0.0068965517241379
 40
0.0137931034482759
 40
0.0206896551724138
 40
0.0275862068965517
 40
0.0344827586206897
 40
0.0413793103448276
 40
0.0482758620689655
 40
0.0551724137931035
 40
0.0620689655172414
 40
0.0689655172413793
 40
0.0758620689655173
 40
0.0827586206896552
 40
0.0896551724137931
 40
0.0965517241379311
 40
0.103448275862069
 40
0.1103448275862069
 40
0.1172413793103448
 40
0.1241379310344828
 40
0.1310344827586207
 40
0.1379310344827586
 40
0.1448275862068966
 40
0.1517241379310345
 40
0.1586206896551725
 40
0.1655172413793104
 40
0.1724137931034483
 40
0.1793103448275863
 40
0.1862068965517242
 40
0.1931034482758622
 40
0.2000000000000001
 40
0.2068965517241381
 40
0.213793103448276
 40
0.220689655172414
 40
0.2275862068965519
 40
0.2344827586206899
 40
0.2413793103448278
 40
0.2482758620689657
 40
0.2551724137931037
 40
0.2620689655172416
 40
0.2689655172413796
 40
0.2758620689655175
 40
0.2827586206896555
 40
0.2896551724137934
 40
0.2965517241379314
 40
0.3034482758620693
 40
0.3103448275862072
 40
0.3172413793103452
 40
0.3241379310344831
 40
0.3310344827586211
 40
0.337931034482759
 40
0.344827586206897
 40
0.3517241379310349
 40
0.3586206896551729
 40
0.3655172413793108
 40
0.3724137931034487
 40
0.3793103448275867
 40
0.3862068965517246
 40
0.3931034482758626
 40
0.4000000000000006
 40
0.4068965517241385
 40
0.4137931034482765
 40
0.4206896551724144
 40
0.4275862068965524
 40
0.4344827586206903
 40
0.4413793103448282
 40
0.4482758620689661
 40
0.4551724137931041
 40
0.462068965517242
 40
0.46896551724138
 40
0.4758620689655179
 40
0.4827586206896559
 40
0.4896551724137938
 40
0.4965517241379318
 40
0.5034482758620697
 40
0.5103448275862076
 40
0.5172413793103456
 40
0.5241379310344835
 40
0.5310344827586215
 40
0.5379310344827594
 40
0.5448275862068974
 40
0.5517241379310353
 40
0.5586206896551733
 40
0.5655172413793112
 40
0.5724137931034491
 40
0.579310344827587
 40
0.586206896551725
 40
0.5931034482758629
 40
0.6000000000000009
 40
0.6068965517241388
 40
0.6137931034482768
 40
0.6206896551724147
 40
0.6275862068965527
 40
0.6344827586206906
 40
0.6413793103448286
 40
0.6482758620689665
 40
0.6551724137931045
 40
0.6620689655172424
 40
0.6689655172413804
 40
0.6758620689655183
 40
0.6827586206896563
 40
0.6896551724137942
 40
0.6965517241379322
 40
0.7034482758620701
 40
0.710344827586208
 40
0.7172413793103459
 40
0.7241379310344839
 40
0.7310344827586218
 40
0.7379310344827598
 40
0.7448275862068977
 40
0.7517241379310357
 40
0.7586206896551736
 40
0.7655172413793116
 40
0.7724137931034495
 40
0.7793103448275875
 40
0.7862068965517254
 40
0.7931034482758634
 40
0.8000000000000012
 40
0.8068965517241391
 40
0.8137931034482772
 40
0.8206896551724151
 40
0.827586206896553
 40
0.8344827586206909
 40
0.841379310344829
 40
0.8482758620689669
 40
0.8551724137931048
 40
0.8620689655172427
 40
0.8689655172413807
 40
0.8758620689655186
 40
0.8827586206896565
 40
0.8896551724137944
 40
0.8965517241379325
 40
0.9034482758620704
 40
0.9103448275862083
 40
0.9172413793103462
 40
0.9241379310344843
 40
0.9310344827586222
 40
0.9379310344827601
 40
0.944827586206898
 40
0.9517241379310361
 40
0.958620689655174
 40
0.9655172413793119
 40
0.9724137931034498
 40
0.9793103448275878
 40
0.9862068965517257
 40
0.9931034482758636
 40
1.0
 40
1.0
 40
1.0
 40
1.0
 40
1.0
 40
1.0
 10
533.2657663736106
 20
35.92445198335362
 30
0.0
 41
1.0
 10
533.2627556233204
 20
35.92235769278865
 30
0.0
 41
1.0
 10
533.2567163388384
 20
35.91785565185638
 30
0.0
 41
1.0
 10
533.2476040573443
 20
35.91016220435002
 30
0.0
 41
1.0
 10
533.2353476574535
 20
35.89802341456583
 30
0.0
 41
1.0
 10
533.2198781834763
 20
35.87978040753384
 30
0.0
 41
1.0
 10
533.204346853589
 20
35.8586661743746
 30
0.0
 41
1.0
 10
533.1889271148279
 20
35.83507653771988
 30
0.0
 41
1.0
 10
533.1739100537025
 20
35.80967644818394
 30
0.0
 41
1.0
 10
533.1597267659092
 20
35.78345203959373
 30
0.0
 41
1.0
 10
533.1468540830731
 20
35.75750709691405
 30
0.0
 41
1.0
 10
533.1357299971915
 20
35.73288097445783
 30
0.0
 41
1.0
 10
533.1266614485119
 20
35.710349320061
 30
0.0
 41
1.0
 10
533.1197444046988
 20
35.69025284205438
 30
0.0
 41
1.0
 10
533.1147548280836
 20
35.67225933277626
 30
0.0
 41
1.0
 10
533.1112429181749
 20
35.65559743778216
 30
0.0
 41
1.0
 10
533.1086805102297
 20
35.6394203874936
 30
0.0
 41
1.0
 10
533.1065800815635
 20
35.62308974378439
 30
0.0
 41
1.0
 10
533.1046494943437
 20
35.60657583150885
 30
0.0
 41
1.0
 10
533.1028497880295
 20
35.59052233847993
 30
0.0
 41
1.0
 10
533.1012864853614
 20
35.57571515305476
 30
0.0
 41
1.0
 10
533.100140233765
 20
35.5627059202142
 30
0.0
 41
1.0
 10
533.0995768291426
 20
35.55132595205507
 30
0.0
 41
1.0
 10
533.0996803856797
 20
35.54038772169754
 30
0.0
 41
1.0
 10
533.1004789768638
 20
35.52834699716598
 30
0.0
 41
1.0
 10
533.1019593052628
 20
35.51382276067372
 30
0.0
 41
1.0
 10
533.1040869341792
 20
35.49623373581575
 30
0.0
 41
1.0
 10
533.1068201024325
 20
35.47620312721769
 30
0.0
 41
1.0
 10
533.1101045090185
 20
35.45502576867292
 30
0.0
 41
1.0
 10
533.1138691755016
 20
35.4342442093661
 30
0.0
 41
1.0
 10
533.1180246683993
 20
35.41522076534356
 30
0.0
 41
1.0
 10
533.1224534117332
 20
35.3986171689241
 30
0.0
 41
1.0
 10
533.1270374473671
 20
35.38435763575222
 30
0.0
 41
1.0
 10
533.1317147185841
 20
35.37189894157208
 30
0.0
 41
1.0
 10
533.1365179221291
 20
35.36040296345831
 30
0.0
 41
1.0
 10
533.1416409223935
 20
35.34895820102015
 30
0.0
 41
1.0
 10
533.1474210367992
 20
35.33675138087638
 30
0.0
 41
1.0
 10
533.1541843227312
 20
35.32321052971596
 30
0.0
 41
1.0
 10
533.1621353812024
 20
35.30813352948805
 30
0.0
 41
1.0
 10
533.1712019558325
 20
35.29186688583195
 30
0.0
 41
1.0
 10
533.1809843519411
 20
35.27532455273075
 30
0.0
 41
1.0
 10
533.190968332778
 20
35.25957846788295
 30
0.0
 41
1.0
 10
533.2006966274525
 20
35.24551457818831
 30
0.0
 41
1.0
 10
533.2099428790839
 20
35.23349153617254
 30
0.0
 41
1.0
 10
533.2189209576912
 20
35.222923280392
 30
0.0
 41
1.0
 10
533.2281223886094
 20
35.21263001889203
 30
0.0
 41
1.0
 10
533.2380737053425
 20
35.20135497960446
 30
0.0
 41
1.0
 10
533.2491442270667
 20
35.18817470489004
 30
0.0
 41
1.0
 10
533.2612778009377
 20
35.17307282366801
 30
0.0
 41
1.0
 10
533.2740477542903
 20
35.15681412822175
 30
0.0
 41
1.0
 10
533.2868611178655
 20
35.1404940236511
 30
0.0
 41
1.0
 10
533.2991124944093
 20
35.125199205022
 30
0.0
 41
1.0
 10
533.3103660990786
 20
35.11160249410459
 30
0.0
 41
1.0
 10
533.320504756664
 20
35.0996424079306
 30
0.0
 41
1.0
 10
533.329662779019
 20
35.08877744090093
 30
0.0
 41
1.0
 10
533.3381772854242
 20
35.07819536225881
 30
0.0
 41
1.0
 10
533.3465309222861
 20
35.06703448200582
 30
0.0
 41
1.0
 10
533.3553030078619
 20
35.05461255872682
 30
0.0
 41
1.0
 10
533.3650355067221
 20
35.04049985382132
 30
0.0
 41
1.0
 10
533.3760770300028
 20
35.02458169366243
 30
0.0
 41
1.0
 10
533.3884587303761
 20
35.00710759989431
 30
0.0
 41
1.0
 10
533.4016986367038
 20
34.98878791676077
 30
0.0
 41
1.0
 10
533.4148764837766
 20
34.97069750049341
 30
0.0
 41
1.0
 10
533.4269356928717
 20
34.95401438706132
 30
0.0
 41
1.0
 10
533.4369255136932
 20
34.93980329079221
 30
0.0
 41
1.0
 10
533.4442582281923
 20
34.92878485418082
 30
0.0
 41
1.0
 10
533.4489853727218
 20
34.92109931324222
 30
0.0
 41
1.0
 10
533.4517002978144
 20
34.91627436460781
 30
0.0
 41
1.0
 10
533.4533923574704
 20
34.91324002714549
 30
0.0
 41
1.0
 10
533.4553309290677
 20
34.91028033760813
 30
0.0
 41
1.0
 10
533.4588969168105
 20
34.90515624276952
 30
0.0
 41
1.0
 10
533.4652088325968
 20
34.89587858835407
 30
0.0
 41
1.0
 10
533.4748347420718
 20
34.88127769522016
 30
0.0
 41
1.0
 10
533.4873533336944
 20
34.8618657456722
 30
0.0
 41
1.0
 10
533.5014965935949
 20
34.83963371922861
 30
0.0
 41
1.0
 10
533.5156663824911
 20
34.81716984120837
 30
0.0
 41
1.0
 10
533.528361579343
 20
34.79694304478102
 30
0.0
 41
1.0
 10
533.5385944428808
 20
34.78059785781546
 30
0.0
 41
1.0
 10
533.5464324776128
 20
34.76804294557716
 30
0.0
 41
1.0
 10
533.5528176294456
 20
34.75774267220565
 30
0.0
 41
1.0
 10
533.5590347368945
 20
34.74759328748576
 30
0.0
 41
1.0
 10
533.5663327845996
 20
34.73554499896949
 30
0.0
 41
1.0
 10
533.5753872716
 20
34.72048713303039
 30
0.0
 41
1.0
 10
533.5862339534274
 20
34.70235475056704
 30
0.0
 41
1.0
 10
533.5985497582352
 20
34.6816623991829
 30
0.0
 41
1.0
 10
533.6118403620949
 20
34.65919160834503
 30
0.0
 41
1.0
 10
533.6256542670703
 20
34.63563531884503
 30
0.0
 41
1.0
 10
533.6398160555519
 20
34.61120893394366
 30
0.0
 41
1.0
 10
533.6543837241499
 20
34.58572996450066
 30
0.0
 41
1.0
 10
533.6695478175162
 20
34.5587961731988
 30
0.0
 41
1.0
 10
533.6855491971855
 20
34.52993241265474
 30
0.0
 41
1.0
 10
533.702593114698
 20
34.49874313061073
 30
0.0
 41
1.0
 10
533.720755005214
 20
34.46508032488843
 30
0.0
 41
1.0
 10
533.7399205729886
 20
34.42914917732679
 30
0.0
 41
1.0
 10
533.7598455745385
 20
34.39139694030061
 30
0.0
 41
1.0
 10
533.7801958042816
 20
34.35243761123971
 30
0.0
 41
1.0
 10
533.8005942258225
 20
34.31296378155821
 30
0.0
 41
1.0
 10
533.820666443443
 20
34.27366124555419
 30
0.0
 41
1.0
 10
533.8400836004121
 20
34.23512883581537
 30
0.0
 41
1.0
 10
533.858614519356
 20
34.19778013566876
 30
0.0
 41
1.0
 10
533.8761415056605
 20
34.16181614983174
 30
0.0
 41
1.0
 10
533.8926404384647
 20
34.12726771853876
 30
0.0
 41
1.0
 10
533.908170577188
 20
34.0940188804268
 30
0.0
 41
1.0
 10
533.9228605915937
 20
34.06183782926831
 30
0.0
 41
1.0
 10
533.9368958444045
 20
34.03040491765019
 30
0.0
 41
1.0
 10
533.950506086802
 20
33.99934108247024
 30
0.0
 41
1.0
 10
533.9639501944189
 20
33.96823852896091
 30
0.0
 41
1.0
 10
533.9774824589439
 20
33.93670811994198
 30
0.0
 41
1.0
 10
533.9913215706834
 20
33.9044240766907
 30
0.0
 41
1.0
 10
534.0056177847677
 20
33.87117086399925
 30
0.0
 41
1.0
 10
534.0204225834083
 20
33.83688661666589
 30
0.0
 41
1.0
 10
534.0356530862727
 20
33.80171419782698
 30
0.0
 41
1.0
 10
534.0510709091081
 20
33.76603106099921
 30
0.0
 41
1.0
 10
534.0663522610408
 20
33.73034496312776
 30
0.0
 41
1.0
 10
534.0811484017388
 20
33.6952038751734
 30
0.0
 41
1.0
 10
534.0951489652223
 20
33.66110163536263
 30
0.0
 41
1.0
 10
534.1081459698066
 20
33.62838269104039
 30
0.0
 41
1.0
 10
534.1200930949288
 20
33.59715357413407
 30
0.0
 41
1.0
 10
534.1311789313683
 20
33.56717441649252
 30
0.0
 41
1.0
 10
534.1417513469507
 20
33.53796341066477
 30
0.0
 41
1.0
 10
534.1522239078714
 20
33.50892704923112
 30
0.0
 41
1.0
 10
534.1629867791093
 20
33.47948370091345
 30
0.0
 41
1.0
 10
534.1743200550682
 20
33.44918428784069
 30
0.0
 41
1.0
 10
534.1862957332335
 20
33.41784781704206
 30
0.0
 41
1.0
 10
534.1987154571309
 20
33.3856497611086
 30
0.0
 41
1.0
 10
534.2112331079654
 20
33.3529667736591
 30
0.0
 41
1.0
 10
534.2234517574115
 20
33.32025499194266
 30
0.0
 41
1.0
 10
534.235033816543
 20
33.28791147766395
 30
0.0
 41
1.0
 10
534.2457981017747
 20
33.2561516547797
 30
0.0
 41
1.0
 10
534.2558405474237
 20
33.22485864076043
 30
0.0
 41
1.0
 10
534.2655874917702
 20
33.19351105730973
 30
0.0
 41
1.0
 10
534.2756044577754
 20
33.16137410445172
 30
0.0
 41
1.0
 10
534.2864668444707
 20
33.12764070487418
 30
0.0
 41
1.0
 10
534.2985620629178
 20
33.09160508808155
 30
0.0
 41
1.0
 10
534.3120222540413
 20
33.05279310871903
 30
0.0
 41
1.0
 10
534.3263557130708
 20
33.01118228080519
 30
0.0
 41
1.0
 10
534.3410135192364
 20
32.96715285395557
 30
0.0
 41
1.0
 10
534.3556370416916
 20
32.92132557133414
 30
0.0
 41
1.0
 10
534.3699350852529
 20
32.87451522579943
 30
0.0
 41
1.0
 10
534.3837125174501
 20
32.82763732847712
 30
0.0
 41
1.0
 10
534.3968340802986
 20
32.78163516601978
 30
0.0
 41
1.0
 10
534.4092160374763
 20
32.73739743335618
 30
0.0
 41
1.0
 10
534.4208060475108
 20
32.69568149240172
 30
0.0
 41
1.0
 10
534.4315675950896
 20
32.65702987353066
 30
0.0
 41
1.0
 10
534.4414762585137
 20
32.62180269899794
 30
0.0
 41
1.0
 10
534.4505176518662
 20
32.5902156018175
 30
0.0
 41
1.0
 10
534.4570512872442
 20
32.56794360781967
 30
0.0
 41
1.0
 10
534.4615570628288
 20
32.5529416185914
 30
0.0
 41
1.0
 10
534.4643856144483
 20
32.54369667872275
 30
0.0
 41
1.0
 10
534.465756065612
 20
32.53926330549667
 30
0.0
 41
1.0
  0
SPLINE
  5
148
330
70
100
AcDbEntity
  8
Untitled v10_Sketch14
100
AcDbSpline
210
0.0
220
0.0
230
1.0
 70
    12
 71
     5
 72
   156
 73
   150
 74
     0
 42
0.000000001
 43
0.0000000001
 40
0.0
 40
0.0
 40
0.0
 40
0.0
 40
0.0
 40
0.0
 40
0.0068965517241379
 40
0.0137931034482759
 40
0.0206896551724138
 40
0.0275862068965517
 40
0.0344827586206897
 40
0.0413793103448276
 40
0.0482758620689655
 40
0.0551724137931035
 40
0.0620689655172414
 40
0.0689655172413793
 40
0.0758620689655173
 40
0.0827586206896552
 40
0.0896551724137931
 40
0.0965517241379311
 40
0.103448275862069
 40
0.1103448275862069
 40
0.1172413793103448
 40
0.1241379310344828
 40
0.1310344827586207
 40
0.1379310344827586
 40
0.1448275862068966
 40
0.1517241379310345
 40
0.1586206896551725
 40
0.1655172413793104
 40
0.1724137931034483
 40
0.1793103448275863
 40
0.1862068965517242
 40
0.1931034482758622
 40
0.2000000000000001
 40
0.2068965517241381
 40
0.213793103448276
 40
0.220689655172414
 40
0.2275862068965519
 40
0.2344827586206899
 40
0.2413793103448278
 40
0.2482758620689657
 40
0.2551724137931037
 40
0.2620689655172416
 40
0.2689655172413796
 40
0.2758620689655175
 40
0.2827586206896555
 40
0.2896551724137934
 40
0.2965517241379314
 40
0.3034482758620693
 40
0.3103448275862072
 40
0.3172413793103452
 40
0.3241379310344831
 40
0.3310344827586211
 40
0.337931034482759
 40
0.344827586206897
 40
0.3517241379310349
 40
0.3586206896551729
 40
0.3655172413793108
 40
0.3724137931034487
 40
0.3793103448275867
 40
0.3862068965517246
 40
0.3931034482758626
 40
0.4000000000000006
 40
0.4068965517241385
 40
0.4137931034482765
 40
0.4206896551724144
 40
0.4275862068965524
 40
0.4344827586206903
 40
0.4413793103448282
 40
0.4482758620689661
 40
0.4551724137931041
 40
0.462068965517242
 40
0.46896551724138
 40
0.4758620689655179
 40
0.4827586206896559
 40
0.4896551724137938
 40
0.4965517241379318
 40
0.5034482758620697
 40
0.5103448275862076
 40
0.5172413793103456
 40
0.5241379310344835
 40
0.5310344827586215
 40
0.5379310344827594
 40
0.5448275862068974
 40
0.5517241379310353
 40
0.5586206896551733
 40
0.5655172413793112
 40
0.5724137931034491
 40
0.579310344827587
 40
0.586206896551725
 40
0.5931034482758629
 40
0.6000000000000009
 40
0.6068965517241388
 40
0.6137931034482768
 40
0.6206896551724147
 40
0.6275862068965527
 40
0.6344827586206906
 40
0.6413793103448286
 40
0.6482758620689665
 40
0.6551724137931045
 40
0.6620689655172424
 40
0.6689655172413804
 40
0.6758620689655183
 40
0.6827586206896563
 40
0.6896551724137942
 40
0.6965517241379322
 40
0.7034482758620701
 40
0.710344827586208
 40
0.7172413793103459
 40
0.7241379310344839
 40
0.7310344827586218
 40
0.7379310344827598
 40
0.7448275862068977
 40
0.7517241379310357
 40
0.7586206896551736
 40
0.7655172413793116
 40
0.7724137931034495
 40
0.7793103448275875
 40
0.7862068965517254
 40
0.7931034482758634
 40
0.8000000000000012
 40
0.8068965517241391
 40
0.8137931034482772
 40
0.8206896551724151
 40
0.827586206896553
 40
0.8344827586206909
 40
0.841379310344829
 40
0.8482758620689669
 40
0.8551724137931048
 40
0.8620689655172427
 40
0.8689655172413807
 40
0.8758620689655186
 40
0.8827586206896565
 40
0.8896551724137944
 40
0.8965517241379325
 40
0.9034482758620704
 40
0.9103448275862083
 40
0.9172413793103462
 40
0.9241379310344843
 40
0.9310344827586222
 40
0.9379310344827601
 40
0.944827586206898
 40
0.9517241379310361
 40
0.958620689655174
 40
0.9655172413793119
 40
0.9724137931034498
 40
0.9793103448275878
 40
0.9862068965517257
 40
0.9931034482758636
 40
1.0
 40
1.0
 40
1.0
 40
1.0
 40
1.0
 40
1.0
 10
536.1040289454132
 20
60.16901621738355
 30
0.0
 41
1.0
 10
536.1050903610965
 20
60.16550565232527
 30
0.0
 41
1.0
 10
536.1075058149229
 20
60.15837074430756
 30
0.0
 41
1.0
 10
536.1120068684674
 20
60.14732704358948
 30
0.0
 41
1.0
 10
536.1197641077356
 20
60.13191942227244
 30
0.0
 41
1.0
 10
536.1323339080971
 20
60.11156967904142
 30
0.0
 41
1.0
 10
536.1476152922494
 20
60.09027384967616
 30
0.0
 41
1.0
 10
536.165285408581
 20
60.0683192080303
 30
0.0
 41
1.0
 10
536.1848018021553
 20
60.04618807486622
 30
0.0
 41
1.0
 10
536.2053598198667
 20
60.02459517866604
 30
0.0
 41
1.0
 10
536.2260570489074
 20
60.00433510156632
 30
0.0
 41
1.0
 10
536.2460403515564
 20
59.98614557685641
 30
0.0
 41
1.0
 10
536.264666892637
 20
59.97055821042124
 30
0.0
 41
1.0
 10
536.2816422949106
 20
59.95776955759822
 30
0.0
 41
1.0
 10
536.2972132751918
 20
59.94746388808934
 30
0.0
 41
1.0
 10
536.3119744391553
 20
59.93897505457454
 30
0.0
 41
1.0
 10
536.3265679006452
 20
59.93153907634273
 30
0.0
 41
1.0
 10
536.3414501976068
 20
59.92449500353757
 30
0.0
 41
1.0
 10
536.3565592772259
 20
59.91755582644493
 30
0.0
 41
1.0
 10
536.3712709165443
 20
59.91088340186252
 30
0.0
 41
1.0
 10
536.3848702996391
 20
59.9048209407379
 30
0.0
 41
1.0
 10
536.396888604081
 20
59.89971071665621
 30
0.0
 41
1.0
 10
536.4075374953508
 20
59.89565828346215
 30
0.0
 41
1.0
 10
536.417972371339
 20
59.89237667251281
 30
0.0
 41
1.0
 10
536.4296705591132
 20
59.88941538935733
 30
0.0
 41
1.0
 10
536.4439413755059
 20
59.88633502942114
 30
0.0
 41
1.0
 10
536.4613270057052
 20
59.88292321717075
 30
0.0
 41
1.0
 10
536.4812218419765
 20
59.87933281618367
 30
0.0
 41
1.0
 10
536.50237764427
 20
59.87591230878301
 30
0.0
 41
1.0
 10
536.5233054275888
 20
59.87307086437809
 30
0.0
 41
1.0
 10
536.5426819159144
 20
59.87114440548232
 30
0.0
 41
1.0
 10
536.5598414314368
 20
59.8702255972276
 30
0.0
 41
1.0
 10
536.574819598293
 20
59.8701788361064
 30
0.0
 41
1.0
 10
536.588113876871
 20
59.87077723714641
 30
0.0
 41
1.0
 10
536.60053147329
 20
59.87179290257287
 30
0.0
 41
1.0
 10
536.6129991833282
 20
59.87312853926724
 30
0.0
 41
1.0
 10
536.6263947127499
 20
59.874853639866
 30
0.0
 41
1.0
 10
536.6413627977731
 20
59.87710155389635
 30
0.0
 41
1.0
 10
536.6581588892769
 20
59.88000441057231
 30
0.0
 41
1.0
 10
536.6764311123659
 20
59.88360056612343
 30
0.0
 41
1.0
 10
536.6951867326996
 20
59.88779231563277
 30
0.0
 41
1.0
 10
536.7132473690504
 20
59.89242183785329
 30
0.0
 41
1.0
 10
536.7296291313696
 20
59.89732801497332
 30
0.0
 41
1.0
 10
536.7439209727128
 20
59.90240639853169
 30
0.0
 41
1.0
 10
536.7567463601052
 20
59.90767928805787
 30
0.0
 41
1.0
 10
536.769379232055
 20
59.91324957616072
 30
0.0
 41
1.0
 10
536.7831775576278
 20
59.91922966203333
 30
0.0
 41
1.0
 10
536.7991337231309
 20
59.92568542498062
 30
0.0
 41
1.0
 10
536.8172459462041
 20
59.9325584015321
 30
0.0
 41
1.0
 10
536.8366550170581
 20
59.93967913568162
 30
0.0
 41
1.0
 10
536.8561359059565
 20
59.94682217894307
 30
0.0
 41
1.0
 10
536.8744680264358
 20
59.95374757155651
 30
0.0
 41
1.0
 10
536.8908768220446
 20
59.96024877086796
 30
0.0
 41
1.0
 10
536.9053845574298
 20
59.96619533734893
 30
0.0
 41
1.0
 10
536.9185477396654
 20
59.97154767473062
 30
0.0
 41
1.0
 10
536.9312430216918
 20
59.97637540939408
 30
0.0
 41
1.0
 10
536.9444390653393
 20
59.98087128849604
 30
0.0
 41
1.0
 10
536.9589637399378
 20
59.98537545224834
 30
0.0
 41
1.0
 10
536.9753932274461
 20
59.99027054305685
 30
0.0
 41
1.0
 10
536.9939443157302
 20
59.99585267371436
 30
0.0
 41
1.0
 10
537.0143893223093
 20
60.00222857860151
 30
0.0
 41
1.0
 10
537.0359037323892
 20
60.00915938436989
 30
0.0
 41
1.0
 10
537.0571809193575
 20
60.01610201563728
 30
0.0
 41
1.0
 10
537.0767740036483
 20
60.02241563945894
 30
0.0
 41
1.0
 10
537.0933765837633
 20
60.02752505339202
 30
0.0
 41
1.0
 10
537.1061216730971
 20
60.03109399513412
 30
0.0
 41
1.0
 10
537.1148918248825
 20
60.03321481398138
 30
0.0
 41
1.0
 10
537.1203195817141
 20
60.03430587005695
 30
0.0
 41
1.0
 10
537.1237282833194
 20
60.03497745257611
 30
0.0
 41
1.0
 10
537.1271421669085
 20
60.03590654936104
 30
0.0
 41
1.0
 10
537.1331174215092
 20
60.03771457285488
 30
0.0
 41
1.0
 10
537.1438914844421
 20
60.04085060861157
 30
0.0
 41
1.0
 10
537.1607523286147
 20
60.04549346843148
 30
0.0
 41
1.0
 10
537.1830826472834
 20
60.05140073426467
 30
0.0
 41
1.0
 10
537.2085970685681
 20
60.05798169976436
 30
0.0
 41
1.0
 10
537.2343401917162
 20
60.06451624976087
 30
0.0
 41
1.0
 10
537.2575000498364
 20
60.07033967561469
 30
0.0
 41
1.0
 10
537.2762073751442
 20
60.07502076661396
 30
0.0
 41
1.0
 10
537.2905698921747
 20
60.07859549937634
 30
0.0
 41
1.0
 10
537.3023391547124
 20
60.0814851801158
 30
0.0
 41
1.0
 10
537.3139129850442
 20
60.08426166830687
 30
0.0
 41
1.0
 10
537.3276268091144
 20
60.08747939822846
 30
0.0
 41
1.0
 10
537.3447456809957
 20
60.0914375906175
 30
0.0
 41
1.0
 10
537.3653424105107
 20
60.09615018371988
 30
0.0
 41
1.0
 10
537.3888277991171
 20
60.10146892190455
 30
0.0
 41
1.0
 10
537.4143058136279
 20
60.10716518106498
 30
0.0
 41
1.0
 10
537.4409779076527
 20
60.11302369162727
 30
0.0
 41
1.0
 10
537.4685850134942
 20
60.11894418479954
 30
0.0
 41
1.0
 10
537.4973186105767
 20
60.12492542638966
 30
0.0
 41
1.0
 10
537.5276201308574
 20
60.13102433696424
 30
0.0
 41
1.0
 10
537.5600158966587
 20
60.13732316083881
 30
0.0
 41
1.0
 10
537.5949455267474
 20
60.14389487145841
 30
0.0
 41
1.0
 10
537.6325730903058
 20
60.15076547673537
 30
0.0
 41
1.0
 10
537.6726681284814
 20
60.15788967963189
 30
0.0
 41
1.0
 10
537.7147298036017
 20
60.16517339937628
 30
0.0
 41
1.0
 10
537.7580708942058
 20
60.17248852321245
 30
0.0
 41
1.0
 10
537.8019161960619
 20
60.17969049073613
 30
0.0
 41
1.0
 10
537.8454977853951
 20
60.18663515255354
 30
0.0
 41
1.0
 10
537.8881445162517
 20
60.19319479677349
 30
0.0
 41
1.0
 10
537.9293916097763
 20
60.19927736492469
 30
0.0
 41
1.0
 10
537.9690115294867
 20
60.20483303665166
 30
0.0
 41
1.0
 10
538.0069674908212
 20
60.2098484018083
 30
0.0
 41
1.0
 10
538.0433880917575
 20
60.21434398542034
 30
0.0
 41
1.0
 10
538.0785335542618
 20
60.21837052764055
 30
0.0
 41
1.0
 10
538.1127651613213
 20
60.22200554241138
 30
0.0
 41
1.0
 10
538.1465144203888
 20
60.22535039915084
 30
0.0
 41
1.0
 10
538.180249164305
 20
60.22852528770272
 30
0.0
 41
1.0
 10
538.2144180649745
 20
60.23165180383315
 30
0.0
 41
1.0
 10
538.2493985353955
 20
60.23483726322098
 30
0.0
 41
1.0
 10
538.2854419931208
 20
60.23815796294485
 30
0.0
 41
1.0
 10
538.3226231843316
 20
60.2416437480992
 30
0.0
 41
1.0
 10
538.3607806266802
 20
60.24525994194036
 30
0.0
 41
1.0
 10
538.3994816757546
 20
60.24889646712267
 30
0.0
 41
1.0
 10
538.4381433691205
 20
60.25240228575071
 30
0.0
 41
1.0
 10
538.476136788736
 20
60.25561505839895
 30
0.0
 41
1.0
 10
538.5128963581756
 20
60.25839221388388
 30
0.0
 41
1.0
 10
538.5480302186721
 20
60.2606423899526
 30
0.0
 41
1.0
 10
538.5814227385008
 20
60.26235445330762
 30
0.0
 41
1.0
 10
538.6133603235855
 20
60.2636336411038
 30
0.0
 41
1.0
 10
538.644408697112
 20
60.26466190861292
 30
0.0
 41
1.0
 10
538.6752601171621
 20
60.26564917678086
 30
0.0
 41
1.0
 10
538.7065883155619
 20
60.2667867806042
 30
0.0
 41
1.0
 10
538.7389069446781
 20
60.26820233299687
 30
0.0
 41
1.0
 10
538.7724103875009
 20
60.26990837773254
 30
0.0
 41
1.0
 10
538.8068704641582
 20
60.27177049060647
 30
0.0
 41
1.0
 10
538.8418219991815
 20
60.27357588545264
 30
0.0
 41
1.0
 10
538.8767085226698
 20
60.27508801516191
 30
0.0
 41
1.0
 10
538.9110480857858
 20
60.27610851240105
 30
0.0
 41
1.0
 10
538.9445798193653
 20
60.27653163100445
 30
0.0
 41
1.0
 10
538.9774445306334
 20
60.27641249124123
 30
0.0
 41
1.0
 10
539.0102698255906
 20
60.27599545015711
 30
0.0
 41
1.0
 10
539.0439292967478
 20
60.2755912863693
 30
0.0
 41
1.0
 10
539.0793683283211
 20
60.27549783627087
 30
0.0
 41
1.0
 10
539.1173778645414
 20
60.27586545459939
 30
0.0
 41
1.0
 10
539.158449678229
 20
60.27667329586954
 30
0.0
 41
1.0
 10
539.2024532096932
 20
60.27744677250517
 30
0.0
 41
1.0
 10
539.2488571942126
 20
60.27778133342444
 30
0.0
 41
1.0
 10
539.2969604469301
 20
60.27752772061056
 30
0.0
 41
1.0
 10
539.3458980695278
 20
60.27666077582701
 30
0.0
 41
1.0
 10
539.3947390599341
 20
60.27527782556283
 30
0.0
 41
1.0
 10
539.4425445022157
 20
60.2735417234367
 30
0.0
 41
1.0
 10
539.4884433213233
 20
60.27164745330942
 30
0.0
 41
1.0
 10
539.5316990488669
 20
60.26977927318526
 30
0.0
 41
1.0
 10
539.5717844239473
 20
60.26807010604422
 30
0.0
 41
1.0
 10
539.6083494032268
 20
60.26660800936703
 30
0.0
 41
1.0
 10
539.6411844620298
 20
60.26544593559961
 30
0.0
 41
1.0
 10
539.6643853914192
 20
60.26477736745704
 30
0.0
 41
1.0
 10
539.6800454922607
 20
60.26442674506689
 30
0.0
 41
1.0
 10
539.6897120230853
 20
60.26426001398476
 30
0.0
 41
1.0
 10
539.6943519042809
 20
60.26419340282501
 30
0.0
 41
1.0
  0
SPLINE
  5
149
330
70
100
AcDbEntity
  8
Untitled v10_Sketch14
100
AcDbSpline
210
0.0
220
0.0
230
1.0
 70
    12
 71
     5
 72
    86
 73
    80
 74
     0
 42
0.000000001
 43
0.0000000001
 40
0.0
 40
0.0
 40
0.0
 40
0.0
 40
0.0
 40
0.0
 40
0.0133333333333333
 40
0.0266666666666667
 40
0.04
 40
0.0533333333333333
 40
0.0666666666666667
 40
0.08
 40
0.0933333333333334
 40
0.1066666666666667
 40
0.12
 40
0.1333333333333333
 40
0.1466666666666667
 40
0.16
 40
0.1733333333333333
 40
0.1866666666666667
 40
0.2
 40
0.2133333333333333
 40
0.2266666666666667
 40
0.24
 40
0.2533333333333334
 40
0.2666666666666666
 40
0.28
 40
0.2933333333333333
 40
0.3066666666666666
 40
0.3199999999999999
 40
0.3333333333333332
 40
0.3466666666666665
 40
0.3599999999999998
 40
0.3733333333333331
 40
0.3866666666666665
 40
0.3999999999999997
 40
0.4133333333333331
 40
0.4266666666666664
 40
0.4399999999999997
 40
0.453333333333333
 40
0.4666666666666663
 40
0.4799999999999997
 40
0.493333333333333
 40
0.5066666666666663
 40
0.5199999999999996
 40
0.5333333333333329
 40
0.5466666666666662
 40
0.5599999999999996
 40
0.5733333333333328
 40
0.5866666666666661
 40
0.5999999999999995
 40
0.6133333333333328
 40
0.6266666666666661
 40
0.6399999999999994
 40
0.6533333333333326
 40
0.666666666666666
 40
0.6799999999999993
 40
0.6933333333333326
 40
0.706666666666666
 40
0.7199999999999993
 40
0.7333333333333325
 40
0.7466666666666658
 40
0.7599999999999991
 40
0.7733333333333325
 40
0.7866666666666658
 40
0.7999999999999991
 40
0.8133333333333323
 40
0.8266666666666656
 40
0.8399999999999989
 40
0.8533333333333322
 40
0.8666666666666655
 40
0.8799999999999988
 40
0.8933333333333322
 40
0.9066666666666655
 40
0.9199999999999988
 40
0.9333333333333321
 40
0.9466666666666654
 40
0.9599999999999987
 40
0.973333333333332
 40
0.9866666666666652
 40
1.0
 40
1.0
 40
1.0
 40
1.0
 40
1.0
 40
1.0
 10
524.8885026562666
 20
27.00982469963279
 30
0.0
 41
1.0
 10
524.8756518209281
 20
27.02294390108872
 30
0.0
 41
1.0
 10
524.8503784305397
 20
27.04879104532763
 30
0.0
 41
1.0
 10
524.8137531894313
 20
27.08638798217931
 30
0.0
 41
1.0
 10
524.7674899360866
 20
27.13416902306344
 30
0.0
 41
1.0
 10
524.7139190265541
 20
27.19000780104436
 30
0.0
 41
1.0
 10
524.6645206762939
 20
27.24204492759974
 30
0.0
 41
1.0
 10
524.6191190258072
 20
27.29045635730635
 30
0.0
 41
1.0
 10
524.5774136195401
 20
27.33554220284779
 30
0.0
 41
1.0
 10
524.5389535853345
 20
27.37775256542747
 30
0.0
 41
1.0
 10
524.503090446451
 20
27.41773406507695
 30
0.0
 41
1.0
 10
524.4690138965983
 20
27.45629601603694
 30
0.0
 41
1.0
 10
524.4358531815258
 20
27.49431307004569
 30
0.0
 41
1.0
 10
524.4027615258942
 20
27.53264426745403
 30
0.0
 41
1.0
 10
524.3690033269492
 20
27.57204945702471
 30
0.0
 41
1.0
 10
524.3340502380797
 20
27.61309700742425
 30
0.0
 41
1.0
 10
524.2976429738803
 20
27.65610504342066
 30
0.0
 41
1.0
 10
524.2597129499795
 20
27.70121993341499
 30
0.0
 41
1.0
 10
524.2203268750754
 20
27.74847211466076
 30
0.0
 41
1.0
 10
524.1796200860668
 20
27.79784344736978
 30
0.0
 41
1.0
 10
524.1377404402814
 20
27.84932307717611
 30
0.0
 41
1.0
 10
524.0947737357421
 20
27.90298427194292
 30
0.0
 41
1.0
 10
524.0507345206357
 20
27.95898625759424
 30
0.0
 41
1.0
 10
524.0056138552155
 20
28.01751057130227
 30
0.0
 41
1.0
 10
523.9594110854207
 20
28.07871580205011
 30
0.0
 41
1.0
 10
523.9121723092753
 20
28.14268460167534
 30
0.0
 41
1.0
 10
523.8640257140294
 20
28.20937430392432
 30
0.0
 41
1.0
 10
523.8152190934783
 20
28.27856492381203
 30
0.0
 41
1.0
 10
523.7661544911109
 20
28.34981063570669
 30
0.0
 41
1.0
 10
523.7173382185964
 20
28.42249561480113
 30
0.0
 41
1.0
 10
523.6693332339678
 20
28.49588696066627
 30
0.0
 41
1.0
 10
523.622710594057
 20
28.56918861639318
 30
0.0
 41
1.0
 10
523.5780016190687
 20
28.64159459201163
 30
0.0
 41
1.0
 10
523.5356490271986
 20
28.71234284999257
 30
0.0
 41
1.0
 10
523.495960030385
 20
28.78076800920256
 30
0.0
 41
1.0
 10
523.4590540173907
 20
28.84635718961832
 30
0.0
 41
1.0
 10
523.4249056077523
 20
28.90875331401085
 30
0.0
 41
1.0
 10
523.3933945613637
 20
28.96775545193522
 30
0.0
 41
1.0
 10
523.3643517784072
 20
29.02331971896952
 30
0.0
 41
1.0
 10
523.3376097527459
 20
29.07556176883636
 30
0.0
 41
1.0
 10
523.3130443079435
 20
29.12475503701406
 30
0.0
 41
1.0
 10
523.2906376221683
 20
29.17134081143175
 30
0.0
 41
1.0
 10
523.270411130803
 20
29.21586547411763
 30
0.0
 41
1.0
 10
523.2523263413814
 20
29.2588992542762
 30
0.0
 41
1.0
 10
523.236189252489
 20
29.30095820400131
 30
0.0
 41
1.0
 10
523.2215691583694
 20
29.34243169489663
 30
0.0
 41
1.0
 10
523.207670872789
 20
29.38349017484331
 30
0.0
 41
1.0
 10
523.1934129513734
 20
29.42408154558455
 30
0.0
 41
1.0
 10
523.1776336388278
 20
29.46398353029055
 30
0.0
 41
1.0
 10
523.1592622828681
 20
29.50283918848605
 30
0.0
 41
1.0
 10
523.1374958257466
 20
29.54019864372457
 30
0.0
 41
1.0
 10
523.1119970238394
 20
29.57555949313168
 30
0.0
 41
1.0
 10
523.082940442711
 20
29.60839911953794
 30
0.0
 41
1.0
 10
523.0509952203113
 20
29.63820338247347
 30
0.0
 41
1.0
 10
523.0173371573942
 20
29.66449583799685
 30
0.0
 41
1.0
 10
522.983631301864
 20
29.6868684366529
 30
0.0
 41
1.0
 10
522.9520761740132
 20
29.70500697822839
 30
0.0
 41
1.0
 10
522.9248710578945
 20
29.718785511362
 30
0.0
 41
1.0
 10
522.9035208374358
 20
29.72839111058704
 30
0.0
 41
1.0
 10
522.8883212740739
 20
29.73440380396596
 30
0.0
 41
1.0
 10
522.8774690689544
 20
29.73797874673925
 30
0.0
 41
1.0
 10
522.8675685917388
 20
29.74064042980815
 30
0.0
 41
1.0
 10
522.8553617583169
 20
29.74373411667008
 30
0.0
 41
1.0
 10
522.8390666213342
 20
29.74798936373281
 30
0.0
 41
1.0
 10
522.8199951985391
 20
29.75299775514182
 30
0.0
 41
1.0
 10
522.8010053985578
 20
29.75774724969915
 30
0.0
 41
1.0
 10
522.7849178948527
 20
29.76117033496772
 30
0.0
 41
1.0
 10
522.7727869362909
 20
29.76273869966471
 30
0.0
 41
1.0
 10
522.762696849963
 20
29.76288741321204
 30
0.0
 41
1.0
 10
522.7516237496372
 20
29.76245139620303
 30
0.0
 41
1.0
 10
522.7367457454703
 20
29.76227406239205
 30
0.0
 41
1.0
 10
522.7173213977534
 20
29.76264759674626
 30
0.0
 41
1.0
 10
522.6946945990043
 20
29.7632928539751
 30
0.0
 41
1.0
 10
522.6711504674162
 20
29.76366673653603
 30
0.0
 41
1.0
 10
522.6491799933243
 20
29.76315479101975
 30
0.0
 41
1.0
 10
522.6304204563896
 20
29.76135168080145
 30
0.0
 41
1.0
 10
522.6186044187126
 20
29.75872264035329
 30
0.0
 41
1.0
 10
522.6116592919684
 20
29.75605348629115
 30
0.0
 41
1.0
 10
522.6078802051741
 20
29.75396437982255
 30
0.0
 41
1.0
 10
522.6062034522493
 20
29.75284239838709
 30
0.0
 41
1.0
  0
SPLINE
  5
14A
330
70
100
AcDbEntity
  8
Untitled v10_Sketch14
100
AcDbSpline
210
0.0
220
0.0
230
1.0
 70
    12
 71
     5
 72
   156
 73
   150
 74
     0
 42
0.000000001
 43
0.0000000001
 40
0.0
 40
0.0
 40
0.0
 40
0.0
 40
0.0
 40
0.0
 40
0.0068965517241379
 40
0.0137931034482759
 40
0.0206896551724138
 40
0.0275862068965517
 40
0.0344827586206897
 40
0.0413793103448276
 40
0.0482758620689655
 40
0.0551724137931035
 40
0.0620689655172414
 40
0.0689655172413793
 40
0.0758620689655173
 40
0.0827586206896552
 40
0.0896551724137931
 40
0.0965517241379311
 40
0.103448275862069
 40
0.1103448275862069
 40
0.1172413793103448
 40
0.1241379310344828
 40
0.1310344827586207
 40
0.1379310344827586
 40
0.1448275862068966
 40
0.1517241379310345
 40
0.1586206896551725
 40
0.1655172413793104
 40
0.1724137931034483
 40
0.1793103448275863
 40
0.1862068965517242
 40
0.1931034482758622
 40
0.2000000000000001
 40
0.2068965517241381
 40
0.213793103448276
 40
0.220689655172414
 40
0.2275862068965519
 40
0.2344827586206899
 40
0.2413793103448278
 40
0.2482758620689657
 40
0.2551724137931037
 40
0.2620689655172416
 40
0.2689655172413796
 40
0.2758620689655175
 40
0.2827586206896555
 40
0.2896551724137934
 40
0.2965517241379314
 40
0.3034482758620693
 40
0.3103448275862072
 40
0.3172413793103452
 40
0.3241379310344831
 40
0.3310344827586211
 40
0.337931034482759
 40
0.344827586206897
 40
0.3517241379310349
 40
0.3586206896551729
 40
0.3655172413793108
 40
0.3724137931034487
 40
0.3793103448275867
 40
0.3862068965517246
 40
0.3931034482758626
 40
0.4000000000000006
 40
0.4068965517241385
 40
0.4137931034482765
 40
0.4206896551724144
 40
0.4275862068965524
 40
0.4344827586206903
 40
0.4413793103448282
 40
0.4482758620689661
 40
0.4551724137931041
 40
0.462068965517242
 40
0.46896551724138
 40
0.4758620689655179
 40
0.4827586206896559
 40
0.4896551724137938
 40
0.4965517241379318
 40
0.5034482758620697
 40
0.5103448275862076
 40
0.5172413793103456
 40
0.5241379310344835
 40
0.5310344827586215
 40
0.5379310344827594
 40
0.5448275862068974
 40
0.5517241379310353
 40
0.5586206896551733
 40
0.5655172413793112
 40
0.5724137931034491
 40
0.579310344827587
 40
0.586206896551725
 40
0.5931034482758629
 40
0.6000000000000009
 40
0.6068965517241388
 40
0.6137931034482768
 40
0.6206896551724147
 40
0.6275862068965527
 40
0.6344827586206906
 40
0.6413793103448286
 40
0.6482758620689665
 40
0.6551724137931045
 40
0.6620689655172424
 40
0.6689655172413804
 40
0.6758620689655183
 40
0.6827586206896563
 40
0.6896551724137942
 40
0.6965517241379322
 40
0.7034482758620701
 40
0.710344827586208
 40
0.7172413793103459
 40
0.7241379310344839
 40
0.7310344827586218
 40
0.7379310344827598
 40
0.7448275862068977
 40
0.7517241379310357
 40
0.7586206896551736
 40
0.7655172413793116
 40
0.7724137931034495
 40
0.7793103448275875
 40
0.7862068965517254
 40
0.7931034482758634
 40
0.8000000000000012
 40
0.8068965517241391
 40
0.8137931034482772
 40
0.8206896551724151
 40
0.827586206896553
 40
0.8344827586206909
 40
0.841379310344829
 40
0.8482758620689669
 40
0.8551724137931048
 40
0.8620689655172427
 40
0.8689655172413807
 40
0.8758620689655186
 40
0.8827586206896565
 40
0.8896551724137944
 40
0.8965517241379325
 40
0.9034482758620704
 40
0.9103448275862083
 40
0.9172413793103462
 40
0.9241379310344843
 40
0.9310344827586222
 40
0.9379310344827601
 40
0.944827586206898
 40
0.9517241379310361
 40
0.958620689655174
 40
0.9655172413793119
 40
0.9724137931034498
 40
0.9793103448275878
 40
0.9862068965517257
 40
0.9931034482758636
 40
1.0
 40
1.0
 40
1.0
 40
1.0
 40
1.0
 40
1.0
 10
533.5941554444424
 20
63.7108364949637
 30
0.0
 41
1.0
 10
533.5959235531634
 20
63.70762332490407
 30
0.0
 41
1.0
 10
533.5997696543183
 20
63.7011465328343
 30
0.0
 41
1.0
 10
533.6064684635328
 20
63.69127998512652
 30
0.0
 41
1.0
 10
533.6172596131105
 20
63.67782187803456
 30
0.0
 41
1.0
 10
533.6337856826989
 20
63.66053023396396
 30
0.0
 41
1.0
 10
533.6531607838339
 20
63.64287694798186
 30
0.0
 41
1.0
 10
533.6750093923942
 20
63.62507589169439
 30
0.0
 41
1.0
 10
533.6987006272598
 20
63.60748606327518
 30
0.0
 41
1.0
 10
533.7232988185187
 20
63.59063927588628
 30
0.0
 41
1.0
 10
533.7477560703327
 20
63.57512512596564
 30
0.0
 41
1.0
 10
533.771084504711
 20
63.561487848254
 30
0.0
 41
1.0
 10
533.7925448068899
 20
63.55011377882384
 30
0.0
 41
1.0
 10
533.8118081663272
 20
63.54113397333733
 30
0.0
 41
1.0
 10
533.8291815525029
 20
63.53429089627134
 30
0.0
 41
1.0
 10
533.845385077347
 20
63.52905658269385
 30
0.0
 41
1.0
 10
533.8612056634966
 20
63.5248172496805
 30
0.0
 41
1.0
 10
533.8772272916502
 20
63.52102131029141
 30
0.0
 41
1.0
 10
533.893448937671
 20
63.51737512515747
 30
0.0
 41
1.0
 10
533.9092263674501
 20
63.51390723086645
 30
0.0
 41
1.0
 10
533.9237890279388
 20
63.51080471979621
 30
0.0
 41
1.0
 10
533.9366071789227
 20
63.50830491236877
 30
0.0
 41
1.0
 10
533.9478659146062
 20
63.50655506355202
 30
0.0
 41
1.0
 10
533.958755048799
 20
63.50551469638567
 30
0.0
 41
1.0
 10
533.9708132884911
 20
63.50505031437158
 30
0.0
 41
1.0
 10
533.9854126961488
 20
63.50500433725613
 30
0.0
 41
1.0
 10
534.0031277642692
 20
63.50528175705996
 30
0.0
 41
1.0
 10
534.0233343369749
 20
63.50590618399643
 30
0.0
 41
1.0
 10
534.044738997707
 20
63.50695896151471
 30
0.0
 41
1.0
 10
534.0658002282595
 20
63.50853074030233
 30
0.0
 41
1.0
 10
534.0851538271521
 20
63.51067497760539
 30
0.0
 41
1.0
 10
534.1021293970681
 20
63.51334391140142
 30
0.0
 41
1.0
 10
534.1167899772256
 20
63.51641230811928
 30
0.0
 41
1.0
 10
534.1296693293481
 20
63.51976166859813
 30
0.0
 41
1.0
 10
534.1416044027762
 20
63.52333690276559
 30
0.0
 41
1.0
 10
534.153521968953
 20
63.52723553526836
 30
0.0
 41
1.0
 10
534.1662661053353
 20
63.53170802545143
 30
0.0
 41
1.0
 10
534.1804397341814
 20
63.53701885703237
 30
0.0
 41
1.0
 10
534.1962652529478
 20
63.54335038310892
 30
0.0
 41
1.0
 10
534.2133905013412
 20
63.5506669628306
 30
0.0
 41
1.0
 10
534.2308647526431
 20
63.55866662529187
 30
0.0
 41
1.0
 10
534.2475681889648
 20
63.56694999878548
 30
0.0
 41
1.0
 10
534.2625719188926
 20
63.57515492406648
 30
0.0
 41
1.0
 10
534.2754955939003
 20
63.58309377365827
 30
0.0
 41
1.0
 10
534.2869444204297
 20
63.59091798587542
 30
0.0
 41
1.0
 10
534.2981431057999
 20
63.59899307158556
 30
0.0
 41
1.0
 10
534.3103965750881
 20
63.60771131143437
 30
0.0
 41
1.0
 10
534.3246618315021
 20
63.61734347382096
 30
0.0
 41
1.0
 10
534.3409492868693
 20
63.62783200226822
 30
0.0
 41
1.0
 10
534.3584537390807
 20
63.63883250403041
 30
0.0
 41
1.0
 10
534.3760238016147
 20
63.64986975920814
 30
0.0
 41
1.0
 10
534.39251545119
 20
63.66045527754216
 30
0.0
 41
1.0
 10
534.4072139999048
 20
63.67022599048986
 30
0.0
 41
1.0
 10
534.4201683457722
 20
63.67905893801982
 30
0.0
 41
1.0
 10
534.4319310673791
 20
63.68703109346306
 30
0.0
 41
1.0
 10
534.4433451845572
 20
63.69439282809274
 30
0.0
 41
1.0
 10
534.4553181171643
 20
63.70153407319634
 30
0.0
 41
1.0
 10
534.4685889244726
 20
63.70895965981823
 30
0.0
 41
1.0
 10
534.4836416416536
 20
63.71716366367508
 30
0.0
 41
1.0
 10
534.5006267539263
 20
63.72648079951638
 30
0.0
 41
1.0
 10
534.519299362893
 20
63.73696813147091
 30
0.0
 41
1.0
 10
534.5389026359478
 20
63.74822057988104
 30
0.0
 41
1.0
 10
534.5582714111258
 20
63.7594352739164
 30
0.0
 41
1.0
 10
534.5761236633119
 20
63.76968456119286
 30
0.0
 41
1.0
 10
534.5913011303274
 20
63.77813419267617
 30
0.0
 41
1.0
 10
534.6030256841684
 20
63.7842749975514
 30
0.0
 41
1.0
 10
534.6111632440629
 20
63.78817288850491
 30
0.0
 41
1.0
 10
534.6162455480716
 20
63.7903685964877
 30
0.0
 41
1.0
 10
534.6194401315115
 20
63.79173421223185
 30
0.0
 41
1.0
 10
534.6225862434699
 20
63.7933527923321
 30
0.0
 41
1.0
 10
534.6280550151996
 20
63.79636363146175
 30
0.0
 41
1.0
 10
534.6379416205109
 20
63.80167119095432
 30
0.0
 41
1.0
 10
534.6534687099493
 20
63.8097181597682
 30
0.0
 41
1.0
 10
534.6740828679513
 20
63.82013907198071
 30
0.0
 41
1.0
 10
534.6976714782508
 20
63.83188097406431
 30
0.0
 41
1.0
 10
534.7214934430549
 20
63.8436250247259
 30
0.0
 41
1.0
 10
534.742936444393
 20
63.85413640001374
 30
0.0
 41
1.0
 10
534.7602617162144
 20
63.86260466957899
 30
0.0
 41
1.0
 10
534.7735671490554
 20
63.86908742105397
 30
0.0
 41
1.0
 10
534.7844784265605
 20
63.87436092261005
 30
0.0
 41
1.0
 10
534.7952220765765
 20
63.8794830725061
 30
0.0
 41
1.0
 10
534.8079672170192
 20
63.88548175165873
 30
0.0
 41
1.0
 10
534.8238890460049
 20
63.89291266164512
 30
0.0
 41
1.0
 10
534.843055884363
 20
63.90180457414018
 30
0.0
 41
1.0
 10
534.8649222330315
 20
63.91188997198909
 30
0.0
 41
1.0
 10
534.8886591729234
 20
63.92275893129564
 30
0.0
 41
1.0
 10
534.9135303648636
 20
63.93403485951239
 30
0.0
 41
1.0
 10
534.9393032494597
 20
63.94556581575805
 30
0.0
 41
1.0
 10
534.9661653784542
 20
63.95739040362158
 30
0.0
 41
1.0
 10
534.9945367030056
 20
63.96965607868317
 30
0.0
 41
1.0
 10
535.0249149444764
 20
63.98255271658655
 30
0.0
 41
1.0
 10
535.0577149428755
 20
63.99624309801318
 30
0.0
 41
1.0
 10
535.0930917747316
 20
64.01078677444125
 30
0.0
 41
1.0
 10
535.1308294350546
 20
64.02609152359204
 30
0.0
 41
1.0
 10
535.1704575911687
 20
64.04196119057736
 30
0.0
 41
1.0
 10
535.211330675191
 20
64.05812758083619
 30
0.0
 41
1.0
 10
535.25272047876
 20
64.07428811893346
 30
0.0
 41
1.0
 10
535.2939058294216
 20
64.0901421451548
 30
0.0
 41
1.0
 10
535.3342568001673
 20
64.10542519933031
 30
0.0
 41
1.0
 10
535.3733379087067
 20
64.11995060172984
 30
0.0
 41
1.0
 10
535.4109369490105
 20
64.13362231319709
 30
0.0
 41
1.0
 10
535.4470207284736
 20
64.14641956868955
 30
0.0
 41
1.0
 10
535.4817107675066
 20
64.15838918173477
 30
0.0
 41
1.0
 10
535.5152510521309
 20
64.16963488688047
 30
0.0
 41
1.0
 10
535.5479788543782
 20
64.18030761916043
 30
0.0
 41
1.0
 10
535.5802951763412
 20
64.19059624827148
 30
0.0
 41
1.0
 10
535.6126326387173
 20
64.20071560553807
 30
0.0
 41
1.0
 10
535.6454048276718
 20
64.21087791370133
 30
0.0
 41
1.0
 10
535.6789585966394
 20
64.22126661190951
 30
0.0
 41
1.0
 10
535.7135240060411
 20
64.2320086026158
 30
0.0
 41
1.0
 10
535.7491679635312
 20
64.2431486193324
 30
0.0
 41
1.0
 10
535.7857397252388
 20
64.25461916901788
 30
0.0
 41
1.0
 10
535.8228389874374
 20
64.26622262794943
 30
0.0
 41
1.0
 10
535.8599269293649
 20
64.27769005406673
 30
0.0
 41
1.0
 10
535.8964221286122
 20
64.28873189603649
 30
0.0
 41
1.0
 10
535.9318010101709
 20
64.29909110824688
 30
0.0
 41
1.0
 10
535.965699273609
 20
64.30859685291046
 30
0.0
 41
1.0
 10
535.9980061287749
 20
64.31721419883182
 30
0.0
 41
1.0
 10
536.0289798429012
 20
64.32510563062102
 30
0.0
 41
1.0
 10
536.0591359461364
 20
64.33256674785504
 30
0.0
 41
1.0
 10
536.0891079240436
 20
64.33994681275159
 30
0.0
 41
1.0
 10
536.1195150050092
 20
64.3475730559016
 30
0.0
 41
1.0
 10
536.1508330846467
 20
64.35567709590266
 30
0.0
 41
1.0
 10
536.1832496902147
 20
64.36431161691309
 30
0.0
 41
1.0
 10
536.216569576482
 20
64.37329769095654
 30
0.0
 41
1.0
 10
536.250381973912
 20
64.38233046633705
 30
0.0
 41
1.0
 10
536.2841917537152
 20
64.39106286846936
 30
0.0
 41
1.0
 10
536.3175687416811
 20
64.39920066202475
 30
0.0
 41
1.0
 10
536.3502797551259
 20
64.40658617389608
 30
0.0
 41
1.0
 10
536.3824510641514
 20
64.41330259531056
 30
0.0
 41
1.0
 10
536.414645755374
 20
64.41971943015083
 30
0.0
 41
1.0
 10
536.4476537167048
 20
64.42632229587182
 30
0.0
 41
1.0
 10
536.4823377497787
 20
64.4335990768576
 30
0.0
 41
1.0
 10
536.5194402542893
 20
64.44186128878641
 30
0.0
 41
1.0
 10
536.5594465906611
 20
64.4511907870153
 30
0.0
 41
1.0
 10
536.6023277245516
 20
64.4610962099594
 30
0.0
 41
1.0
 10
536.6476481115474
 20
64.47107139080188
 30
0.0
 41
1.0
 10
536.6947529218495
 20
64.48082454864284
 30
0.0
 41
1.0
 10
536.7428013879348
 20
64.49015125254177
 30
0.0
 41
1.0
 10
536.7908626170459
 20
64.49895313595547
 30
0.0
 41
1.0
 10
536.8379843516442
 20
64.50719428216125
 30
0.0
 41
1.0
 10
536.8832740123356
 20
64.51488430746827
 30
0.0
 41
1.0
 10
536.9259729149389
 20
64.52205032301314
 30
0.0
 41
1.0
 10
536.9655376842285
 20
64.52871272338505
 30
0.0
 41
1.0
 10
537.0016076179739
 20
64.53488486369494
 30
0.0
 41
1.0
 10
537.0339667606839
 20
64.54057497662127
 30
0.0
 41
1.0
 10
537.0567996972339
 20
64.54474476275457
 30
0.0
 41
1.0
 10
537.0721904857931
 20
64.54765772034924
 30
0.0
 41
1.0
 10
537.0816804450679
 20
64.54950441750931
 30
0.0
 41
1.0
 10
537.0862327829659
 20
64.55040394750781
 30
0.0
 41
1.0
  0
SPLINE
  5
14B
330
70
100
AcDbEntity
  8
Untitled v10_Sketch14
100
AcDbSpline
210
0.0
220
0.0
230
1.0
 70
    12
 71
     5
 72
    86
 73
    80
 74
     0
 42
0.000000001
 43
0.0000000001
 40
0.0
 40
0.0
 40
0.0
 40
0.0
 40
0.0
 40
0.0
 40
0.0133333333333333
 40
0.0266666666666667
 40
0.04
 40
0.0533333333333333
 40
0.0666666666666667
 40
0.08
 40
0.0933333333333334
 40
0.1066666666666667
 40
0.12
 40
0.1333333333333333
 40
0.1466666666666667
 40
0.16
 40
0.1733333333333333
 40
0.1866666666666667
 40
0.2
 40
0.2133333333333333
 40
0.2266666666666667
 40
0.24
 40
0.2533333333333334
 40
0.2666666666666666
 40
0.28
 40
0.2933333333333333
 40
0.3066666666666666
 40
0.3199999999999999
 40
0.3333333333333332
 40
0.3466666666666665
 40
0.3599999999999998
 40
0.3733333333333331
 40
0.3866666666666665
 40
0.3999999999999997
 40
0.4133333333333331
 40
0.4266666666666664
 40
0.4399999999999997
 40
0.453333333333333
 40
0.4666666666666663
 40
0.4799999999999997
 40
0.493333333333333
 40
0.5066666666666663
 40
0.5199999999999996
 40
0.5333333333333329
 40
0.5466666666666662
 40
0.5599999999999996
 40
0.5733333333333328
 40
0.5866666666666661
 40
0.5999999999999995
 40
0.6133333333333328
 40
0.6266666666666661
 40
0.6399999999999994
 40
0.6533333333333326
 40
0.666666666666666
 40
0.6799999999999993
 40
0.6933333333333326
 40
0.706666666666666
 40
0.7199999999999993
 40
0.7333333333333325
 40
0.7466666666666658
 40
0.7599999999999991
 40
0.7733333333333325
 40
0.7866666666666658
 40
0.7999999999999991
 40
0.8133333333333323
 40
0.8266666666666656
 40
0.8399999999999989
 40
0.8533333333333322
 40
0.8666666666666655
 40
0.8799999999999988
 40
0.8933333333333322
 40
0.9066666666666655
 40
0.9199999999999988
 40
0.9333333333333321
 40
0.9466666666666654
 40
0.9599999999999987
 40
0.973333333333332
 40
0.9866666666666652
 40
1.0
 40
1.0
 40
1.0
 40
1.0
 40
1.0
 40
1.0
 10
537.7363024562334
 20
63.65570384450869
 30
0.0
 41
1.0
 10
537.7277964807116
 20
63.63942791761765
 30
0.0
 41
1.0
 10
537.7110242928911
 20
63.607404288174
 30
0.0
 41
1.0
 10
537.6865853030311
 20
63.56095352153324
 30
0.0
 41
1.0
 10
537.6554389642414
 20
63.50218939933292
 30
0.0
 41
1.0
 10
537.6188874520304
 20
63.4339853053968
 30
0.0
 41
1.0
 10
537.5846621334551
 20
63.37092432604357
 30
0.0
 41
1.0
 10
537.5526500093426
 20
63.31278483599618
 30
0.0
 41
1.0
 10
537.5226585014416
 20
63.25918834512314
 30
0.0
 41
1.0
 10
537.4943988652287
 20
63.20956695959914
 30
0.0
 41
1.0
 10
537.4674565188424
 20
63.16310412481676
 30
0.0
 41
1.0
 10
537.4413121571151
 20
63.11877910184371
 30
0.0
 41
1.0
 10
537.4154030146727
 20
63.07549347192441
 30
0.0
 41
1.0
 10
537.3891737635624
 20
63.03217644578687
 30
0.0
 41
1.0
 10
537.3621290584187
 20
62.98789361745782
 30
0.0
 41
1.0
 10
537.3338916166
 20
62.94196686387302
 30
0.0
 41
1.0
 10
537.3042390070688
 20
62.8940512839982
 30
0.0
 41
1.0
 10
537.2730532189401
 20
62.84403641989648
 30
0.0
 41
1.0
 10
537.2402846905442
 20
62.79197630968141
 30
0.0
 41
1.0
 10
537.2059088524434
 20
62.73800527189536
 30
0.0
 41
1.0
 10
537.1698903373255
 20
62.68226728139666
 30
0.0
 41
1.0
 10
537.1321329502653
 20
62.62482129593948
 30
0.0
 41
1.0
 10
537.0924807627729
 20
62.56563194815505
 30
0.0
 41
1.0
 10
537.0507638852716
 20
62.50463463776767
 30
0.0
 41
1.0
 10
537.0068316927913
 20
62.44177973603775
 30
0.0
 41
1.0
 10
536.9605913336906
 20
62.37708554396881
 30
0.0
 41
1.0
 10
536.9120437739492
 20
62.31068715947799
 30
0.0
 41
1.0
 10
536.8613216592268
 20
62.24288822756797
 30
0.0
 41
1.0
 10
536.8087247566251
 20
62.17420888201509
 30
0.0
 41
1.0
 10
536.7546822914296
 20
62.10532095416319
 30
0.0
 41
1.0
 10
536.6997173297697
 20
62.03698632760492
 30
0.0
 41
1.0
 10
536.6444105004906
 20
61.96999410477545
 30
0.0
 41
1.0
 10
536.5893641586324
 20
61.90509866581564
 30
0.0
 41
1.0
 10
536.5351662375067
 20
61.84295654329709
 30
0.0
 41
1.0
 10
536.4823546184665
 20
61.78406552721362
 30
0.0
 41
1.0
 10
536.4313801862437
 20
61.72869765166922
 30
0.0
 41
1.0
 10
536.3825903844578
 20
61.67693912134105
 30
0.0
 41
1.0
 10
536.336213465554
 20
61.62873767201489
 30
0.0
 41
1.0
 10
536.2923434208154
 20
61.5839460412392
 30
0.0
 41
1.0
 10
536.2509220192582
 20
61.54236918224519
 30
0.0
 41
1.0
 10
536.2117275809183
 20
61.50380450001435
 30
0.0
 41
1.0
 10
536.1743459232839
 20
61.46809867950821
 30
0.0
 41
1.0
 10
536.1382507822691
 20
61.43510326565468
 30
0.0
 41
1.0
 10
536.1029117324995
 20
61.40460543942836
 30
0.0
 41
1.0
 10
536.0678979290023
 20
61.37626122565251
 30
0.0
 41
1.0
 10
536.0329721527752
 20
61.34954067636847
 30
0.0
 41
1.0
 10
535.9982180243096
 20
61.32363485323523
 30
0.0
 41
1.0
 10
535.9640192766827
 20
61.29753134078015
 30
0.0
 41
1.0
 10
535.9309463098511
 20
61.27019393137736
 30
0.0
 41
1.0
 10
535.8996694441307
 20
61.24071467486871
 30
0.0
 41
1.0
 10
535.8708646959387
 20
61.20846883741734
 30
0.0
 41
1.0
 10
535.8451140928139
 20
61.17329093230353
 30
0.0
 41
1.0
 10
535.8228607294946
 20
61.13550847883153
 30
0.0
 41
1.0
 10
535.8043868076269
 20
61.09591674315197
 30
0.0
 41
1.0
 10
535.7897821099112
 20
61.05578120750827
 30
0.0
 41
1.0
 10
535.7789201863417
 20
61.01681152077595
 30
0.0
 41
1.0
 10
535.7714204789458
 20
60.98119569321085
 30
0.0
 41
1.0
 10
535.7667231584388
 20
60.95106428935373
 30
0.0
 41
1.0
 10
535.7641852716581
 20
60.92779072966045
 30
0.0
 41
1.0
 10
535.7631637838257
 20
60.91147706144418
 30
0.0
 41
1.0
 10
535.7631173270141
 20
60.90005128297825
 30
0.0
 41
1.0
 10
535.7636453316992
 20
60.88981286430602
 30
0.0
 41
1.0
 10
535.7644751796246
 20
60.8772474740212
 30
0.0
 41
1.0
 10
535.7654636734304
 20
60.86043493415232
 30
0.0
 41
1.0
 10
535.7665938038953
 20
60.84074925516809
 30
0.0
 41
1.0
 10
535.7679449370614
 20
60.82122120761994
 30
0.0
 41
1.0
 10
535.769660701553
 20
60.80486329086902
 30
0.0
 41
1.0
 10
535.7719177704416
 20
60.792841412335
 30
0.0
 41
1.0
 10
535.7748943436034
 20
60.78319921496962
 30
0.0
 41
1.0
 10
535.778730796602
 20
60.77280280741469
 30
0.0
 41
1.0
 10
535.7834970072085
 20
60.75870778376355
 30
0.0
 41
1.0
 10
535.789144208476
 20
60.74011870282937
 30
0.0
 41
1.0
 10
535.7955225977256
 20
60.71839994298656
 30
0.0
 41
1.0
 10
535.8024425510582
 20
60.69589260715403
 30
0.0
 41
1.0
 10
535.8097186900464
 20
60.67515564446743
 30
0.0
 41
1.0
 10
535.8172305654886
 20
60.6578714563232
 30
0.0
 41
1.0
 10
535.8233822879867
 20
60.64744615487107
 30
0.0
 41
1.0
 10
535.8280669665425
 20
60.64166576079031
 30
0.0
 41
1.0
 10
535.8312216269053
 20
60.63871720507094
 30
0.0
 41
1.0
 10
535.8328068398098
 20
60.63746922960653
 30
0.0
 41
1.0
  0
ARC
  5
14C
330
70
100
AcDbEntity
  8
Untitled v10_Sketch14
100
AcDbCircle
 10
517.7470290045992
 20
49.71812310884025
 30
0.0
 40
24.37862958253657
100
AcDbArc
 50
46.70162709093787
 51
49.3010552526092
  0
SPLINE
  5
14D
330
70
100
AcDbEntity
  8
Untitled v10_Sketch14
100
AcDbSpline
210
0.0
220
0.0
230
1.0
 70
    12
 71
     5
 72
   156
 73
   150
 74
     0
 42
0.000000001
 43
0.0000000001
 40
0.0
 40
0.0
 40
0.0
 40
0.0
 40
0.0
 40
0.0
 40
0.0068965517241379
 40
0.0137931034482759
 40
0.0206896551724138
 40
0.0275862068965517
 40
0.0344827586206897
 40
0.0413793103448276
 40
0.0482758620689655
 40
0.0551724137931035
 40
0.0620689655172414
 40
0.0689655172413793
 40
0.0758620689655173
 40
0.0827586206896552
 40
0.0896551724137931
 40
0.0965517241379311
 40
0.103448275862069
 40
0.1103448275862069
 40
0.1172413793103448
 40
0.1241379310344828
 40
0.1310344827586207
 40
0.1379310344827586
 40
0.1448275862068966
 40
0.1517241379310345
 40
0.1586206896551725
 40
0.1655172413793104
 40
0.1724137931034483
 40
0.1793103448275863
 40
0.1862068965517242
 40
0.1931034482758622
 40
0.2000000000000001
 40
0.2068965517241381
 40
0.213793103448276
 40
0.220689655172414
 40
0.2275862068965519
 40
0.2344827586206899
 40
0.2413793103448278
 40
0.2482758620689657
 40
0.2551724137931037
 40
0.2620689655172416
 40
0.2689655172413796
 40
0.2758620689655175
 40
0.2827586206896555
 40
0.2896551724137934
 40
0.2965517241379314
 40
0.3034482758620693
 40
0.3103448275862072
 40
0.3172413793103452
 40
0.3241379310344831
 40
0.3310344827586211
 40
0.337931034482759
 40
0.344827586206897
 40
0.3517241379310349
 40
0.3586206896551729
 40
0.3655172413793108
 40
0.3724137931034487
 40
0.3793103448275867
 40
0.3862068965517246
 40
0.3931034482758626
 40
0.4000000000000006
 40
0.4068965517241385
 40
0.4137931034482765
 40
0.4206896551724144
 40
0.4275862068965524
 40
0.4344827586206903
 40
0.4413793103448282
 40
0.4482758620689661
 40
0.4551724137931041
 40
0.462068965517242
 40
0.46896551724138
 40
0.4758620689655179
 40
0.4827586206896559
 40
0.4896551724137938
 40
0.4965517241379318
 40
0.5034482758620697
 40
0.5103448275862076
 40
0.5172413793103456
 40
0.5241379310344835
 40
0.5310344827586215
 40
0.5379310344827594
 40
0.5448275862068974
 40
0.5517241379310353
 40
0.5586206896551733
 40
0.5655172413793112
 40
0.5724137931034491
 40
0.579310344827587
 40
0.586206896551725
 40
0.5931034482758629
 40
0.6000000000000009
 40
0.6068965517241388
 40
0.6137931034482768
 40
0.6206896551724147
 40
0.6275862068965527
 40
0.6344827586206906
 40
0.6413793103448286
 40
0.6482758620689665
 40
0.6551724137931045
 40
0.6620689655172424
 40
0.6689655172413804
 40
0.6758620689655183
 40
0.6827586206896563
 40
0.6896551724137942
 40
0.6965517241379322
 40
0.7034482758620701
 40
0.710344827586208
 40
0.7172413793103459
 40
0.7241379310344839
 40
0.7310344827586218
 40
0.7379310344827598
 40
0.7448275862068977
 40
0.7517241379310357
 40
0.7586206896551736
 40
0.7655172413793116
 40
0.7724137931034495
 40
0.7793103448275875
 40
0.7862068965517254
 40
0.7931034482758634
 40
0.8000000000000012
 40
0.8068965517241391
 40
0.8137931034482772
 40
0.8206896551724151
 40
0.827586206896553
 40
0.8344827586206909
 40
0.841379310344829
 40
0.8482758620689669
 40
0.8551724137931048
 40
0.8620689655172427
 40
0.8689655172413807
 40
0.8758620689655186
 40
0.8827586206896565
 40
0.8896551724137944
 40
0.8965517241379325
 40
0.9034482758620704
 40
0.9103448275862083
 40
0.9172413793103462
 40
0.9241379310344843
 40
0.9310344827586222
 40
0.9379310344827601
 40
0.944827586206898
 40
0.9517241379310361
 40
0.958620689655174
 40
0.9655172413793119
 40
0.9724137931034498
 40
0.9793103448275878
 40
0.9862068965517257
 40
0.9931034482758636
 40
1.0
 40
1.0
 40
1.0
 40
1.0
 40
1.0
 40
1.0
 10
526.2209307425853
 20
30.93220368071359
 30
0.0
 41
1.0
 10
526.2173284606194
 20
30.93151503354724
 30
0.0
 41
1.0
 10
526.2099801546979
 20
30.92985861280013
 30
0.0
 41
1.0
 10
526.1985264643176
 20
30.92653659756282
 30
0.0
 41
1.0
 10
526.1823923952626
 20
30.92043238824198
 30
0.0
 41
1.0
 10
526.1608402281386
 20
30.91005857394981
 30
0.0
 41
1.0
 10
526.1380637199528
 20
30.89708692313637
 30
0.0
 41
1.0
 10
526.1143823180252
 20
30.88180849050383
 30
0.0
 41
1.0
 10
526.0903324028954
 20
30.86471234311555
 30
0.0
 41
1.0
 10
526.0667088968407
 20
30.84652401663344
 30
0.0
 41
1.0
 10
526.0443963570176
 20
30.82805792390385
 30
0.0
 41
1.0
 10
526.0242176525103
 20
30.81008541494329
 30
0.0
 41
1.0
 10
526.0067686715843
 20
30.79319023546347
 30
0.0
 41
1.0
 10
525.9922756636265
 20
30.7776446044465
 30
0.0
 41
1.0
 10
525.9803988390132
 20
30.76323615942121
 30
0.0
 41
1.0
 10
525.9704135464313
 20
30.7494431833806
 30
0.0
 41
1.0
 10
525.9614928711632
 20
30.73570693777729
 30
0.0
 41
1.0
 10
525.9529317628946
 20
30.72164247370104
 30
0.0
 41
1.0
 10
525.9444512704662
 20
30.70734150471887
 30
0.0
 41
1.0
 10
525.9362776130735
 20
30.69340791558769
 30
0.0
 41
1.0
 10
525.928826840129
 20
30.68051673108137
 30
0.0
 41
1.0
 10
525.9224883554952
 20
30.66909842803897
 30
0.0
 41
1.0
 10
525.9173450097141
 20
30.65893146712387
 30
0.0
 41
1.0
 10
525.9129906342216
 20
30.6488967762278
 30
0.0
 41
1.0
 10
525.9088227796941
 20
30.63757221072786
 30
0.0
 41
1.0
 10
525.9042675877847
 20
30.62370155665095
 30
0.0
 41
1.0
 10
525.8990571725911
 20
30.60676779824444
 30
0.0
 41
1.0
 10
525.893406863534
 20
30.5873572470656
 30
0.0
 41
1.0
 10
525.8877937105278
 20
30.56667487885283
 30
0.0
 41
1.0
 10
525.8827802828228
 20
30.54615875193777
 30
0.0
 41
1.0
 10
525.8788389827222
 20
30.52708977983068
 30
0.0
 41
1.0
 10
525.8761315500072
 20
30.51012030754448
 30
0.0
 41
1.0
 10
525.8745194002842
 20
30.4952290805217
 30
0.0
 41
1.0
 10
525.8737248927107
 20
30.48194507945171
 30
0.0
 41
1.0
 10
525.8734370019445
 20
30.46948934197886
 30
0.0
 41
1.0
 10
525.8734620913107
 20
30.45695031930967
 30
0.0
 41
1.0
 10
525.8737775275228
 20
30.44344784988509
 30
0.0
 41
1.0
 10
525.8744485363193
 20
30.42832679059874
 30
0.0
 41
1.0
 10
525.8755798212088
 20
30.41131927869415
 30
0.0
 41
1.0
 10
525.8772463092436
 20
30.39277125214179
 30
0.0
 41
1.0
 10
525.8794545997393
 20
30.37368021992394
 30
0.0
 41
1.0
 10
525.8821709103894
 20
30.35523460478542
 30
0.0
 41
1.0
 10
525.8853378505169
 20
30.33842974831939
 30
0.0
 41
1.0
 10
525.8888945099461
 20
30.32368536354923
 30
0.0
 41
1.0
 10
525.8927978959967
 20
30.31037906793166
 30
0.0
 41
1.0
 10
525.8970171747868
 20
30.29723314652093
 30
0.0
 41
1.0
 10
525.9015221833557
 20
30.28288532043286
 30
0.0
 41
1.0
 10
525.9062747074985
 20
30.26634175349381
 30
0.0
 41
1.0
 10
525.9112167903209
 20
30.2476103293967
 30
0.0
 41
1.0
 10
525.9162697159938
 20
30.22756326406572
 30
0.0
 41
1.0
 10
525.9213373215374
 20
30.20744244217987
 30
0.0
 41
1.0
 10
525.9263085477433
 20
30.18848684632728
 30
0.0
 41
1.0
 10
525.9310589466156
 20
30.17148837944408
 30
0.0
 41
1.0
 10
525.9354564658979
 20
30.15643853349532
 30
0.0
 41
1.0
 10
525.9394035554046
 20
30.14278798894804
 30
0.0
 41
1.0
 10
525.9428778249115
 20
30.12965761731937
 30
0.0
 41
1.0
 10
525.9459697129536
 20
30.11606391564621
 30
0.0
 41
1.0
 10
525.9489309605104
 20
30.10114799541968
 30
0.0
 41
1.0
 10
525.9520818864177
 20
30.0842968340431
 30
0.0
 41
1.0
 10
525.9556943208291
 20
30.0652638790223
 30
0.0
 41
1.0
 10
525.9598982127231
 20
30.04426440878868
 30
0.0
 41
1.0
 10
525.9645421825885
 20
30.02214339042208
 30
0.0
 41
1.0
 10
525.9692227097389
 20
30.00025705953289
 30
0.0
 41
1.0
 10
525.9734537118771
 20
29.9801113548121
 30
0.0
 41
1.0
 10
525.9767996937203
 20
29.9630656461815
 30
0.0
 41
1.0
 10
525.9790168598239
 20
29.95001731978483
 30
0.0
 41
1.0
 10
525.9802093301149
 20
29.94107352587361
 30
0.0
 41
1.0
 10
525.9807270541905
 20
29.93556145644687
 30
0.0
 41
1.0
 10
525.9810386513698
 20
29.93210122857693
 30
0.0
 41
1.0
 10
525.98160581046
 20
29.92860892954011
 30
0.0
 41
1.0
 10
525.9827793452309
 20
29.92247741809205
 30
0.0
 41
1.0
 10
525.984772005214
 20
29.91143457160486
 30
0.0
 41
1.0
 10
525.9876269928313
 20
29.89418078189857
 30
0.0
 41
1.0
 10
525.9911677441494
 20
29.8713553136324
 30
0.0
 41
1.0
 10
525.9950456751834
 20
29.84529276480659
 30
0.0
 41
1.0
 10
525.9988535391291
 20
29.8190076187114
 30
0.0
 41
1.0
 10
526.0022241992678
 20
29.79536591896179
 30
0.0
 41
1.0
 10
526.0049241987947
 20
29.7762717670907
 30
0.0
 41
1.0
 10
526.0069780569629
 20
29.76161426810908
 30
0.0
 41
1.0
 10
526.0086216848021
 20
29.74960742493609
 30
0.0
 41
1.0
 10
526.0101731684017
 20
29.73780677521391
 30
0.0
 41
1.0
 10
526.0119397863065
 20
29.72383173254295
 30
0.0
 41
1.0
 10
526.014086885933
 20
29.70639289586518
 30
0.0
 41
1.0
 10
526.0166207184727
 20
29.68541639727457
 30
0.0
 41
1.0
 10
526.0194554284728
 20
29.66150370455532
 30
0.0
 41
1.0
 10
526.0224573052255
 20
29.63556984005738
 30
0.0
 41
1.0
 10
526.0254957292535
 20
29.60843147744834
 30
0.0
 41
1.0
 10
526.0284980609957
 20
29.58035674616809
 30
0.0
 41
1.0
 10
526.0314430579716
 20
29.55115534474506
 30
0.0
 41
1.0
 10
526.0343411867262
 20
29.52038230961298
 30
0.0
 41
1.0
 10
526.0372192253689
 20
29.48750560482626
 30
0.0
 41
1.0
 10
526.0401037949144
 20
29.45208039209392
 30
0.0
 41
1.0
 10
526.0430036109015
 20
29.41394078245436
 30
0.0
 41
1.0
 10
526.045897713944
 20
29.37332070711227
 30
0.0
 41
1.0
 10
526.0487448904467
 20
29.33072809421754
 30
0.0
 41
1.0
 10
526.051489563672
 20
29.28685979198951
 30
0.0
 41
1.0
 10
526.0540689960395
 20
29.24250186868674
 30
0.0
 41
1.0
 10
526.0564200977131
 20
29.19843310903227
 30
0.0
 41
1.0
 10
526.0584860102757
 20
29.15533433189967
 30
0.0
 41
1.0
 10
526.0602237621819
 20
29.11367739276764
 30
0.0
 41
1.0
 10
526.0616075900356
 20
29.07369378929472
 30
0.0
 41
1.0
 10
526.0626280021871
 20
29.03542150627528
 30
0.0
 41
1.0
 10
526.0632919690745
 20
28.99873050475532
 30
0.0
 41
1.0
 10
526.0636227522887
 20
28.96335668450128
 30
0.0
 41
1.0
 10
526.0636596767872
 20
28.92893263925904
 30
0.0
 41
1.0
 10
526.0634584518648
 20
28.8950186294292
 30
0.0
 41
1.0
 10
526.0630897071047
 20
28.86113682174843
 30
0.0
 41
1.0
 10
526.062627473174
 20
28.82682829196545
 30
0.0
 41
1.0
 10
526.0621390274645
 20
28.79170647704686
 30
0.0
 41
1.0
 10
526.0616739688011
 20
28.75551336151526
 30
0.0
 41
1.0
 10
526.0612541656798
 20
28.71817148899467
 30
0.0
 41
1.0
 10
526.0608620108219
 20
28.67984508192265
 30
0.0
 41
1.0
 10
526.0604332535522
 20
28.64097592085557
 30
0.0
 41
1.0
 10
526.0598786195441
 20
28.6021595624574
 30
0.0
 41
1.0
 10
526.0591023985208
 20
28.56403844858207
 30
0.0
 41
1.0
 10
526.0580219191536
 20
28.52718996011502
 30
0.0
 41
1.0
 10
526.0565872800761
 20
28.49201335913593
 30
0.0
 41
1.0
 10
526.0547994957866
 20
28.45862480767335
 30
0.0
 41
1.0
 10
526.0527332893686
 20
28.42672846848684
 30
0.0
 41
1.0
 10
526.050510485149
 20
28.39574269797655
 30
0.0
 41
1.0
 10
526.0482674934313
 20
28.36495708760905
 30
0.0
 41
1.0
 10
526.0461241769062
 20
28.33368159637858
 30
0.0
 41
1.0
 10
526.0441537581185
 20
28.3013920465781
 30
0.0
 41
1.0
 10
526.04234839357
 20
28.26789380888593
 30
0.0
 41
1.0
 10
526.0405982467378
 20
28.23342786433709
 30
0.0
 41
1.0
 10
526.0387403211971
 20
28.19847908233074
 30
0.0
 41
1.0
 10
526.0365975326126
 20
28.1636256102737
 30
0.0
 41
1.0
 10
526.0340229776993
 20
28.12936749186914
 30
0.0
 41
1.0
 10
526.030938757833
 20
28.0959752206974
 30
0.0
 41
1.0
 10
526.0273849729653
 20
28.06330299925264
 30
0.0
 41
1.0
 10
526.0235390388377
 20
28.03070111735943
 30
0.0
 41
1.0
 10
526.019618716307
 20
27.9972682829268
 30
0.0
 41
1.0
 10
526.0158213906278
 20
27.96203315827162
 30
0.0
 41
1.0
 10
526.0122139166941
 20
27.92419341568886
 30
0.0
 41
1.0
 10
526.0087241589568
 20
27.88326215528745
 30
0.0
 41
1.0
 10
526.0048937768842
 20
27.83941882944866
 30
0.0
 41
1.0
 10
526.0003759678524
 20
27.79323407967302
 30
0.0
 41
1.0
 10
525.9950955852714
 20
27.74542085136471
 30
0.0
 41
1.0
 10
525.989118015216
 20
27.69684193459009
 30
0.0
 41
1.0
 10
525.9826373672264
 20
27.64841305790538
 30
0.0
 41
1.0
 10
525.9759137462317
 20
27.60105097092582
 30
0.0
 41
1.0
 10
525.9692321200874
 20
27.55560159549738
 30
0.0
 41
1.0
 10
525.9628527193217
 20
27.51277810535257
 30
0.0
 41
1.0
 10
525.9569628525205
 20
27.47309097876583
 30
0.0
 41
1.0
 10
525.9516866842684
 20
27.43687913698741
 30
0.0
 41
1.0
 10
525.9470987782247
 20
27.40434542185719
 30
0.0
 41
1.0
 10
525.9440087150728
 20
27.38134147398703
 30
0.0
 41
1.0
 10
525.9420230871532
 20
27.36580381083625
 30
0.0
 41
1.0
 10
525.9408468418293
 20
27.35620766242263
 30
0.0
 41
1.0
 10
525.9402955959213
 20
27.35160016174403
 30
0.0
 41
1.0
  0
ARC
  5
14E
330
70
100
AcDbEntity
  8
Untitled v10_Sketch14
100
AcDbCircle
 10
549.0000081807375
 20
50.00000074505805
 30
0.0
 40
5.764499999999973
100
AcDbArc
 50
323.1527344987683
 51
329.4465274545653
  0
SPLINE
  5
14F
330
70
100
AcDbEntity
  8
Untitled v10_Sketch14
100
AcDbSpline
210
0.0
220
0.0
230
1.0
 70
    12
 71
     5
 72
   156
 73
   150
 74
     0
 42
0.000000001
 43
0.0000000001
 40
0.0
 40
0.0
 40
0.0
 40
0.0
 40
0.0
 40
0.0
 40
0.0068965517241379
 40
0.0137931034482759
 40
0.0206896551724138
 40
0.0275862068965517
 40
0.0344827586206897
 40
0.0413793103448276
 40
0.0482758620689655
 40
0.0551724137931035
 40
0.0620689655172414
 40
0.0689655172413793
 40
0.0758620689655173
 40
0.0827586206896552
 40
0.0896551724137931
 40
0.0965517241379311
 40
0.103448275862069
 40
0.1103448275862069
 40
0.1172413793103448
 40
0.1241379310344828
 40
0.1310344827586207
 40
0.1379310344827586
 40
0.1448275862068966
 40
0.1517241379310345
 40
0.1586206896551725
 40
0.1655172413793104
 40
0.1724137931034483
 40
0.1793103448275863
 40
0.1862068965517242
 40
0.1931034482758622
 40
0.2000000000000001
 40
0.2068965517241381
 40
0.213793103448276
 40
0.220689655172414
 40
0.2275862068965519
 40
0.2344827586206899
 40
0.2413793103448278
 40
0.2482758620689657
 40
0.2551724137931037
 40
0.2620689655172416
 40
0.2689655172413796
 40
0.2758620689655175
 40
0.2827586206896555
 40
0.2896551724137934
 40
0.2965517241379314
 40
0.3034482758620693
 40
0.3103448275862072
 40
0.3172413793103452
 40
0.3241379310344831
 40
0.3310344827586211
 40
0.337931034482759
 40
0.344827586206897
 40
0.3517241379310349
 40
0.3586206896551729
 40
0.3655172413793108
 40
0.3724137931034487
 40
0.3793103448275867
 40
0.3862068965517246
 40
0.3931034482758626
 40
0.4000000000000006
 40
0.4068965517241385
 40
0.4137931034482765
 40
0.4206896551724144
 40
0.4275862068965524
 40
0.4344827586206903
 40
0.4413793103448282
 40
0.4482758620689661
 40
0.4551724137931041
 40
0.462068965517242
 40
0.46896551724138
 40
0.4758620689655179
 40
0.4827586206896559
 40
0.4896551724137938
 40
0.4965517241379318
 40
0.5034482758620697
 40
0.5103448275862076
 40
0.5172413793103456
 40
0.5241379310344835
 40
0.5310344827586215
 40
0.5379310344827594
 40
0.5448275862068974
 40
0.5517241379310353
 40
0.5586206896551733
 40
0.5655172413793112
 40
0.5724137931034491
 40
0.579310344827587
 40
0.586206896551725
 40
0.5931034482758629
 40
0.6000000000000009
 40
0.6068965517241388
 40
0.6137931034482768
 40
0.6206896551724147
 40
0.6275862068965527
 40
0.6344827586206906
 40
0.6413793103448286
 40
0.6482758620689665
 40
0.6551724137931045
 40
0.6620689655172424
 40
0.6689655172413804
 40
0.6758620689655183
 40
0.6827586206896563
 40
0.6896551724137942
 40
0.6965517241379322
 40
0.7034482758620701
 40
0.710344827586208
 40
0.7172413793103459
 40
0.7241379310344839
 40
0.7310344827586218
 40
0.7379310344827598
 40
0.7448275862068977
 40
0.7517241379310357
 40
0.7586206896551736
 40
0.7655172413793116
 40
0.7724137931034495
 40
0.7793103448275875
 40
0.7862068965517254
 40
0.7931034482758634
 40
0.8000000000000012
 40
0.8068965517241391
 40
0.8137931034482772
 40
0.8206896551724151
 40
0.827586206896553
 40
0.8344827586206909
 40
0.841379310344829
 40
0.8482758620689669
 40
0.8551724137931048
 40
0.8620689655172427
 40
0.8689655172413807
 40
0.8758620689655186
 40
0.8827586206896565
 40
0.8896551724137944
 40
0.8965517241379325
 40
0.9034482758620704
 40
0.9103448275862083
 40
0.9172413793103462
 40
0.9241379310344843
 40
0.9310344827586222
 40
0.9379310344827601
 40
0.944827586206898
 40
0.9517241379310361
 40
0.958620689655174
 40
0.9655172413793119
 40
0.9724137931034498
 40
0.9793103448275878
 40
0.9862068965517257
 40
0.9931034482758636
 40
1.0
 40
1.0
 40
1.0
 40
1.0
 40
1.0
 40
1.0
 10
530.4027428588383
 20
66.65342745838344
 30
0.0
 41
1.0
 10
530.4051403857616
 20
66.65065211427268
 30
0.0
 41
1.0
 10
530.4102490411687
 20
66.6451165050433
 30
0.0
 41
1.0
 10
530.4188528359461
 20
66.63685832582565
 30
0.0
 41
1.0
 10
530.4322062708156
 20
66.62593791681786
 30
0.0
 41
1.0
 10
530.4519663410885
 20
66.61246009972813
 30
0.0
 41
1.0
 10
530.474588374315
 20
66.59922089043647
 30
0.0
 41
1.0
 10
530.4996605860686
 20
66.58635141108611
 30
0.0
 41
1.0
 10
530.5264912415786
 20
66.574071647319
 30
0.0
 41
1.0
 10
530.5540545473918
 20
66.5627072541902
 30
0.0
 41
1.0
 10
530.5812029227158
 20
66.55261707424529
 30
0.0
 41
1.0
 10
530.606856924299
 20
66.54412805800681
 30
0.0
 41
1.0
 10
530.630213069393
 20
66.53746438699457
 30
0.0
 41
1.0
 10
530.6509224847505
 20
66.5326858894344
 30
0.0
 41
1.0
 10
530.6693389764781
 20
66.52960448011562
 30
0.0
 41
1.0
 10
530.6862766904139
 20
66.52785345109585
 30
0.0
 41
1.0
 10
530.7026329656933
 20
66.52699604249626
 30
0.0
 41
1.0
 10
530.7190937030082
 20
66.52661413728935
 30
0.0
 41
1.0
 10
530.7357189516595
 20
66.52642029990076
 30
0.0
 41
1.0
 10
530.7518726225094
 20
66.52630849952252
 30
0.0
 41
1.0
 10
530.7667621022489
 20
66.52630153312784
 30
0.0
 41
1.0
 10
530.7798198850687
 20
66.5265213959347
 30
0.0
 41
1.0
 10
530.791196404391
 20
66.52715060828548
 30
0.0
 41
1.0
 10
530.8020638893724
 20
66.52839695393929
 30
0.0
 41
1.0
 10
530.8139551780461
 20
66.53044976878909
 30
0.0
 41
1.0
 10
530.8282451127984
 20
66.533440183915
 30
0.0
 41
1.0
 10
530.8455153853567
 20
66.53739471119635
 30
0.0
 41
1.0
 10
530.8651505703076
 20
66.54220667560302
 30
0.0
 41
1.0
 10
530.8858686030934
 20
66.54768672661077
 30
0.0
 41
1.0
 10
530.9061428040417
 20
66.55360303431564
 30
0.0
 41
1.0
 10
530.9246276683607
 20
66.5597242543582
 30
0.0
 41
1.0
 10
530.9406773788068
 20
66.5658642849911
 30
0.0
 41
1.0
 10
530.9543796345635
 20
66.57191373588766
 30
0.0
 41
1.0
 10
530.9662811707409
 20
66.57786767268056
 30
0.0
 41
1.0
 10
530.9772121011983
 20
66.58384622069995
 30
0.0
 41
1.0
 10
530.9880586686854
 20
66.59013746006287
 30
0.0
 41
1.0
 10
530.9995944321149
 20
66.59716187054812
 30
0.0
 41
1.0
 10
531.0123541491907
 20
66.60530351085526
 30
0.0
 41
1.0
 10
531.0265174441106
 20
66.6147869882608
 30
0.0
 41
1.0
 10
531.0417472622775
 20
66.6255042225103
 30
0.0
 41
1.0
 10
531.0571764359147
 20
66.63696217428743
 30
0.0
 41
1.0
 10
531.0717926518881
 20
66.6485373758843
 30
0.0
 41
1.0
 10
531.0847626144309
 20
66.65968245471994
 30
0.0
 41
1.0
 10
531.0957532964905
 20
66.67013480452325
 30
0.0
 41
1.0
 10
531.1053251935001
 20
66.68016838381269
 30
0.0
 41
1.0
 10
531.1146002560029
 20
66.69039534713604
 30
0.0
 41
1.0
 10
531.1247733335999
 20
66.70147071204482
 30
0.0
 41
1.0
 10
531.136724220767
 20
66.71385830215413
 30
0.0
 41
1.0
 10
531.1504750684729
 20
66.72750398347453
 30
0.0
 41
1.0
 10
531.1653098734844
 20
66.7419034781362
 30
0.0
 41
1.0
 10
531.1802012136109
 20
66.75635256421621
 30
0.0
 41
1.0
 10
531.19413162806
 20
66.77013557032481
 30
0.0
 41
1.0
 10
531.2064775327701
 20
66.7827487698679
 30
0.0
 41
1.0
 10
531.2173123220436
 20
66.79408205625442
 30
0.0
 41
1.0
 10
531.2271604956436
 20
66.80432560831185
 30
0.0
 41
1.0
 10
531.2367945962818
 20
66.8138995997787
 30
0.0
 41
1.0
 10
531.2470211432412
 20
66.82337410420544
 30
0.0
 41
1.0
 10
531.2584580852997
 20
66.83339657992974
 30
0.0
 41
1.0
 10
531.2714761561815
 20
66.84455094249919
 30
0.0
 41
1.0
 10
531.2861529615329
 20
66.85719587997944
 30
0.0
 41
1.0
 10
531.3022370902742
 20
66.87133629227119
 30
0.0
 41
1.0
 10
531.3190724692047
 20
66.8864185973323
 30
0.0
 41
1.0
 10
531.3356863241751
 20
66.90141521819228
 30
0.0
 41
1.0
 10
531.3510175151714
 20
66.91515222588783
 30
0.0
 41
1.0
 10
531.3641065409493
 20
66.9265727854799
 30
0.0
 41
1.0
 10
531.3742981400339
 20
66.93501707084834
 30
0.0
 41
1.0
 10
531.3814474576218
 20
66.9405216773692
 30
0.0
 41
1.0
 10
531.3859621877348
 20
66.94372607428419
 30
0.0
 41
1.0
 10
531.3888030343836
 20
66.94572603929223
 30
0.0
 41
1.0
 10
531.3915438745219
 20
66.9479633629907
 30
0.0
 41
1.0
 10
531.3962671518141
 20
66.95204542963857
 30
0.0
 41
1.0
 10
531.4048342074106
 20
66.95929254704871
 30
0.0
 41
1.0
 10
531.4183489337993
 20
66.97039193370585
 30
0.0
 41
1.0
 10
531.4363459935118
 20
66.98487104842897
 30
0.0
 41
1.0
 10
531.4569778573654
 20
67.00126070963143
 30
0.0
 41
1.0
 10
531.4778375296532
 20
67.01770098959002
 30
0.0
 41
1.0
 10
531.4966265121555
 20
67.03244091677255
 30
0.0
 41
1.0
 10
531.5118125329762
 20
67.04432626088852
 30
0.0
 41
1.0
 10
531.5234793703662
 20
67.05343370372894
 30
0.0
 41
1.0
 10
531.5330557876536
 20
67.0608605487785
 30
0.0
 41
1.0
 10
531.5424997082943
 20
67.06810449785038
 30
0.0
 41
1.0
 10
531.5537191413141
 20
67.07662195517016
 30
0.0
 41
1.0
 10
531.5677480670761
 20
67.08720081632996
 30
0.0
 41
1.0
 10
531.5846473314682
 20
67.09988342897368
 30
0.0
 41
1.0
 10
531.603938975836
 20
67.11429470620579
 30
0.0
 41
1.0
 10
531.6248974229331
 20
67.12986133998164
 30
0.0
 41
1.0
 10
531.6468807223556
 20
67.14606187368183
 30
0.0
 41
1.0
 10
531.6696929869777
 20
67.16269933488135
 30
0.0
 41
1.0
 10
531.6935096439482
 20
67.17985047778789
 30
0.0
 41
1.0
 10
531.7187108097469
 20
67.19774684847898
 30
0.0
 41
1.0
 10
531.7457438519635
 20
67.21667765544992
 30
0.0
 41
1.0
 10
531.7749807013513
 20
67.23688837232153
 30
0.0
 41
1.0
 10
531.8065606641961
 20
67.2584694914525
 30
0.0
 41
1.0
 10
531.8402916298248
 20
67.28128589587946
 30
0.0
 41
1.0
 10
531.8757543263537
 20
67.30504792950725
 30
0.0
 41
1.0
 10
531.9123730538915
 20
67.32935903735942
 30
0.0
 41
1.0
 10
531.9494984261471
 20
67.3537718529684
 30
0.0
 41
1.0
 10
531.9864875406843
 20
67.37784234657191
 30
0.0
 41
1.0
 10
532.0227792202719
 20
67.40118086789948
 30
0.0
 41
1.0
 10
532.0579863118509
 20
67.42351427476165
 30
0.0
 41
1.0
 10
532.0919212142666
 20
67.44470450657395
 30
0.0
 41
1.0
 10
532.1245557775466
 20
67.46472435092911
 30
0.0
 41
1.0
 10
532.1559991335093
 20
67.48364486388091
 30
0.0
 41
1.0
 10
532.1864683688711
 20
67.50161824067454
 30
0.0
 41
1.0
 10
532.2162620043027
 20
67.51886224084941
 30
0.0
 41
1.0
 10
532.2457330108208
 20
67.53564497986957
 30
0.0
 41
1.0
 10
532.2752598893784
 20
67.5522665413802
 30
0.0
 41
1.0
 10
532.3052030647024
 20
67.56902049994529
 30
0.0
 41
1.0
 10
532.3358636715036
 20
67.58615840101185
 30
0.0
 41
1.0
 10
532.3674403583279
 20
67.60385220616079
 30
0.0
 41
1.0
 10
532.3999892701163
 20
67.62215958225354
 30
0.0
 41
1.0
 10
532.4333769897053
 20
67.64098316972024
 30
0.0
 41
1.0
 10
532.4672530492481
 20
67.6600464355662
 30
0.0
 41
1.0
 10
532.5011463187073
 20
67.67897428762445
 30
0.0
 41
1.0
 10
532.5345482822556
 20
67.69736261743709
 30
0.0
 41
1.0
 10
532.5670002490427
 20
67.71485113909029
 30
0.0
 41
1.0
 10
532.5981813986483
 20
67.73119700569338
 30
0.0
 41
1.0
 10
532.6279906245551
 20
67.74634301481356
 30
0.0
 41
1.0
 10
532.6566467677873
 20
67.76050179715944
 30
0.0
 41
1.0
 10
532.6845926343148
 20
67.77406967749278
 30
0.0
 41
1.0
 10
532.7123752508229
 20
67.7875199948685
 30
0.0
 41
1.0
 10
532.7405322790069
 20
67.80130157392463
 30
0.0
 41
1.0
 10
532.7694810588049
 20
67.81573991609846
 30
0.0
 41
1.0
 10
532.7993940659024
 20
67.83092554338253
 30
0.0
 41
1.0
 10
532.8301175228632
 20
67.84664284403987
 30
0.0
 41
1.0
 10
532.8613130186824
 20
67.86250822432648
 30
0.0
 41
1.0
 10
532.8925684051861
 20
67.87807925100601
 30
0.0
 41
1.0
 10
532.9235240834671
 20
67.89297868024995
 30
0.0
 41
1.0
 10
532.9539847485249
 20
67.90700380308066
 30
0.0
 41
1.0
 10
532.984056614728
 20
67.92026224582805
 30
0.0
 41
1.0
 10
533.0142136397226
 20
67.93323251011884
 30
0.0
 41
1.0
 10
533.0451274849271
 20
67.94655382843252
 30
0.0
 41
1.0
 10
533.0775406608235
 20
67.96088281025554
 30
0.0
 41
1.0
 10
533.1121145761398
 20
67.97667851747682
 30
0.0
 41
1.0
 10
533.1493069663249
 20
67.99412192882407
 30
0.0
 41
1.0
 10
533.189191591324
 20
68.0127263835623
 30
0.0
 41
1.0
 10
533.231447662413
 20
68.03190622105915
 30
0.0
 41
1.0
 10
533.2754953240554
 20
68.05123988975651
 30
0.0
 41
1.0
 10
533.3205546850983
 20
68.07035262062285
 30
0.0
 41
1.0
 10
533.3657356465788
 20
68.08895465317327
 30
0.0
 41
1.0
 10
533.4101142275767
 20
68.10681287007625
 30
0.0
 41
1.0
 10
533.452815354356
 20
68.1237510998109
 30
0.0
 41
1.0
 10
533.4930912850829
 20
68.13963812175927
 30
0.0
 41
1.0
 10
533.5304062783109
 20
68.15438091077794
 30
0.0
 41
1.0
 10
533.5644047373349
 20
68.1679175359261
 30
0.0
 41
1.0
 10
533.5948737141391
 20
68.18021115030724
 30
0.0
 41
1.0
 10
533.6163407489578
 20
68.18903705105348
 30
0.0
 41
1.0
 10
533.6307895739216
 20
68.19508627840811
 30
0.0
 41
1.0
 10
533.6396882048883
 20
68.19886569428319
 30
0.0
 41
1.0
 10
533.6439540404779
 20
68.20069205166248
 30
0.0
 41
1.0
  0
SPLINE
  5
150
330
70
100
AcDbEntity
  8
Untitled v10_Sketch14
100
AcDbSpline
210
0.0
220
0.0
230
1.0
 70
    12
 71
     5
 72
    86
 73
    80
 74
     0
 42
0.000000001
 43
0.0000000001
 40
0.0
 40
0.0
 40
0.0
 40
0.0
 40
0.0
 40
0.0
 40
0.0133333333333333
 40
0.0266666666666667
 40
0.04
 40
0.0533333333333333
 40
0.0666666666666667
 40
0.08
 40
0.0933333333333334
 40
0.1066666666666667
 40
0.12
 40
0.1333333333333333
 40
0.1466666666666667
 40
0.16
 40
0.1733333333333333
 40
0.1866666666666667
 40
0.2
 40
0.2133333333333333
 40
0.2266666666666667
 40
0.24
 40
0.2533333333333334
 40
0.2666666666666666
 40
0.28
 40
0.2933333333333333
 40
0.3066666666666666
 40
0.3199999999999999
 40
0.3333333333333332
 40
0.3466666666666665
 40
0.3599999999999998
 40
0.3733333333333331
 40
0.3866666666666665
 40
0.3999999999999997
 40
0.4133333333333331
 40
0.4266666666666664
 40
0.4399999999999997
 40
0.453333333333333
 40
0.4666666666666663
 40
0.4799999999999997
 40
0.493333333333333
 40
0.5066666666666663
 40
0.5199999999999996
 40
0.5333333333333329
 40
0.5466666666666662
 40
0.5599999999999996
 40
0.5733333333333328
 40
0.5866666666666661
 40
0.5999999999999995
 40
0.6133333333333328
 40
0.6266666666666661
 40
0.6399999999999994
 40
0.6533333333333326
 40
0.666666666666666
 40
0.6799999999999993
 40
0.6933333333333326
 40
0.706666666666666
 40
0.7199999999999993
 40
0.7333333333333325
 40
0.7466666666666658
 40
0.7599999999999991
 40
0.7733333333333325
 40
0.7866666666666658
 40
0.7999999999999991
 40
0.8133333333333323
 40
0.8266666666666656
 40
0.8399999999999989
 40
0.8533333333333322
 40
0.8666666666666655
 40
0.8799999999999988
 40
0.8933333333333322
 40
0.9066666666666655
 40
0.9199999999999988
 40
0.9333333333333321
 40
0.9466666666666654
 40
0.9599999999999987
 40
0.973333333333332
 40
0.9866666666666652
 40
1.0
 40
1.0
 40
1.0
 40
1.0
 40
1.0
 40
1.0
 10
534.4658367428839
 20
67.46070037745603
 30
0.0
 41
1.0
 10
534.4609005988148
 20
67.44301162686504
 30
0.0
 41
1.0
 10
534.4511530104829
 20
67.40820065662944
 30
0.0
 41
1.0
 10
534.4369057286191
 20
67.35768379898402
 30
0.0
 41
1.0
 10
534.4186577600664
 20
67.29372812588387
 30
0.0
 41
1.0
 10
534.397085414585
 20
67.21941496833437
 30
0.0
 41
1.0
 10
534.3767191161781
 20
67.15061617882632
 30
0.0
 41
1.0
 10
534.357494413462
 20
67.08709148127759
 30
0.0
 41
1.0
 10
534.3393016290056
 20
67.02843061720457
 30
0.0
 41
1.0
 10
534.3219763998115
 20
66.97401806926222
 30
0.0
 41
1.0
 10
534.3052829748755
 20
66.92296893010485
 30
0.0
 41
1.0
 10
534.2889256206508
 20
66.87417679677921
 30
0.0
 41
1.0
 10
534.2725822436384
 20
66.82645024811442
 30
0.0
 41
1.0
 10
534.2559322807412
 20
66.77862643497988
 30
0.0
 41
1.0
 10
534.2386854850047
 20
66.72968838232215
 30
0.0
 41
1.0
 10
534.2206138080301
 20
66.67889434422065
 30
0.0
 41
1.0
 10
534.2015713883902
 20
66.62586071054356
 30
0.0
 41
1.0
 10
534.1814657595165
 20
66.57045490128211
 30
0.0
 41
1.0
 10
534.1602372076254
 20
66.51271946923692
 30
0.0
 41
1.0
 10
534.1378337737849
 20
66.45278068949458
 30
0.0
 41
1.0
 10
534.1141909294881
 20
66.39077203743966
 30
0.0
 41
1.0
 10
534.0892023238922
 20
66.32673118240838
 30
0.0
 41
1.0
 10
534.062722789209
 20
66.26059111053784
 30
0.0
 41
1.0
 10
534.0345995795089
 20
66.19225331119423
 30
0.0
 41
1.0
 10
534.0046956797341
 20
66.12163792345292
 30
0.0
 41
1.0
 10
533.9729164622818
 20
66.04874354345461
 30
0.0
 41
1.0
 10
533.9392347835863
 20
65.97370251774137
 30
0.0
 41
1.0
 10
533.9037172593354
 20
65.89683943452747
 30
0.0
 41
1.0
 10
533.8665489641077
 20
65.8187253865033
 30
0.0
 41
1.0
 10
533.8280100619956
 20
65.74010676484064
 30
0.0
 41
1.0
 10
533.788453784373
 20
65.66183755571124
 30
0.0
 41
1.0
 10
533.7482840083294
 20
65.58481033729357
 30
0.0
 41
1.0
 10
533.7079330815521
 20
65.50988824136737
 30
0.0
 41
1.0
 10
533.6678395888021
 20
65.43783569190132
 30
0.0
 41
1.0
 10
533.6284261610749
 20
65.36925143280505
 30
0.0
 41
1.0
 10
533.5900772711188
 20
65.30449529779154
 30
0.0
 41
1.0
 10
533.5531148471163
 20
65.24372384534963
 30
0.0
 41
1.0
 10
533.5177730199906
 20
65.18693340971516
 30
0.0
 41
1.0
 10
533.4841743446744
 20
65.13399948836109
 30
0.0
 41
1.0
 10
533.4523024151746
 20
65.08471918985627
 30
0.0
 41
1.0
 10
533.4219825176388
 20
65.03884825651319
 30
0.0
 41
1.0
 10
533.3928413964256
 20
64.99615061020854
 30
0.0
 41
1.0
 10
533.3643951531274
 20
64.95637162351378
 30
0.0
 41
1.0
 10
533.336169201
 20
64.9191928463734
 30
0.0
 41
1.0
 10
533.3078136265278
 20
64.88418824258687
 30
0.0
 41
1.0
 10
533.2792065768886
 20
64.85079012422581
 30
0.0
 41
1.0
 10
533.2505980330041
 20
64.81822461587086
 30
0.0
 41
1.0
 10
533.2225738354757
 20
64.78558120834925
 30
0.0
 41
1.0
 10
533.1959073593317
 20
64.75196493047747
 30
0.0
 41
1.0
 10
533.1714430502334
 20
64.71662704041662
 30
0.0
 41
1.0
 10
533.1499720414861
 20
64.67909700797967
 30
0.0
 41
1.0
 10
533.1320980485537
 20
64.63933397305844
 30
0.0
 41
1.0
 10
533.1181863883992
 20
64.59775042245098
 30
0.0
 41
1.0
 10
533.108347750756
 20
64.55518291685557
 30
0.0
 41
1.0
 10
533.1024068478034
 20
64.51288795156557
 30
0.0
 41
1.0
 10
533.0998845367836
 20
64.4725115250921
 30
0.0
 41
1.0
 10
533.099953662917
 20
64.43611471196582
 30
0.0
 41
1.0
 10
533.1016236612558
 20
64.40566512372726
 30
0.0
 41
1.0
 10
533.1039800785377
 20
64.38237249082121
 30
0.0
 41
1.0
 10
533.1063727150073
 20
64.36620293613387
 30
0.0
 41
1.0
 10
533.1087028263084
 20
64.35501717942663
 30
0.0
 41
1.0
 10
533.1113479797616
 20
64.34511227311396
 30
0.0
 41
1.0
 10
533.1147721850588
 20
64.3329940018399
 30
0.0
 41
1.0
 10
533.1192346014945
 20
64.31675437572337
 30
0.0
 41
1.0
 10
533.1244329186997
 20
64.29773384339192
 30
0.0
 41
1.0
 10
533.1298146357486
 20
64.2789134469168
 30
0.0
 41
1.0
 10
533.1348939087993
 20
64.2632697173903
 30
0.0
 41
1.0
 10
533.1396011444102
 20
64.25197981675495
 30
0.0
 41
1.0
 10
533.1445173978643
 20
64.243167188895
 30
0.0
 41
1.0
 10
533.1504315498334
 20
64.23379561121869
 30
0.0
 41
1.0
 10
533.1580241275021
 20
64.22099954855802
 30
0.0
 41
1.0
 10
533.1674128111207
 20
64.20399080280624
 30
0.0
 41
1.0
 10
533.178167401343
 20
64.18407279166871
 30
0.0
 41
1.0
 10
533.1896156753412
 20
64.16349603432301
 30
0.0
 41
1.0
 10
533.2010442702097
 20
64.14472501838424
 30
0.0
 41
1.0
 10
533.2119855779319
 20
64.12938033794468
 30
0.0
 41
1.0
 10
533.2201704125861
 20
64.12046186936841
 30
0.0
 41
1.0
 10
533.2259545311827
 20
64.11578179020651
 30
0.0
 41
1.0
 10
533.2296532938527
 20
64.11355355827403
 30
0.0
 41
1.0
 10
533.2314633347409
 20
64.11266243836294
 30
0.0
 41
1.0
  0
ARC
  5
151
330
70
100
AcDbEntity
  8
Untitled v10_Sketch14
100
AcDbCircle
 10
517.8111628524174
 20
49.6716855792803
 30
0.0
 40
24.37862958253657
100
AcDbArc
 50
58.70162709093774
 51
61.30105525260919
  0
SPLINE
  5
152
330
70
100
AcDbEntity
  8
Untitled v10_Sketch14
100
AcDbSpline
210
0.0
220
0.0
230
1.0
 70
    12
 71
     5
 72
    86
 73
    80
 74
     0
 42
0.000000001
 43
0.0000000001
 40
0.0
 40
0.0
 40
0.0
 40
0.0
 40
0.0
 40
0.0
 40
0.0133333333333333
 40
0.0266666666666667
 40
0.04
 40
0.0533333333333333
 40
0.0666666666666667
 40
0.08
 40
0.0933333333333334
 40
0.1066666666666667
 40
0.12
 40
0.1333333333333333
 40
0.1466666666666667
 40
0.16
 40
0.1733333333333333
 40
0.1866666666666667
 40
0.2
 40
0.2133333333333333
 40
0.2266666666666667
 40
0.24
 40
0.2533333333333334
 40
0.2666666666666666
 40
0.28
 40
0.2933333333333333
 40
0.3066666666666666
 40
0.3199999999999999
 40
0.3333333333333332
 40
0.3466666666666665
 40
0.3599999999999998
 40
0.3733333333333331
 40
0.3866666666666665
 40
0.3999999999999997
 40
0.4133333333333331
 40
0.4266666666666664
 40
0.4399999999999997
 40
0.453333333333333
 40
0.4666666666666663
 40
0.4799999999999997
 40
0.493333333333333
 40
0.5066666666666663
 40
0.5199999999999996
 40
0.5333333333333329
 40
0.5466666666666662
 40
0.5599999999999996
 40
0.5733333333333328
 40
0.5866666666666661
 40
0.5999999999999995
 40
0.6133333333333328
 40
0.6266666666666661
 40
0.6399999999999994
 40
0.6533333333333326
 40
0.666666666666666
 40
0.6799999999999993
 40
0.6933333333333326
 40
0.706666666666666
 40
0.7199999999999993
 40
0.7333333333333325
 40
0.7466666666666658
 40
0.7599999999999991
 40
0.7733333333333325
 40
0.7866666666666658
 40
0.7999999999999991
 40
0.8133333333333323
 40
0.8266666666666656
 40
0.8399999999999989
 40
0.8533333333333322
 40
0.8666666666666655
 40
0.8799999999999988
 40
0.8933333333333322
 40
0.9066666666666655
 40
0.9199999999999988
 40
0.9333333333333321
 40
0.9466666666666654
 40
0.9599999999999987
 40
0.973333333333332
 40
0.9866666666666652
 40
1.0
 40
1.0
 40
1.0
 40
1.0
 40
1.0
 40
1.0
 10
541.3543316803488
 20
44.47052433203069
 30
0.0
 41
1.0
 10
541.3365447009413
 20
44.46595478289573
 30
0.0
 41
1.0
 10
541.3015237222209
 20
44.4569909568991
 30
0.0
 41
1.0
 10
541.2506511992488
 20
44.44407103610522
 30
0.0
 41
1.0
 10
541.1861399773515
 20
44.42789640388923
 30
0.0
 41
1.0
 10
541.1109967223374
 20
44.40942202432061
 30
0.0
 41
1.0
 10
541.0412320736704
 20
44.39266036136793
 30
0.0
 41
1.0
 10
540.9766057204676
 20
44.37754709352596
 30
0.0
 41
1.0
 10
540.9167075297441
 20
44.36397207499425
 30
0.0
 41
1.0
 10
540.8609222663443
 20
44.35176988963164
 30
0.0
 41
1.0
 10
540.8083657025247
 20
44.34070225012369
 30
0.0
 41
1.0
 10
540.7579317984475
 20
44.33047206775803
 30
0.0
 41
1.0
 10
540.7084277063627
 20
44.32076257310207
 30
0.0
 41
1.0
 10
540.6586860878337
 20
44.31126995737585
 30
0.0
 41
1.0
 10
540.6076810931521
 20
44.30173709428878
 30
0.0
 41
1.0
 10
540.5546563273081
 20
44.29199060658682
 30
0.0
 41
1.0
 10
540.4992066434687
 20
44.28196500890614
 30
0.0
 41
1.0
 10
540.4411709906944
 20
44.2716740896391
 30
0.0
 41
1.0
 10
540.3805563638992
 20
44.26119083883968
 30
0.0
 41
1.0
 10
540.3174461410502
 20
44.25062339180627
 30
0.0
 41
1.0
 10
540.2519236509679
 20
44.24009436955763
 30
0.0
 41
1.0
 10
540.1839683408327
 20
44.22971470929319
 30
0.0
 41
1.0
 10
540.1134495910431
 20
44.21957662307406
 30
0.0
 41
1.0
 10
540.0402057159227
 20
44.2097631374385
 30
0.0
 41
1.0
 10
539.9640990463533
 20
44.20035298044496
 30
0.0
 41
1.0
 10
539.8850810527555
 20
44.19142740007188
 30
0.0
 41
1.0
 10
539.803252778814
 20
44.18307607660764
 30
0.0
 41
1.0
 10
539.7189286340121
 20
44.1754036132815
 30
0.0
 41
1.0
 10
539.6326957364171
 20
44.1685352771519
 30
0.0
 41
1.0
 10
539.5453405617906
 20
44.16260163458368
 30
0.0
 41
1.0
 10
539.457779299539
 20
44.15772377131951
 30
0.0
 41
1.0
 10
539.3709868835847
 20
44.15399820862873
 30
0.0
 41
1.0
 10
539.2859269818191
 20
44.15148208832086
 30
0.0
 41
1.0
 10
539.2034808971991
 20
44.1501777968358
 30
0.0
 41
1.0
 10
539.1243784726584
 20
44.15001869694954
 30
0.0
 41
1.0
 10
539.0491235697078
 20
44.15085174235187
 30
0.0
 41
1.0
 10
538.978012736067
 20
44.15247641430241
 30
0.0
 41
1.0
 10
538.9111598625525
 20
44.15468811659231
 30
0.0
 41
1.0
 10
538.84851840428
 20
44.15731846227252
 30
0.0
 41
1.0
 10
538.7899044491189
 20
44.16028021363459
 30
0.0
 41
1.0
 10
538.7350191067805
 20
44.16360254846921
 30
0.0
 41
1.0
 10
538.6834712997925
 20
44.16749067658223
 30
0.0
 41
1.0
 10
538.6347985651288
 20
44.17223635257336
 30
0.0
 41
1.0
 10
538.5884878235798
 20
44.17809135559153
 30
0.0
 41
1.0
 10
538.5439951602152
 20
44.18514570153007
 30
0.0
 41
1.0
 10
538.5007680164563
 20
44.19322107406436
 30
0.0
 41
1.0
 10
538.4582611869916
 20
44.20171404565614
 30
0.0
 41
1.0
 10
538.4159790680475
 20
44.20966200887576
 30
0.0
 41
1.0
 10
538.3735332793578
 20
44.21594771570987
 30
0.0
 41
1.0
 10
538.3306976143
 20
44.21946548384454
 30
0.0
 41
1.0
 10
538.287460148431
 20
44.21929490664624
 30
0.0
 41
1.0
 10
538.2440873535915
 20
44.21489272113213
 30
0.0
 41
1.0
 10
538.2011191123086
 20
44.2061487969309
 30
0.0
 41
1.0
 10
538.1593352522656
 20
44.19338555427096
 30
0.0
 41
1.0
 10
538.119736286396
 20
44.17738304450431
 30
0.0
 41
1.0
 10
538.0835081198461
 20
44.15937921668692
 30
0.0
 41
1.0
 10
538.0520221181286
 20
44.14112094513619
 30
0.0
 41
1.0
 10
538.0264870003486
 20
44.1244498900312
 30
0.0
 41
1.0
 10
538.0074931971718
 20
44.11076285635019
 30
0.0
 41
1.0
 10
537.9946862702796
 20
44.10060599504177
 30
0.0
 41
1.0
 10
537.9861641764612
 20
44.09299518110778
 30
0.0
 41
1.0
 10
537.9789088526989
 20
44.08575195786404
 30
0.0
 41
1.0
 10
537.9701262245742
 20
44.07672737345187
 30
0.0
 41
1.0
 10
537.9582935040271
 20
44.06474299439807
 30
0.0
 41
1.0
 10
537.9444203984372
 20
44.05073085347567
 30
0.0
 41
1.0
 10
537.9308123155048
 20
44.03665995155783
 30
0.0
 41
1.0
 10
537.9198040848503
 20
44.02443930729994
 30
0.0
 41
1.0
 10
537.9123803618994
 20
44.01471777136151
 30
0.0
 41
1.0
 10
537.9072065290256
 20
44.00605385704899
 30
0.0
 41
1.0
 10
537.9020475806689
 20
43.99624626236366
 30
0.0
 41
1.0
 10
537.8947621541708
 20
43.983272865892
 30
0.0
 41
1.0
 10
537.8847264900725
 20
43.96663765449446
 30
0.0
 41
1.0
 10
537.8728542815458
 20
43.94736490058576
 30
0.0
 41
1.0
 10
537.8607584239558
 20
43.92716202580096
 30
0.0
 41
1.0
 10
537.8502165447323
 20
43.90787906434596
 30
0.0
 41
1.0
 10
537.8423983155198
 20
43.8907312736881
 30
0.0
 41
1.0
 10
537.838767112497
 20
43.87918376466359
 30
0.0
 41
1.0
 10
537.8376061043493
 20
43.87183453143961
 30
0.0
 41
1.0
 10
537.8375257802254
 20
43.86751719303845
 30
0.0
 41
1.0
 10
537.8376590681885
 20
43.86550409169196
 30
0.0
 41
1.0
  0
ARC
  5
153
330
70
100
AcDbEntity
  8
Untitled v10_Sketch14
100
AcDbCircle
 10
548.9977490905188
 20
50.10256142348016
 30
0.0
 40
8.897470038103255
100
AcDbArc
 50
89.17020878380593
 51
94.84839679706741
  0
SPLINE
  5
154
330
70
100
AcDbEntity
  8
Untitled v10_Sketch14
100
AcDbSpline
210
0.0
220
0.0
230
1.0
 70
    12
 71
     5
 72
   236
 73
   230
 74
     0
 42
0.000000001
 43
0.0000000001
 40
0.0
 40
0.0
 40
0.0
 40
0.0
 40
0.0
 40
0.0
 40
0.0044444444444444
 40
0.0088888888888889
 40
0.0133333333333333
 40
0.0177777777777778
 40
0.0222222222222222
 40
0.0266666666666667
 40
0.0311111111111111
 40
0.0355555555555556
 40
0.04
 40
0.0444444444444445
 40
0.0488888888888889
 40
0.0533333333333333
 40
0.0577777777777778
 40
0.0622222222222222
 40
0.0666666666666667
 40
0.0711111111111111
 40
0.0755555555555556
 40
0.08
 40
0.0844444444444445
 40
0.0888888888888889
 40
0.0933333333333334
 40
0.0977777777777778
 40
0.1022222222222222
 40
0.1066666666666667
 40
0.1111111111111111
 40
0.1155555555555556
 40
0.12
 40
0.1244444444444444
 40
0.1288888888888889
 40
0.1333333333333333
 40
0.1377777777777778
 40
0.1422222222222222
 40
0.1466666666666667
 40
0.1511111111111111
 40
0.1555555555555556
 40
0.16
 40
0.1644444444444444
 40
0.1688888888888889
 40
0.1733333333333333
 40
0.1777777777777778
 40
0.1822222222222222
 40
0.1866666666666667
 40
0.1911111111111111
 40
0.1955555555555556
 40
0.2
 40
0.2044444444444445
 40
0.2088888888888889
 40
0.2133333333333333
 40
0.2177777777777778
 40
0.2222222222222222
 40
0.2266666666666667
 40
0.2311111111111111
 40
0.2355555555555556
 40
0.24
 40
0.2444444444444445
 40
0.2488888888888889
 40
0.2533333333333334
 40
0.2577777777777777
 40
0.2622222222222222
 40
0.2666666666666666
 40
0.271111111111111
 40
0.2755555555555555
 40
0.2799999999999998
 40
0.2844444444444443
 40
0.2888888888888887
 40
0.2933333333333331
 40
0.2977777777777775
 40
0.3022222222222219
 40
0.3066666666666664
 40
0.3111111111111108
 40
0.3155555555555552
 40
0.3199999999999996
 40
0.324444444444444
 40
0.3288888888888884
 40
0.3333333333333329
 40
0.3377777777777773
 40
0.3422222222222217
 40
0.3466666666666661
 40
0.3511111111111105
 40
0.355555555555555
 40
0.3599999999999994
 40
0.3644444444444438
 40
0.3688888888888882
 40
0.3733333333333326
 40
0.3777777777777771
 40
0.3822222222222215
 40
0.3866666666666659
 40
0.3911111111111103
 40
0.3955555555555547
 40
0.3999999999999991
 40
0.4044444444444436
 40
0.408888888888888
 40
0.4133333333333324
 40
0.4177777777777769
 40
0.4222222222222213
 40
0.4266666666666657
 40
0.4311111111111101
 40
0.4355555555555545
 40
0.4399999999999989
 40
0.4444444444444433
 40
0.4488888888888878
 40
0.4533333333333322
 40
0.4577777777777766
 40
0.462222222222221
 40
0.4666666666666654
 40
0.4711111111111098
 40
0.4755555555555543
 40
0.4799999999999987
 40
0.4844444444444431
 40
0.4888888888888875
 40
0.493333333333332
 40
0.4977777777777764
 40
0.5022222222222208
 40
0.5066666666666653
 40
0.5111111111111098
 40
0.5155555555555543
 40
0.5199999999999987
 40
0.5244444444444432
 40
0.5288888888888877
 40
0.5333333333333322
 40
0.5377777777777766
 40
0.542222222222221
 40
0.5466666666666656
 40
0.5511111111111101
 40
0.5555555555555545
 40
0.5599999999999989
 40
0.5644444444444435
 40
0.568888888888888
 40
0.5733333333333324
 40
0.5777777777777768
 40
0.5822222222222213
 40
0.5866666666666659
 40
0.5911111111111103
 40
0.5955555555555547
 40
0.5999999999999992
 40
0.6044444444444438
 40
0.6088888888888882
 40
0.6133333333333326
 40
0.6177777777777771
 40
0.6222222222222216
 40
0.6266666666666661
 40
0.6311111111111105
 40
0.635555555555555
 40
0.6399999999999995
 40
0.644444444444444
 40
0.6488888888888884
 40
0.6533333333333329
 40
0.6577777777777774
 40
0.6622222222222219
 40
0.6666666666666663
 40
0.6711111111111108
 40
0.6755555555555553
 40
0.6799999999999998
 40
0.6844444444444442
 40
0.6888888888888887
 40
0.6933333333333332
 40
0.6977777777777776
 40
0.7022222222222221
 40
0.7066666666666666
 40
0.7111111111111111
 40
0.7155555555555555
 40
0.72
 40
0.7244444444444445
 40
0.728888888888889
 40
0.7333333333333334
 40
0.7377777777777779
 40
0.7422222222222224
 40
0.7466666666666669
 40
0.7511111111111113
 40
0.7555555555555558
 40
0.7600000000000003
 40
0.7644444444444448
 40
0.7688888888888892
 40
0.7733333333333336
 40
0.7777777777777782
 40
0.7822222222222227
 40
0.7866666666666671
 40
0.7911111111111115
 40
0.7955555555555561
 40
0.8000000000000005
 40
0.8044444444444449
 40
0.8088888888888893
 40
0.8133333333333339
 40
0.8177777777777784
 40
0.8222222222222228
 40
0.8266666666666672
 40
0.8311111111111117
 40
0.8355555555555563
 40
0.8400000000000007
 40
0.8444444444444451
 40
0.8488888888888897
 40
0.8533333333333342
 40
0.8577777777777786
 40
0.862222222222223
 40
0.8666666666666674
 40
0.8711111111111121
 40
0.8755555555555565
 40
0.8800000000000009
 40
0.8844444444444455
 40
0.8888888888888899
 40
0.8933333333333344
 40
0.8977777777777788
 40
0.9022222222222232
 40
0.9066666666666678
 40
0.9111111111111123
 40
0.9155555555555567
 40
0.9200000000000013
 40
0.9244444444444457
 40
0.9288888888888902
 40
0.9333333333333346
 40
0.937777777777779
 40
0.9422222222222236
 40
0.946666666666668
 40
0.9511111111111125
 40
0.9555555555555571
 40
0.9600000000000015
 40
0.9644444444444459
 40
0.9688888888888904
 40
0.9733333333333348
 40
0.9777777777777794
 40
0.9822222222222238
 40
0.9866666666666683
 40
0.9911111111111129
 40
0.9955555555555573
 40
1.0
 40
1.0
 40
1.0
 40
1.0
 40
1.0
 40
1.0
 10
551.2936625459819
 20
44.71146504008313
 30
0.0
 41
1.0
 10
551.2982181241151
 20
44.71329844182668
 30
0.0
 41
1.0
 10
551.3072074688823
 20
44.71686402395007
 30
0.0
 41
1.0
 10
551.320326053597
 20
44.72190873419389
 30
0.0
 41
1.0
 10
551.3370865936444
 20
44.72802765913974
 30
0.0
 41
1.0
 10
551.3568288808136
 20
44.73466909242552
 30
0.0
 41
1.0
 10
551.3753920508952
 20
44.74031842118944
 30
0.0
 41
1.0
 10
551.3928354089152
 20
44.745006356164
 30
0.0
 41
1.0
 10
551.4092567132398
 20
44.74878351999371
 30
0.0
 41
1.0
 10
551.4248057411322
 20
44.75172763903924
 30
0.0
 41
1.0
 10
551.4396801726893
 20
44.75394084516562
 30
0.0
 41
1.0
 10
551.4540993995598
 20
44.75553447317639
 30
0.0
 41
1.0
 10
551.4682829105007
 20
44.75661666635625
 30
0.0
 41
1.0
 10
551.4824289233823
 20
44.757279565662
 30
0.0
 41
1.0
 10
551.4966876539546
 20
44.75758486536935
 30
0.0
 41
1.0
 10
551.5111632247919
 20
44.7575592394345
 30
0.0
 41
1.0
 10
551.525930728342
 20
44.75719537843781
 30
0.0
 41
1.0
 10
551.5410490473117
 20
44.75645094147715
 30
0.0
 41
1.0
 10
551.5565743185492
 20
44.75524909092702
 30
0.0
 41
1.0
 10
551.5725760798552
 20
44.75347642694861
 30
0.0
 41
1.0
 10
551.5891057592999
 20
44.75101210591687
 30
0.0
 41
1.0
 10
551.6061616844682
 20
44.74775902751644
 30
0.0
 41
1.0
 10
551.6236536483201
 20
44.74367542263486
 30
0.0
 41
1.0
 10
551.6413715290151
 20
44.7388036809059
 30
0.0
 41
1.0
 10
551.6589418918922
 20
44.73330725416738
 30
0.0
 41
1.0
 10
551.6759147338109
 20
44.72741978952025
 30
0.0
 41
1.0
 10
551.6918635896497
 20
44.72138490061891
 30
0.0
 41
1.0
 10
551.7064856757968
 20
44.71539670882958
 30
0.0
 41
1.0
 10
551.7196911496486
 20
44.70954587712861
 30
0.0
 41
1.0
 10
551.7317253170981
 20
44.70374816589091
 30
0.0
 41
1.0
 10
551.743068650159
 20
44.69779152680596
 30
0.0
 41
1.0
 10
551.7542737617473
 20
44.6914165353983
 30
0.0
 41
1.0
 10
551.7658307583608
 20
44.68438238334679
 30
0.0
 41
1.0
 10
551.7780045917276
 20
44.67654612973164
 30
0.0
 41
1.0
 10
551.7907331579675
 20
44.66791442380608
 30
0.0
 41
1.0
 10
551.8037550086114
 20
44.65859173994568
 30
0.0
 41
1.0
 10
551.8167070955366
 20
44.64874267832183
 30
0.0
 41
1.0
 10
551.8292274003779
 20
44.63855061545808
 30
0.0
 41
1.0
 10
551.8410716178132
 20
44.62817357698717
 30
0.0
 41
1.0
 10
551.8521692485205
 20
44.61771608068473
 30
0.0
 41
1.0
 10
551.8625607681586
 20
44.60723463688205
 30
0.0
 41
1.0
 10
551.8723597891064
 20
44.59673461463981
 30
0.0
 41
1.0
 10
551.8817077320187
 20
44.5861731062369
 30
0.0
 41
1.0
 10
551.8907254835609
 20
44.57545298040868
 30
0.0
 41
1.0
 10
551.8994933061918
 20
44.56444746188011
 30
0.0
 41
1.0
 10
551.9080548902004
 20
44.55304632530066
 30
0.0
 41
1.0
 10
551.9164138532715
 20
44.54119742763793
 30
0.0
 41
1.0
 10
551.9245343172835
 20
44.52894668729741
 30
0.0
 41
1.0
 10
551.9323371352392
 20
44.51648801156466
 30
0.0
 41
1.0
 10
551.9397328666456
 20
44.50408814669767
 30
0.0
 41
1.0
 10
551.9466605910189
 20
44.49199265034
 30
0.0
 41
1.0
 10
551.9531215894311
 20
44.48034480816585
 30
0.0
 41
1.0
 10
551.9592223134091
 20
44.46908469235014
 30
0.0
 41
1.0
 10
551.9651920052228
 20
44.45789998582762
 30
0.0
 41
1.0
 10
551.971300749549
 20
44.446379415911
 30
0.0
 41
1.0
 10
551.9777873723885
 20
44.43414514156798
 30
0.0
 41
1.0
 10
551.984792920675
 20
44.42097638243851
 30
0.0
 41
1.0
 10
551.9922684057044
 20
44.4069788268468
 30
0.0
 41
1.0
 10
552.0000083922513
 20
44.39252771072725
 30
0.0
 41
1.0
 10
552.0077513119304
 20
44.3780906190846
 30
0.0
 41
1.0
 10
552.0152633690734
 20
44.36407996428939
 30
0.0
 41
1.0
 10
552.0224196693724
 20
44.35071022785393
 30
0.0
 41
1.0
 10
552.0293110211169
 20
44.33780953845169
 30
0.0
 41
1.0
 10
552.0361875542629
 20
44.3249219532551
 30
0.0
 41
1.0
 10
552.0433463749075
 20
44.31150943690609
 30
0.0
 41
1.0
 10
552.0510356062348
 20
44.29712469656755
 30
0.0
 41
1.0
 10
552.0593564363792
 20
44.2815874376978
 30
0.0
 41
1.0
 10
552.0681530839262
 20
44.26518249398185
 30
0.0
 41
1.0
 10
552.0771012696931
 20
44.24849978511452
 30
0.0
 41
1.0
 10
552.0858136197376
 20
44.23224374187834
 30
0.0
 41
1.0
 10
552.0939438853304
 20
44.21704485935954
 30
0.0
 41
1.0
 10
552.101280430682
 20
44.20329061648533
 30
0.0
 41
1.0
 10
552.1078730504875
 20
44.19089625926329
 30
0.0
 41
1.0
 10
552.1139762960663
 20
44.1794066489903
 30
0.0
 41
1.0
 10
552.1199196209514
 20
44.1682301484892
 30
0.0
 41
1.0
 10
552.1260048317018
 20
44.15682323824596
 30
0.0
 41
1.0
 10
552.1323843014839
 20
44.14490985156831
 30
0.0
 41
1.0
 10
552.1389698030088
 20
44.1326454423305
 30
0.0
 41
1.0
 10
552.1455553070792
 20
44.12039518543628
 30
0.0
 41
1.0
 10
552.1519286732955
 20
44.10853202636586
 30
0.0
 41
1.0
 10
552.1579732975217
 20
44.09725328183147
 30
0.0
 41
1.0
 10
552.1638085529049
 20
44.08632619832142
 30
0.0
 41
1.0
 10
552.1697747071091
 20
44.0751180261759
 30
0.0
 41
1.0
 10
552.1762735403074
 20
44.06288991965126
 30
0.0
 41
1.0
 10
552.1836457575984
 20
44.04902373346018
 30
0.0
 41
1.0
 10
552.1920402866038
 20
44.03326322259458
 30
0.0
 41
1.0
 10
552.2012686461577
 20
44.01598368136283
 30
0.0
 41
1.0
 10
552.2109133492749
 20
43.99798430926774
 30
0.0
 41
1.0
 10
552.2204618230981
 20
43.98023306742422
 30
0.0
 41
1.0
 10
552.2294377698281
 20
43.96361552553524
 30
0.0
 41
1.0
 10
552.2375185376835
 20
43.94871182251351
 30
0.0
 41
1.0
 10
552.2446958221101
 20
43.93548775742295
 30
0.0
 41
1.0
 10
552.2512626806268
 20
43.92332925088394
 30
0.0
 41
1.0
 10
552.2576549885151
 20
43.91136380132216
 30
0.0
 41
1.0
 10
552.2643303084599
 20
43.898709194903
 30
0.0
 41
1.0
 10
552.2716398309117
 20
43.88473322839963
 30
0.0
 41
1.0
 10
552.2796814938953
 20
43.86935742106444
 30
0.0
 41
1.0
 10
552.288329496049
 20
43.85296718365392
 30
0.0
 41
1.0
 10
552.2973081617164
 20
43.83622568804371
 30
0.0
 41
1.0
 10
552.3062507017126
 20
43.81991669574417
 30
0.0
 41
1.0
 10
552.3147639040347
 20
43.80478467925531
 30
0.0
 41
1.0
 10
552.3224912425338
 20
43.79135250033136
 30
0.0
 41
1.0
 10
552.3291726747807
 20
43.77986081534075
 30
0.0
 41
1.0
 10
552.3347034251655
 20
43.77028081235922
 30
0.0
 41
1.0
 10
552.3391896735396
 20
43.76230723875377
 30
0.0
 41
1.0
 10
552.3430134053438
 20
43.75535323282915
 30
0.0
 41
1.0
 10
552.3468706314104
 20
43.7485626920824
 30
0.0
 41
1.0
 10
552.3515316745736
 20
43.74105195698122
 30
0.0
 41
1.0
 10
552.3576292456186
 20
43.73212660980873
 30
0.0
 41
1.0
 10
552.365424287838
 20
43.7215202115071
 30
0.0
 41
1.0
 10
552.3746134381021
 20
43.70958942522924
 30
0.0
 41
1.0
 10
552.3845780265919
 20
43.69703880676399
 30
0.0
 41
1.0
 10
552.3946140098705
 20
43.6846657622341
 30
0.0
 41
1.0
 10
552.4041495208771
 20
43.67311926863098
 30
0.0
 41
1.0
 10
552.4130139052958
 20
43.66260226584945
 30
0.0
 41
1.0
 10
552.4215335052237
 20
43.65276334319247
 30
0.0
 41
1.0
 10
552.4302484470645
 20
43.64300303521289
 30
0.0
 41
1.0
 10
552.439694280837
 20
43.63270846440083
 30
0.0
 41
1.0
 10
552.4501841791975
 20
43.62148916439616
 30
0.0
 41
1.0
 10
552.4615244905375
 20
43.60948124432482
 30
0.0
 41
1.0
 10
552.4731290851408
 20
43.59723825508596
 30
0.0
 41
1.0
 10
552.4842992547761
 20
43.58544979170234
 30
0.0
 41
1.0
 10
552.4944601625711
 20
43.57470606731498
 30
0.0
 41
1.0
 10
552.5033926796916
 20
43.56526530369218
 30
0.0
 41
1.0
 10
552.5115265275274
 20
43.55676255266891
 30
0.0
 41
1.0
 10
552.5197231874401
 20
43.54841110238241
 30
0.0
 41
1.0
 10
552.528926576321
 20
43.53933118093421
 30
0.0
 41
1.0
 10
552.5398827606456
 20
43.52881314791043
 30
0.0
 41
1.0
 10
552.5527760214699
 20
43.51665857719278
 30
0.0
 41
1.0
 10
552.5670770011291
 20
43.50332550781108
 30
0.0
 41
1.0
 10
552.5818960631995
 20
43.48960812434461
 30
0.0
 41
1.0
 10
552.5962405359646
 20
43.47640499607772
 30
0.0
 41
1.0
 10
552.6093088173608
 20
43.46445331725447
 30
0.0
 41
1.0
 10
552.6207716125999
 20
43.45407511059263
 30
0.0
 41
1.0
 10
552.6310510927845
 20
43.44492506053376
 30
0.0
 41
1.0
 10
552.6410215239581
 20
43.43625405089595
 30
0.0
 41
1.0
 10
552.6517094331823
 20
43.42717300566554
 30
0.0
 41
1.0
 10
552.6640116204126
 20
43.41690100589125
 30
0.0
 41
1.0
 10
552.6783639854228
 20
43.40505684001413
 30
0.0
 41
1.0
 10
552.6945646333651
 20
43.39181424864498
 30
0.0
 41
1.0
 10
552.7120169924216
 20
43.37768580663122
 30
0.0
 41
1.0
 10
552.7298917798789
 20
43.3633788102098
 30
0.0
 41
1.0
 10
552.7473275738789
 20
43.34961639699078
 30
0.0
 41
1.0
 10
552.7635998919213
 20
43.33698800469182
 30
0.0
 41
1.0
 10
552.7783417275997
 20
43.32575060641842
 30
0.0
 41
1.0
 10
552.791551890913
 20
43.31583424835574
 30
0.0
 41
1.0
 10
552.8034927401291
 20
43.30695314236566
 30
0.0
 41
1.0
 10
552.8146226658361
 20
43.29868542951246
 30
0.0
 41
1.0
 10
552.8255131282017
 20
43.29056284106429
 30
0.0
 41
1.0
 10
552.8367749865086
 20
43.28216385487013
 30
0.0
 41
1.0
 10
552.8489686576834
 20
43.27316438310093
 30
0.0
 41
1.0
 10
552.8625130761386
 20
43.26336312117402
 30
0.0
 41
1.0
 10
552.8775876626032
 20
43.25271852459673
 30
0.0
 41
1.0
 10
552.8940532766482
 20
43.2413731222327
 30
0.0
 41
1.0
 10
552.9113238941213
 20
43.22970330724878
 30
0.0
 41
1.0
 10
552.9285146010485
 20
43.21823409982846
 30
0.0
 41
1.0
 10
552.9446763773315
 20
43.20751241391643
 30
0.0
 41
1.0
 10
552.9590137749845
 20
43.19798760195948
 30
0.0
 41
1.0
 10
552.9710838843588
 20
43.1899032691357
 30
0.0
 41
1.0
 10
552.9810662029355
 20
43.18314945509677
 30
0.0
 41
1.0
 10
552.989778483904
 20
43.17725555966635
 30
0.0
 41
1.0
 10
552.9983010980321
 20
43.17159982016467
 30
0.0
 41
1.0
 10
553.0077000178408
 20
43.16556427929342
 30
0.0
 41
1.0
 10
553.0186986317021
 20
43.15871797232347
 30
0.0
 41
1.0
 10
553.031403381601
 20
43.15097055945063
 30
0.0
 41
1.0
 10
553.0455028577807
 20
43.14246637387355
 30
0.0
 41
1.0
 10
553.0604422333805
 20
43.13349212989309
 30
0.0
 41
1.0
 10
553.0756006193662
 20
43.12438267606657
 30
0.0
 41
1.0
 10
553.0904817641669
 20
43.11542029157763
 30
0.0
 41
1.0
 10
553.1048546746076
 20
43.10675893018455
 30
0.0
 41
1.0
 10
553.1186769258597
 20
43.09845740331721
 30
0.0
 41
1.0
 10
553.132049238107
 20
43.09049667901391
 30
0.0
 41
1.0
 10
553.1451590208416
 20
43.08280320546606
 30
0.0
 41
1.0
 10
553.1582258902739
 20
43.0752700624897
 30
0.0
 41
1.0
 10
553.171454914544
 20
43.06777774458077
 30
0.0
 41
1.0
 10
553.1850262642699
 20
43.06020838545471
 30
0.0
 41
1.0
 10
553.1990776710655
 20
43.05246196491769
 30
0.0
 41
1.0
 10
553.2136917804763
 20
43.04447010296393
 30
0.0
 41
1.0
 10
553.2288764924726
 20
43.03621477548752
 30
0.0
 41
1.0
 10
553.2445650680203
 20
43.02773166493333
 30
0.0
 41
1.0
 10
553.2606506516424
 20
43.01908615941917
 30
0.0
 41
1.0
 10
553.2770135872377
 20
43.01035512583236
 30
0.0
 41
1.0
 10
553.2935507683385
 20
43.0016069976827
 30
0.0
 41
1.0
 10
553.3102061288515
 20
42.99288109984906
 30
0.0
 41
1.0
 10
553.3269946822157
 20
42.98417171136716
 30
0.0
 41
1.0
 10
553.3439875022817
 20
42.97544131228923
 30
0.0
 41
1.0
 10
553.3613012859881
 20
42.96663021629254
 30
0.0
 41
1.0
 10
553.3790865849808
 20
42.95766765770873
 30
0.0
 41
1.0
 10
553.3975155970534
 20
42.94848212819157
 30
0.0
 41
1.0
 10
553.4167727838764
 20
42.93901236676044
 30
0.0
 41
1.0
 10
553.4370251113642
 20
42.92921584713399
 30
0.0
 41
1.0
 10
553.4583859305675
 20
42.91907686322857
 30
0.0
 41
1.0
 10
553.480882176412
 20
42.90861438260921
 30
0.0
 41
1.0
 10
553.5044175521991
 20
42.89789081900355
 30
0.0
 41
1.0
 10
553.5287435350018
 20
42.88701850465717
 30
0.0
 41
1.0
 10
553.5534110431741
 20
42.87617214781215
 30
0.0
 41
1.0
 10
553.5778511786411
 20
42.86556090415192
 30
0.0
 41
1.0
 10
553.6014905637675
 20
42.85538953679997
 30
0.0
 41
1.0
 10
553.6238513723832
 20
42.84582451797075
 30
0.0
 41
1.0
 10
553.6446657015215
 20
42.83695530491205
 30
0.0
 41
1.0
 10
553.663965391634
 20
42.82876407822043
 30
0.0
 41
1.0
 10
553.6822282630323
 20
42.82107590716248
 30
0.0
 41
1.0
 10
553.7003075990464
 20
42.81358421514871
 30
0.0
 41
1.0
 10
553.7191785282616
 20
42.80593988033001
 30
0.0
 41
1.0
 10
553.7397400114704
 20
42.79782099606864
 30
0.0
 41
1.0
 10
553.7625860047164
 20
42.78901338159736
 30
0.0
 41
1.0
 10
553.7878084391431
 20
42.77947994618462
 30
0.0
 41
1.0
 10
553.8147373121477
 20
42.76945214020836
 30
0.0
 41
1.0
 10
553.8421596875353
 20
42.75935311301563
 30
0.0
 41
1.0
 10
553.8686317994366
 20
42.74968816135573
 30
0.0
 41
1.0
 10
553.8927511704046
 20
42.74094920464286
 30
0.0
 41
1.0
 10
553.9134626779201
 20
42.73350739035763
 30
0.0
 41
1.0
 10
553.9303102021769
 20
42.72752468212027
 30
0.0
 41
1.0
 10
553.9438097288748
 20
42.7228231103616
 30
0.0
 41
1.0
 10
553.9554023558268
 20
42.71890044548348
 30
0.0
 41
1.0
 10
553.9669215329237
 20
42.71511521021436
 30
0.0
 41
1.0
 10
553.9801723854233
 20
42.71083257418896
 30
0.0
 41
1.0
 10
553.9964944158421
 20
42.70557615954006
 30
0.0
 41
1.0
 10
554.0162563481894
 20
42.69920319553808
 30
0.0
 41
1.0
 10
554.0389847681321
 20
42.69186093111097
 30
0.0
 41
1.0
 10
554.0636430523012
 20
42.68389116284575
 30
0.0
 41
1.0
 10
554.0888558679863
 20
42.67575354353836
 30
0.0
 41
1.0
 10
554.113161927577
 20
42.66793916621012
 30
0.0
 41
1.0
 10
554.1352418241232
 20
42.66089267842663
 30
0.0
 41
1.0
 10
554.1541901522085
 20
42.65491929679136
 30
0.0
 41
1.0
 10
554.1694715623937
 20
42.65019946349201
 30
0.0
 41
1.0
 10
554.1785469770966
 20
42.64749930655301
 30
0.0
 41
1.0
 10
554.1835418946354
 20
42.64609273316033
 30
0.0
 41
1.0
 10
554.1860666326975
 20
42.64542993704683
 30
0.0
 41
1.0
 10
554.1871277033311
 20
42.6451672677221
 30
0.0
 41
1.0
  0
ARC
  5
155
330
70
100
AcDbEntity
  8
Untitled v10_Sketch14
100
AcDbCircle
 10
517.6542502000483
 20
49.84538842386449
 30
0.0
 40
24.37862958253661
100
AcDbArc
 50
22.70162709093787
 51
25.30105525260947
  0
ARC
  5
156
330
70
100
AcDbEntity
  8
Untitled v10_Sketch14
100
AcDbCircle
 10
549.0000081807375
 20
50.00000074505805
 30
0.0
 40
5.764499999999945
100
AcDbArc
 50
251.152734498769
 51
257.4465274545653
  0
ARC
  5
157
330
70
100
AcDbEntity
  8
Untitled v10_Sketch14
100
AcDbCircle
 10
549.0584641926004
 20
50.08430193677028
 30
0.0
 40
8.897470038103222
100
AcDbArc
 50
53.17020878380615
 51
58.84839679706778
  0
ARC
  5
158
330
70
100
AcDbEntity
  8
Untitled v10_Sketch14
100
AcDbCircle
 10
549.0000081807375
 20
50.00000074505805
 30
0.0
 40
5.76449999999998
100
AcDbArc
 50
179.152734498768
 51
185.4465274545665
  0
ARC
  5
159
330
70
100
AcDbEntity
  8
Untitled v10_Sketch14
100
AcDbCircle
 10
517.6932307615332
 20
50.22212937925104
 30
0.0
 40
24.37862958253657
100
AcDbArc
 50
322.7016270909378
 51
325.3010552526096
  0
ARC
  5
15A
330
70
100
AcDbEntity
  8
Untitled v10_Sketch14
100
AcDbCircle
 10
517.7461177140031
 20
50.28105785153783
 30
0.0
 40
24.37862958253654
100
AcDbArc
 50
310.7016270909379
 51
313.3010552526096
  0
SPLINE
  5
15B
330
70
100
AcDbEntity
  8
Untitled v10_Sketch14
100
AcDbSpline
210
0.0
220
0.0
230
1.0
 70
    12
 71
     5
 72
    96
 73
    90
 74
     0
 42
0.000000001
 43
0.0000000001
 40
0.0
 40
0.0
 40
0.0
 40
0.0
 40
0.0
 40
0.0
 40
0.011764705882353
 40
0.0235294117647059
 40
0.0352941176470588
 40
0.0470588235294118
 40
0.0588235294117647
 40
0.0705882352941177
 40
0.0823529411764706
 40
0.0941176470588236
 40
0.1058823529411765
 40
0.1176470588235294
 40
0.1294117647058823
 40
0.1411764705882353
 40
0.1529411764705882
 40
0.1647058823529412
 40
0.1764705882352942
 40
0.1882352941176471
 40
0.2000000000000001
 40
0.211764705882353
 40
0.223529411764706
 40
0.2352941176470589
 40
0.2470588235294119
 40
0.2588235294117648
 40
0.2705882352941178
 40
0.2823529411764707
 40
0.2941176470588237
 40
0.3058823529411767
 40
0.3176470588235296
 40
0.3294117647058826
 40
0.3411764705882355
 40
0.3529411764705885
 40
0.3647058823529414
 40
0.3764705882352944
 40
0.3882352941176474
 40
0.4000000000000003
 40
0.4117647058823533
 40
0.4235294117647063
 40
0.4352941176470592
 40
0.4470588235294122
 40
0.4588235294117651
 40
0.4705882352941181
 40
0.482352941176471
 40
0.4941176470588239
 40
0.5058823529411769
 40
0.5176470588235298
 40
0.5294117647058827
 40
0.5411764705882356
 40
0.5529411764705885
 40
0.5647058823529414
 40
0.5764705882352943
 40
0.5882352941176472
 40
0.6000000000000001
 40
0.611764705882353
 40
0.6235294117647059
 40
0.6352941176470588
 40
0.6470588235294117
 40
0.6588235294117646
 40
0.6705882352941175
 40
0.6823529411764704
 40
0.6941176470588233
 40
0.7058823529411762
 40
0.7176470588235291
 40
0.729411764705882
 40
0.7411764705882349
 40
0.7529411764705878
 40
0.7647058823529407
 40
0.7764705882352936
 40
0.7882352941176465
 40
0.7999999999999994
 40
0.8117647058823521
 40
0.823529411764705
 40
0.8352941176470579
 40
0.8470588235294108
 40
0.8588235294117637
 40
0.8705882352941166
 40
0.8823529411764695
 40
0.8941176470588224
 40
0.9058823529411753
 40
0.9176470588235282
 40
0.9294117647058811
 40
0.941176470588234
 40
0.9529411764705869
 40
0.9647058823529398
 40
0.9764705882352927
 40
0.9882352941176456
 40
1.0
 40
1.0
 40
1.0
 40
1.0
 40
1.0
 40
1.0
 10
553.6611638146815
 20
57.69877035339916
 30
0.0
 41
1.0
 10
553.6536432538146
 20
57.69625712533837
 30
0.0
 41
1.0
 10
553.6382052342681
 20
57.69097609022161
 30
0.0
 41
1.0
 10
553.6138575158627
 20
57.68229080306475
 30
0.0
 41
1.0
 10
553.5790119388265
 20
57.66918258531845
 30
0.0
 41
1.0
 10
553.5315064072232
 20
57.65025924954365
 30
0.0
 41
1.0
 10
553.4801210863925
 20
57.62882588302097
 30
0.0
 41
1.0
 10
553.4249988408594
 20
57.60494187464175
 30
0.0
 41
1.0
 10
553.3663788693424
 20
57.57870705100472
 30
0.0
 41
1.0
 10
553.3046298151332
 20
57.55027701790481
 30
0.0
 41
1.0
 10
553.2402471111137
 20
57.51985787628662
 30
0.0
 41
1.0
 10
553.1737952124679
 20
57.48766929345542
 30
0.0
 41
1.0
 10
553.1058622968097
 20
57.45391454433352
 30
0.0
 41
1.0
 10
553.0370112254362
 20
57.41874881692908
 30
0.0
 41
1.0
 10
552.9677292381177
 20
57.38224575863469
 30
0.0
 41
1.0
 10
552.8983848182202
 20
57.34437048251329
 30
0.0
 41
1.0
 10
552.8291648118345
 20
57.30493540452762
 30
0.0
 41
1.0
 10
552.7600870836777
 20
57.26362134856692
 30
0.0
 41
1.0
 10
552.691082882241
 20
57.220058809919
 30
0.0
 41
1.0
 10
552.6220599292664
 20
57.17389263042448
 30
0.0
 41
1.0
 10
552.5529730761612
 20
57.12485318331687
 30
0.0
 41
1.0
 10
552.4838924066762
 20
57.07282550151745
 30
0.0
 41
1.0
 10
552.4150709891133
 20
57.01791789144962
 30
0.0
 41
1.0
 10
552.3470165995433
 20
56.96053463058213
 30
0.0
 41
1.0
 10
552.2805515039677
 20
56.90143674630256
 30
0.0
 41
1.0
 10
552.2166850866709
 20
56.84161622550597
 30
0.0
 41
1.0
 10
552.1564978173558
 20
56.78218151179471
 30
0.0
 41
1.0
 10
552.1010198780417
 20
56.72423783797427
 30
0.0
 41
1.0
 10
552.0511146140393
 20
56.66877213053936
 30
0.0
 41
1.0
 10
552.0073537831934
 20
56.61653041998469
 30
0.0
 41
1.0
 10
551.9699101241615
 20
56.56791105322241
 30
0.0
 41
1.0
 10
551.9384058483401
 20
56.5228178175753
 30
0.0
 41
1.0
 10
551.9120137105709
 20
56.48074299016663
 30
0.0
 41
1.0
 10
551.8896365354107
 20
56.44092208651422
 30
0.0
 41
1.0
 10
551.8700642625801
 20
56.40246755194425
 30
0.0
 41
1.0
 10
551.8521315444202
 20
56.36450430083932
 30
0.0
 41
1.0
 10
551.8348959619028
 20
56.32632076042966
 30
0.0
 41
1.0
 10
551.8177391370949
 20
56.28745980792714
 30
0.0
 41
1.0
 10
551.8002856788623
 20
56.24766655530194
 30
0.0
 41
1.0
 10
551.7823583276753
 20
56.20686506520534
 30
0.0
 41
1.0
 10
551.7639203371187
 20
56.16512391426653
 30
0.0
 41
1.0
 10
551.7450200118015
 20
56.12262620476407
 30
0.0
 41
1.0
 10
551.7257449335211
 20
56.07963920481218
 30
0.0
 41
1.0
 10
551.7062295293795
 20
56.03649184009242
 30
0.0
 41
1.0
 10
551.686654193852
 20
55.99355090938871
 30
0.0
 41
1.0
 10
551.6672486217458
 20
55.95119770852249
 30
0.0
 41
1.0
 10
551.6482914238462
 20
55.90980484292785
 30
0.0
 41
1.0
 10
551.6301166445065
 20
55.86971203274082
 30
0.0
 41
1.0
 10
551.6130365565429
 20
55.83121714384475
 30
0.0
 41
1.0
 10
551.5972583690466
 20
55.79456866714515
 30
0.0
 41
1.0
 10
551.5828003869605
 20
55.75995749008804
 30
0.0
 41
1.0
 10
551.5694142975475
 20
55.72750922062475
 30
0.0
 41
1.0
 10
551.5564881270148
 20
55.69727541522283
 30
0.0
 41
1.0
 10
551.5432228865215
 20
55.6692333255058
 30
0.0
 41
1.0
 10
551.5288471859951
 20
55.64328439688111
 30
0.0
 41
1.0
 10
551.5127971536482
 20
55.61925695217347
 30
0.0
 41
1.0
 10
551.4949609709207
 20
55.59689800181615
 30
0.0
 41
1.0
 10
551.4757181540533
 20
55.57590207009624
 30
0.0
 41
1.0
 10
551.4556793861398
 20
55.55599643120118
 30
0.0
 41
1.0
 10
551.4355019516186
 20
55.53701000193989
 30
0.0
 41
1.0
 10
551.4156671859849
 20
55.51895498577593
 30
0.0
 41
1.0
 10
551.3962955334874
 20
55.50208606938305
 30
0.0
 41
1.0
 10
551.3772370855203
 20
55.4867456760185
 30
0.0
 41
1.0
 10
551.3581427954933
 20
55.47322148599491
 30
0.0
 41
1.0
 10
551.338544612027
 20
55.4616055510997
 30
0.0
 41
1.0
 10
551.3179262081287
 20
55.45163584591499
 30
0.0
 41
1.0
 10
551.2959445065846
 20
55.44286853338064
 30
0.0
 41
1.0
 10
551.2726830805848
 20
55.4348854443986
 30
0.0
 41
1.0
 10
551.2488546062264
 20
55.4274712362536
 30
0.0
 41
1.0
 10
551.226127683596
 20
55.42084844168776
 30
0.0
 41
1.0
 10
551.2064514731696
 20
55.41547837918841
 30
0.0
 41
1.0
 10
551.1911419923043
 20
55.41176771598678
 30
0.0
 41
1.0
 10
551.1801326889676
 20
55.40982857050394
 30
0.0
 41
1.0
 10
551.1709473680656
 20
55.40916295061585
 30
0.0
 41
1.0
 10
551.1600414551695
 20
55.40896329285828
 30
0.0
 41
1.0
 10
551.1443053398783
 20
55.40846180867148
 30
0.0
 41
1.0
 10
551.1227861417335
 20
55.40731914700735
 30
0.0
 41
1.0
 10
551.0974470653616
 20
55.40581820341103
 30
0.0
 41
1.0
 10
551.0714292303551
 20
55.40454893821582
 30
0.0
 41
1.0
 10
551.0478808164269
 20
55.40420540423781
 30
0.0
 41
1.0
 10
551.028405894684
 20
55.40531473301051
 30
0.0
 41
1.0
 10
551.0121489948265
 20
55.40806697346887
 30
0.0
 41
1.0
 10
550.9969379315776
 20
55.41245135262926
 30
0.0
 41
1.0
 10
550.9800502066987
 20
55.41833998366442
 30
0.0
 41
1.0
 10
550.9592587062067
 20
55.42560532877509
 30
0.0
 41
1.0
 10
550.9332999198853
 20
55.43417700138377
 30
0.0
 41
1.0
 10
550.9078768717581
 20
55.44204883714591
 30
0.0
 41
1.0
 10
550.8860980145424
 20
55.4485177875901
 30
0.0
 41
1.0
 10
550.8703734161151
 20
55.45308146041911
 30
0.0
 41
1.0
 10
550.8622098050448
 20
55.45542605940582
 30
0.0
 41
1.0
  0
SPLINE
  5
15C
330
70
100
AcDbEntity
  8
Untitled v10_Sketch14
100
AcDbSpline
210
0.0
220
0.0
230
1.0
 70
    12
 71
     5
 72
   156
 73
   150
 74
     0
 42
0.000000001
 43
0.0000000001
 40
0.0
 40
0.0
 40
0.0
 40
0.0
 40
0.0
 40
0.0
 40
0.0068965517241379
 40
0.0137931034482759
 40
0.0206896551724138
 40
0.0275862068965517
 40
0.0344827586206897
 40
0.0413793103448276
 40
0.0482758620689655
 40
0.0551724137931035
 40
0.0620689655172414
 40
0.0689655172413793
 40
0.0758620689655173
 40
0.0827586206896552
 40
0.0896551724137931
 40
0.0965517241379311
 40
0.103448275862069
 40
0.1103448275862069
 40
0.1172413793103448
 40
0.1241379310344828
 40
0.1310344827586207
 40
0.1379310344827586
 40
0.1448275862068966
 40
0.1517241379310345
 40
0.1586206896551725
 40
0.1655172413793104
 40
0.1724137931034483
 40
0.1793103448275863
 40
0.1862068965517242
 40
0.1931034482758622
 40
0.2000000000000001
 40
0.2068965517241381
 40
0.213793103448276
 40
0.220689655172414
 40
0.2275862068965519
 40
0.2344827586206899
 40
0.2413793103448278
 40
0.2482758620689657
 40
0.2551724137931037
 40
0.2620689655172416
 40
0.2689655172413796
 40
0.2758620689655175
 40
0.2827586206896555
 40
0.2896551724137934
 40
0.2965517241379314
 40
0.3034482758620693
 40
0.3103448275862072
 40
0.3172413793103452
 40
0.3241379310344831
 40
0.3310344827586211
 40
0.337931034482759
 40
0.344827586206897
 40
0.3517241379310349
 40
0.3586206896551729
 40
0.3655172413793108
 40
0.3724137931034487
 40
0.3793103448275867
 40
0.3862068965517246
 40
0.3931034482758626
 40
0.4000000000000006
 40
0.4068965517241385
 40
0.4137931034482765
 40
0.4206896551724144
 40
0.4275862068965524
 40
0.4344827586206903
 40
0.4413793103448282
 40
0.4482758620689661
 40
0.4551724137931041
 40
0.462068965517242
 40
0.46896551724138
 40
0.4758620689655179
 40
0.4827586206896559
 40
0.4896551724137938
 40
0.4965517241379318
 40
0.5034482758620697
 40
0.5103448275862076
 40
0.5172413793103456
 40
0.5241379310344835
 40
0.5310344827586215
 40
0.5379310344827594
 40
0.5448275862068974
 40
0.5517241379310353
 40
0.5586206896551733
 40
0.5655172413793112
 40
0.5724137931034491
 40
0.579310344827587
 40
0.586206896551725
 40
0.5931034482758629
 40
0.6000000000000009
 40
0.6068965517241388
 40
0.6137931034482768
 40
0.6206896551724147
 40
0.6275862068965527
 40
0.6344827586206906
 40
0.6413793103448286
 40
0.6482758620689665
 40
0.6551724137931045
 40
0.6620689655172424
 40
0.6689655172413804
 40
0.6758620689655183
 40
0.6827586206896563
 40
0.6896551724137942
 40
0.6965517241379322
 40
0.7034482758620701
 40
0.710344827586208
 40
0.7172413793103459
 40
0.7241379310344839
 40
0.7310344827586218
 40
0.7379310344827598
 40
0.7448275862068977
 40
0.7517241379310357
 40
0.7586206896551736
 40
0.7655172413793116
 40
0.7724137931034495
 40
0.7793103448275875
 40
0.7862068965517254
 40
0.7931034482758634
 40
0.8000000000000012
 40
0.8068965517241391
 40
0.8137931034482772
 40
0.8206896551724151
 40
0.827586206896553
 40
0.8344827586206909
 40
0.841379310344829
 40
0.8482758620689669
 40
0.8551724137931048
 40
0.8620689655172427
 40
0.8689655172413807
 40
0.8758620689655186
 40
0.8827586206896565
 40
0.8896551724137944
 40
0.8965517241379325
 40
0.9034482758620704
 40
0.9103448275862083
 40
0.9172413793103462
 40
0.9241379310344843
 40
0.9310344827586222
 40
0.9379310344827601
 40
0.944827586206898
 40
0.9517241379310361
 40
0.958620689655174
 40
0.9655172413793119
 40
0.9724137931034498
 40
0.9793103448275878
 40
0.9862068965517257
 40
0.9931034482758636
 40
1.0
 40
1.0
 40
1.0
 40
1.0
 40
1.0
 40
1.0
 10
502.4058599931605
 20
36.28916499515256
 30
0.0
 41
1.0
 10
502.4040918844396
 20
36.29237816521211
 30
0.0
 41
1.0
 10
502.4002457832847
 20
36.29885495728196
 30
0.0
 41
1.0
 10
502.3935469740702
 20
36.30872150498973
 30
0.0
 41
1.0
 10
502.3827558244923
 20
36.32217961208163
 30
0.0
 41
1.0
 10
502.366229754904
 20
36.33947125615222
 30
0.0
 41
1.0
 10
502.3468546537689
 20
36.3571245421344
 30
0.0
 41
1.0
 10
502.3250060452087
 20
36.3749255984218
 30
0.0
 41
1.0
 10
502.3013148103431
 20
36.39251542684107
 30
0.0
 41
1.0
 10
502.2767166190841
 20
36.4093622142299
 30
0.0
 41
1.0
 10
502.2522593672702
 20
36.42487636415055
 30
0.0
 41
1.0
 10
502.2289309328919
 20
36.43851364186212
 30
0.0
 41
1.0
 10
502.207470630713
 20
36.44988771129242
 30
0.0
 41
1.0
 10
502.1882072712758
 20
36.45886751677885
 30
0.0
 41
1.0
 10
502.1708338850999
 20
36.46571059384485
 30
0.0
 41
1.0
 10
502.1546303602559
 20
36.47094490742234
 30
0.0
 41
1.0
 10
502.1388097741063
 20
36.47518424043568
 30
0.0
 41
1.0
 10
502.1227881459527
 20
36.47898017982484
 30
0.0
 41
1.0
 10
502.1065664999318
 20
36.48262636495879
 30
0.0
 41
1.0
 10
502.0907890701527
 20
36.48609425924974
 30
0.0
 41
1.0
 10
502.0762264096641
 20
36.48919677032005
 30
0.0
 41
1.0
 10
502.0634082586802
 20
36.49169657774742
 30
0.0
 41
1.0
 10
502.0521495229967
 20
36.49344642656409
 30
0.0
 41
1.0
 10
502.0412603888039
 20
36.49448679373059
 30
0.0
 41
1.0
 10
502.0292021491118
 20
36.4949511757446
 30
0.0
 41
1.0
 10
502.0146027414541
 20
36.49499715286005
 30
0.0
 41
1.0
 10
501.9968876733337
 20
36.49471973305623
 30
0.0
 41
1.0
 10
501.976681100628
 20
36.49409530611969
 30
0.0
 41
1.0
 10
501.9552764398959
 20
36.49304252860148
 30
0.0
 41
1.0
 10
501.9342152093432
 20
36.49147074981393
 30
0.0
 41
1.0
 10
501.9148616104508
 20
36.4893265125108
 30
0.0
 41
1.0
 10
501.8978860405349
 20
36.48665757871477
 30
0.0
 41
1.0
 10
501.8832254603774
 20
36.48358918199698
 30
0.0
 41
1.0
 10
501.8703461082549
 20
36.48023982151805
 30
0.0
 41
1.0
 10
501.8584110348268
 20
36.47666458735067
 30
0.0
 41
1.0
 10
501.8464934686497
 20
36.4727659548479
 30
0.0
 41
1.0
 10
501.8337493322675
 20
36.46829346466475
 30
0.0
 41
1.0
 10
501.8195757034216
 20
36.46298263308381
 30
0.0
 41
1.0
 10
501.803750184655
 20
36.45665110700733
 30
0.0
 41
1.0
 10
501.7866249362618
 20
36.44933452728559
 30
0.0
 41
1.0
 10
501.7691506849598
 20
36.44133486482431
 30
0.0
 41
1.0
 10
501.7524472486382
 20
36.43305149133077
 30
0.0
 41
1.0
 10
501.7374435187104
 20
36.42484656604978
 30
0.0
 41
1.0
 10
501.7245198437026
 20
36.41690771645791
 30
0.0
 41
1.0
 10
501.7130710171731
 20
36.40908350424077
 30
0.0
 41
1.0
 10
501.7018723318029
 20
36.40100841853062
 30
0.0
 41
1.0
 10
501.6896188625147
 20
36.39229017868189
 30
0.0
 41
1.0
 10
501.6753536061009
 20
36.38265801629529
 30
0.0
 41
1.0
 10
501.6590661507335
 20
36.37216948784804
 30
0.0
 41
1.0
 10
501.6415616985222
 20
36.3611689860857
 30
0.0
 41
1.0
 10
501.6239916359881
 20
36.35013173090805
 30
0.0
 41
1.0
 10
501.6074999864128
 20
36.33954621257402
 30
0.0
 41
1.0
 10
501.5928014376981
 20
36.32977549962632
 30
0.0
 41
1.0
 10
501.5798470918307
 20
36.32094255209644
 30
0.0
 41
1.0
 10
501.5680843702239
 20
36.31297039665313
 30
0.0
 41
1.0
 10
501.5566702530457
 20
36.30560866202344
 30
0.0
 41
1.0
 10
501.5446973204387
 20
36.29846741691992
 30
0.0
 41
1.0
 10
501.5314265131302
 20
36.29104183029796
 30
0.0
 41
1.0
 10
501.5163737959493
 20
36.28283782644111
 30
0.0
 41
1.0
 10
501.4993886836765
 20
36.27352069059981
 30
0.0
 41
1.0
 10
501.4807160747099
 20
36.26303335864527
 30
0.0
 41
1.0
 10
501.4611128016549
 20
36.25178091023514
 30
0.0
 41
1.0
 10
501.4417440264772
 20
36.24056621619978
 30
0.0
 41
1.0
 10
501.423891774291
 20
36.23031692892333
 30
0.0
 41
1.0
 10
501.4087143072755
 20
36.22186729744001
 30
0.0
 41
1.0
 10
501.3969897534345
 20
36.21572649256478
 30
0.0
 41
1.0
 10
501.38885219354
 20
36.21182860161127
 30
0.0
 41
1.0
 10
501.3837698895312
 20
36.20963289362841
 30
0.0
 41
1.0
 10
501.3805753060914
 20
36.2082672778844
 30
0.0
 41
1.0
 10
501.377429194133
 20
36.20664869778409
 30
0.0
 41
1.0
 10
501.3719604224033
 20
36.2036378586545
 30
0.0
 41
1.0
 10
501.3620738170921
 20
36.19833029916194
 30
0.0
 41
1.0
 10
501.3465467276535
 20
36.19028333034798
 30
0.0
 41
1.0
 10
501.3259325696517
 20
36.17986241813547
 30
0.0
 41
1.0
 10
501.3023439593522
 20
36.16812051605187
 30
0.0
 41
1.0
 10
501.2785219945479
 20
36.15637646539028
 30
0.0
 41
1.0
 10
501.25707899321
 20
36.14586509010245
 30
0.0
 41
1.0
 10
501.2397537213884
 20
36.13739682053719
 30
0.0
 41
1.0
 10
501.2264482885474
 20
36.13091406906221
 30
0.0
 41
1.0
 10
501.2155370110424
 20
36.12564056750621
 30
0.0
 41
1.0
 10
501.2047933610262
 20
36.12051841761016
 30
0.0
 41
1.0
 10
501.1920482205837
 20
36.11451973845753
 30
0.0
 41
1.0
 10
501.176126391598
 20
36.10708882847113
 30
0.0
 41
1.0
 10
501.15695955324
 20
36.098196915976
 30
0.0
 41
1.0
 10
501.1350932045713
 20
36.08811151812702
 30
0.0
 41
1.0
 10
501.1113562646794
 20
36.07724255882054
 30
0.0
 41
1.0
 10
501.0864850727393
 20
36.0659666306038
 30
0.0
 41
1.0
 10
501.0607121881431
 20
36.05443567435813
 30
0.0
 41
1.0
 10
501.0338500591487
 20
36.0426110864946
 30
0.0
 41
1.0
 10
501.0054787345972
 20
36.03034541143309
 30
0.0
 41
1.0
 10
500.9751004931266
 20
36.01744877352971
 30
0.0
 41
1.0
 10
500.9423004947273
 20
36.00375839210308
 30
0.0
 41
1.0
 10
500.9069236628713
 20
35.98921471567493
 30
0.0
 41
1.0
 10
500.8691860025484
 20
35.97390996652415
 30
0.0
 41
1.0
 10
500.8295578464341
 20
35.95804029953889
 30
0.0
 41
1.0
 10
500.788684762412
 20
35.94187390927999
 30
0.0
 41
1.0
 10
500.747294958843
 20
35.92571337118279
 30
0.0
 41
1.0
 10
500.7061096081812
 20
35.90985934496146
 30
0.0
 41
1.0
 10
500.6657586374356
 20
35.89457629078581
 30
0.0
 41
1.0
 10
500.6266775288962
 20
35.88005088838642
 30
0.0
 41
1.0
 10
500.5890784885924
 20
35.8663791769191
 30
0.0
 41
1.0
 10
500.5529947091293
 20
35.85358192142671
 30
0.0
 41
1.0
 10
500.5183046700963
 20
35.84161230838141
 30
0.0
 41
1.0
 10
500.4847643854721
 20
35.83036660323565
 30
0.0
 41
1.0
 10
500.4520365832247
 20
35.81969387095576
 30
0.0
 41
1.0
 10
500.4197202612616
 20
35.8094052418447
 30
0.0
 41
1.0
 10
500.3873827988855
 20
35.79928588457811
 30
0.0
 41
1.0
 10
500.3546106099309
 20
35.78912357641492
 30
0.0
 41
1.0
 10
500.3210568409635
 20
35.77873487820668
 30
0.0
 41
1.0
 10
500.2864914315617
 20
35.76799288750038
 30
0.0
 41
1.0
 10
500.2508474740716
 20
35.75685287078379
 30
0.0
 41
1.0
 10
500.2142757123641
 20
35.7453823210983
 30
0.0
 41
1.0
 10
500.1771764501654
 20
35.73377886216676
 30
0.0
 41
1.0
 10
500.1400885082379
 20
35.72231143604952
 30
0.0
 41
1.0
 10
500.1035933089907
 20
35.71126959407969
 30
0.0
 41
1.0
 10
500.068214427432
 20
35.70091038186931
 30
0.0
 41
1.0
 10
500.0343161639939
 20
35.69140463720579
 30
0.0
 41
1.0
 10
500.0020093088281
 20
35.68278729128444
 30
0.0
 41
1.0
 10
499.9710355947018
 20
35.67489585949517
 30
0.0
 41
1.0
 10
499.9408794914666
 20
35.66743474226122
 30
0.0
 41
1.0
 10
499.9109075135594
 20
35.66005467736453
 30
0.0
 41
1.0
 10
499.8805004325936
 20
35.65242843421466
 30
0.0
 41
1.0
 10
499.8491823529562
 20
35.6443243942136
 30
0.0
 41
1.0
 10
499.8167657473882
 20
35.63568987320309
 30
0.0
 41
1.0
 10
499.7834458611209
 20
35.62670379915964
 30
0.0
 41
1.0
 10
499.7496334636909
 20
35.61767102377921
 30
0.0
 41
1.0
 10
499.7158236838877
 20
35.60893862164683
 30
0.0
 41
1.0
 10
499.6824466959218
 20
35.60080082809144
 30
0.0
 41
1.0
 10
499.6497356824769
 20
35.5934153162201
 30
0.0
 41
1.0
 10
499.6175643734516
 20
35.58669889480569
 30
0.0
 41
1.0
 10
499.5853696822289
 20
35.58028205996536
 30
0.0
 41
1.0
 10
499.5523617208981
 20
35.57367919424443
 30
0.0
 41
1.0
 10
499.5176776878243
 20
35.56640241325859
 30
0.0
 41
1.0
 10
499.4805751833137
 20
35.55814020132985
 30
0.0
 41
1.0
 10
499.4405688469417
 20
35.54881070310088
 30
0.0
 41
1.0
 10
499.3976877130513
 20
35.53890528015685
 30
0.0
 41
1.0
 10
499.3523673260556
 20
35.52893009931431
 30
0.0
 41
1.0
 10
499.3052625157534
 20
35.51917694147328
 30
0.0
 41
1.0
 10
499.2572140496682
 20
35.50985023757448
 30
0.0
 41
1.0
 10
499.209152820557
 20
35.50104835416072
 30
0.0
 41
1.0
 10
499.1620310859587
 20
35.49280720795501
 30
0.0
 41
1.0
 10
499.1167414252672
 20
35.48511718264791
 30
0.0
 41
1.0
 10
499.074042522664
 20
35.47795116710297
 30
0.0
 41
1.0
 10
499.0344777533745
 20
35.47128876673121
 30
0.0
 41
1.0
 10
498.998407819629
 20
35.46511662642125
 30
0.0
 41
1.0
 10
498.966048676919
 20
35.45942651349485
 30
0.0
 41
1.0
 10
498.9432157403689
 20
35.45525672736161
 30
0.0
 41
1.0
 10
498.9278249518098
 20
35.45234376976701
 30
0.0
 41
1.0
 10
498.9183349925349
 20
35.45049707260688
 30
0.0
 41
1.0
 10
498.9137826546371
 20
35.44959754260837
 30
0.0
 41
1.0
  0
ARC
  5
15D
330
70
100
AcDbEntity
  8
Untitled v10_Sketch14
100
AcDbCircle
 10
518.0402078251445
 20
49.62338796900112
 30
0.0
 40
24.37862958253658
100
AcDbArc
 50
94.70162709093782
 51
97.30105525260945
  0
SPLINE
  5
15E
330
70
100
AcDbEntity
  8
Untitled v10_Sketch14
100
AcDbSpline
210
0.0
220
0.0
230
1.0
 70
    12
 71
     5
 72
   156
 73
   150
 74
     0
 42
0.000000001
 43
0.0000000001
 40
0.0
 40
0.0
 40
0.0
 40
0.0
 40
0.0
 40
0.0
 40
0.0068965517241379
 40
0.0137931034482759
 40
0.0206896551724138
 40
0.0275862068965517
 40
0.0344827586206897
 40
0.0413793103448276
 40
0.0482758620689655
 40
0.0551724137931035
 40
0.0620689655172414
 40
0.0689655172413793
 40
0.0758620689655173
 40
0.0827586206896552
 40
0.0896551724137931
 40
0.0965517241379311
 40
0.103448275862069
 40
0.1103448275862069
 40
0.1172413793103448
 40
0.1241379310344828
 40
0.1310344827586207
 40
0.1379310344827586
 40
0.1448275862068966
 40
0.1517241379310345
 40
0.1586206896551725
 40
0.1655172413793104
 40
0.1724137931034483
 40
0.1793103448275863
 40
0.1862068965517242
 40
0.1931034482758622
 40
0.2000000000000001
 40
0.2068965517241381
 40
0.213793103448276
 40
0.220689655172414
 40
0.2275862068965519
 40
0.2344827586206899
 40
0.2413793103448278
 40
0.2482758620689657
 40
0.2551724137931037
 40
0.2620689655172416
 40
0.2689655172413796
 40
0.2758620689655175
 40
0.2827586206896555
 40
0.2896551724137934
 40
0.2965517241379314
 40
0.3034482758620693
 40
0.3103448275862072
 40
0.3172413793103452
 40
0.3241379310344831
 40
0.3310344827586211
 40
0.337931034482759
 40
0.344827586206897
 40
0.3517241379310349
 40
0.3586206896551729
 40
0.3655172413793108
 40
0.3724137931034487
 40
0.3793103448275867
 40
0.3862068965517246
 40
0.3931034482758626
 40
0.4000000000000006
 40
0.4068965517241385
 40
0.4137931034482765
 40
0.4206896551724144
 40
0.4275862068965524
 40
0.4344827586206903
 40
0.4413793103448282
 40
0.4482758620689661
 40
0.4551724137931041
 40
0.462068965517242
 40
0.46896551724138
 40
0.4758620689655179
 40
0.4827586206896559
 40
0.4896551724137938
 40
0.4965517241379318
 40
0.5034482758620697
 40
0.5103448275862076
 40
0.5172413793103456
 40
0.5241379310344835
 40
0.5310344827586215
 40
0.5379310344827594
 40
0.5448275862068974
 40
0.5517241379310353
 40
0.5586206896551733
 40
0.5655172413793112
 40
0.5724137931034491
 40
0.579310344827587
 40
0.586206896551725
 40
0.5931034482758629
 40
0.6000000000000009
 40
0.6068965517241388
 40
0.6137931034482768
 40
0.6206896551724147
 40
0.6275862068965527
 40
0.6344827586206906
 40
0.6413793103448286
 40
0.6482758620689665
 40
0.6551724137931045
 40
0.6620689655172424
 40
0.6689655172413804
 40
0.6758620689655183
 40
0.6827586206896563
 40
0.6896551724137942
 40
0.6965517241379322
 40
0.7034482758620701
 40
0.710344827586208
 40
0.7172413793103459
 40
0.7241379310344839
 40
0.7310344827586218
 40
0.7379310344827598
 40
0.7448275862068977
 40
0.7517241379310357
 40
0.7586206896551736
 40
0.7655172413793116
 40
0.7724137931034495
 40
0.7793103448275875
 40
0.7862068965517254
 40
0.7931034482758634
 40
0.8000000000000012
 40
0.8068965517241391
 40
0.8137931034482772
 40
0.8206896551724151
 40
0.827586206896553
 40
0.8344827586206909
 40
0.841379310344829
 40
0.8482758620689669
 40
0.8551724137931048
 40
0.8620689655172427
 40
0.8689655172413807
 40
0.8758620689655186
 40
0.8827586206896565
 40
0.8896551724137944
 40
0.8965517241379325
 40
0.9034482758620704
 40
0.9103448275862083
 40
0.9172413793103462
 40
0.9241379310344843
 40
0.9310344827586222
 40
0.9379310344827601
 40
0.944827586206898
 40
0.9517241379310361
 40
0.958620689655174
 40
0.9655172413793119
 40
0.9724137931034498
 40
0.9793103448275878
 40
0.9862068965517257
 40
0.9931034482758636
 40
1.0
 40
1.0
 40
1.0
 40
1.0
 40
1.0
 40
1.0
 10
500.1413713749847
 20
60.59403530179366
 30
0.0
 41
1.0
 10
500.1438809056652
 20
60.59670979726853
 30
0.0
 41
1.0
 10
500.1488521903489
 20
60.60236909565283
 30
0.0
 41
1.0
 10
500.1561657889505
 20
60.61178897272519
 30
0.0
 41
1.0
 10
500.1656305607887
 20
60.62621074965306
 30
0.0
 41
1.0
 10
500.1769690552065
 20
60.64727138770223
 30
0.0
 41
1.0
 10
500.1877710923554
 20
60.67115336926576
 30
0.0
 41
1.0
 10
500.197949311586
 20
60.69743345971957
 30
0.0
 41
1.0
 10
500.2073572383334
 20
60.72540071892724
 30
0.0
 41
1.0
 10
500.2157782261283
 20
60.75400093261684
 30
0.0
 41
1.0
 10
500.2229753530588
 20
60.78205529730396
 30
0.0
 41
1.0
 10
500.2287362922159
 20
60.80845610740432
 30
0.0
 41
1.0
 10
500.2329220769866
 20
60.83238084838242
 30
0.0
 41
1.0
 10
500.2355096740748
 20
60.85347630440239
 30
0.0
 41
1.0
 10
500.2366491555319
 20
60.87211400364211
 30
0.0
 41
1.0
 10
500.2366201190224
 20
60.88914196338144
 30
0.0
 41
1.0
 10
500.2357631343283
 20
60.90549826087659
 30
0.0
 41
1.0
 10
500.2344223318427
 20
60.92190874451461
 30
0.0
 41
1.0
 10
500.2328772956769
 20
60.93846317983881
 30
0.0
 41
1.0
 10
500.2312999652107
 20
60.95454004551122
 30
0.0
 41
1.0
 10
500.2297505190067
 20
60.9693486873094
 30
0.0
 41
1.0
 10
500.2281669506595
 20
60.98231195630731
 30
0.0
 41
1.0
 10
500.2263520151179
 20
60.99356038326625
 30
0.0
 41
1.0
 10
500.2239765355711
 20
61.00423805643202
 30
0.0
 41
1.0
 10
500.2206919881246
 20
61.01584962580034
 30
0.0
 41
1.0
 10
500.2162242498858
 20
61.02974869529731
 30
0.0
 41
1.0
 10
500.210486150868
 20
61.04651099883589
 30
0.0
 41
1.0
 10
500.2036481111969
 20
61.06553563294454
 30
0.0
 41
1.0
 10
500.1960324563529
 20
61.08556734886839
 30
0.0
 41
1.0
 10
500.1880293277316
 20
61.10511206306995
 30
0.0
 41
1.0
 10
500.1800094459119
 20
61.12285582364378
 30
0.0
 41
1.0
 10
500.1722253994404
 20
61.13817580413027
 30
0.0
 41
1.0
 10
500.1647768123313
 20
61.15117065769048
 30
0.0
 41
1.0
 10
500.15761144254
 20
61.16238464014401
 30
0.0
 41
1.0
 10
500.1505230522695
 20
61.17263076138357
 30
0.0
 41
1.0
 10
500.1431325019428
 20
61.18276029665643
 30
0.0
 41
1.0
 10
500.1349407562893
 20
61.19349861513349
 30
0.0
 41
1.0
 10
500.1255099631219
 20
61.2053373999943
 30
0.0
 41
1.0
 10
500.1145979697452
 20
61.21843181358293
 30
0.0
 41
1.0
 10
500.1023474961374
 20
61.23245794518595
 30
0.0
 41
1.0
 10
500.0893395244092
 20
61.24660491410416
 30
0.0
 41
1.0
 10
500.0762999223833
 20
61.2599311228822
 30
0.0
 41
1.0
 10
500.0638601672023
 20
61.27166505664938
 30
0.0
 41
1.0
 10
500.0523162373591
 20
61.2815029625402
 30
0.0
 41
1.0
 10
500.0413370873817
 20
61.28997362907242
 30
0.0
 41
1.0
 10
500.0301966404035
 20
61.2981288730522
 30
0.0
 41
1.0
 10
500.0181185713346
 20
61.30708853059161
 30
0.0
 41
1.0
 10
500.0045496338698
 20
61.31767909379064
 30
0.0
 41
1.0
 10
499.98954135004
 20
61.32992825081537
 30
0.0
 41
1.0
 10
499.9736700779459
 20
61.34317663216393
 30
0.0
 41
1.0
 10
499.957743576572
 20
61.35647605520752
 30
0.0
 41
1.0
 10
499.9425799503979
 20
61.3688894409411
 30
0.0
 41
1.0
 10
499.9287453488347
 20
61.37984927512825
 30
0.0
 41
1.0
 10
499.9163416035043
 20
61.3894400592828
 30
0.0
 41
1.0
 10
499.9051247522444
 20
61.39816354080245
 30
0.0
 41
1.0
 10
499.8945961703697
 20
61.40674411021386
 30
0.0
 41
1.0
 10
499.8841046030315
 20
61.41592427969101
 30
0.0
 41
1.0
 10
499.8729415455001
 20
61.42625093499873
 30
0.0
 41
1.0
 10
499.8604875287518
 20
61.43803174314804
 30
0.0
 41
1.0
 10
499.8463777176531
 20
61.45130639154103
 30
0.0
 41
1.0
 10
499.8306335187591
 20
61.46582433417549
 30
0.0
 41
1.0
 10
499.8138740598551
 20
61.48099095696792
 30
0.0
 41
1.0
 10
499.7972229713243
 20
61.49594622576984
 30
0.0
 41
1.0
 10
499.7819586705594
 20
61.50975752259341
 30
0.0
 41
1.0
 10
499.7692324982374
 20
61.52158107177484
 30
0.0
 41
1.0
 10
499.7597691593572
 20
61.53083417204037
 30
0.0
 41
1.0
 10
499.753547400466
 20
61.53736893685781
 30
0.0
 41
1.0
 10
499.7498886397716
 20
61.54152398412179
 30
0.0
 41
1.0
 10
499.7476026814467
 20
61.54414021504635
 30
0.0
 41
1.0
 10
499.7450911182339
 20
61.54663217656768
 30
0.0
 41
1.0
 10
499.7405376966573
 20
61.55090288709899
 30
0.0
 41
1.0
 10
499.7324347785584
 20
61.55866548142242
 30
0.0
 41
1.0
 10
499.7199835219218
 20
61.57094597089532
 30
0.0
 41
1.0
 10
499.703702520309
 20
61.58733096122041
 30
0.0
 41
1.0
 10
499.6852460263625
 20
61.60613661546598
 30
0.0
 41
1.0
 10
499.6667153784891
 20
61.62516353908671
 30
0.0
 41
1.0
 10
499.6500922147027
 20
61.64230885163995
 30
0.0
 41
1.0
 10
499.6366846083258
 20
61.65616932509372
 30
0.0
 41
1.0
 10
499.6264075404266
 20
61.66682026332324
 30
0.0
 41
1.0
 10
499.6180203722286
 20
61.67556790329491
 30
0.0
 41
1.0
 10
499.609828947756
 20
61.68420289028581
 30
0.0
 41
1.0
 10
499.6001853998662
 20
61.69447054535289
 30
0.0
 41
1.0
 10
499.5881980687636
 20
61.70731682709167
 30
0.0
 41
1.0
 10
499.5738184786616
 20
61.7227978215353
 30
0.0
 41
1.0
 10
499.5574696219746
 20
61.74047739559391
 30
0.0
 41
1.0
 10
499.5397975095796
 20
61.75969387381805
 30
0.0
 41
1.0
 10
499.521387843592
 20
61.77986332953445
 30
0.0
 41
1.0
 10
499.5024569931811
 20
61.8008115379321
 30
0.0
 41
1.0
 10
499.4829102874766
 20
61.82270494215252
 30
0.0
 41
1.0
 10
499.4624777158433
 20
61.84589737320166
 30
0.0
 41
1.0
 10
499.4408248914533
 20
61.87080351742338
 30
0.0
 41
1.0
 10
499.4176688080662
 20
61.89776760911513
 30
0.0
 41
1.0
 10
499.3929049075776
 20
61.92691873240079
 30
0.0
 41
1.0
 10
499.3666876477997
 20
61.95807995257837
 30
0.0
 41
1.0
 10
499.3393489239069
 20
61.99086457188599
 30
0.0
 41
1.0
 10
499.3113432955309
 20
62.02474149545871
 30
0.0
 41
1.0
 10
499.2831835577701
 20
62.05911165694089
 30
0.0
 41
1.0
 10
499.2553785095489
 20
62.09338208953198
 30
0.0
 41
1.0
 10
499.2283743255864
 20
62.12703541973219
 30
0.0
 41
1.0
 10
499.2024831202849
 20
62.15971516648117
 30
0.0
 41
1.0
 10
499.177861807579
 20
62.19124918758289
 30
0.0
 41
1.0
 10
499.1545403932769
 20
62.22161233174531
 30
0.0
 41
1.0
 10
499.132436803196
 20
62.25090570557114
 30
0.0
 41
1.0
 10
499.1113769840916
 20
62.27932929781765
 30
0.0
 41
1.0
 10
499.0911131654272
 20
62.30715723175798
 30
0.0
 41
1.0
 10
499.0713418049852
 20
62.33471251909961
 30
0.0
 41
1.0
 10
499.0517248988869
 20
62.36234022004531
 30
0.0
 41
1.0
 10
499.0319328061578
 20
62.3903680979793
 30
0.0
 41
1.0
 10
499.0116838821947
 20
62.4190693443063
 30
0.0
 41
1.0
 10
498.9907863430129
 20
62.44862354447462
 30
0.0
 41
1.0
 10
498.9691769689117
 20
62.47908050802905
 30
0.0
 41
1.0
 10
498.9469665320059
 20
62.51031772552586
 30
0.0
 41
1.0
 10
498.9244666842793
 20
62.54201555458621
 30
0.0
 41
1.0
 10
498.9020997096034
 20
62.57374465388032
 30
0.0
 41
1.0
 10
498.8803206570657
 20
62.60504153412
 30
0.0
 41
1.0
 10
498.8595357851457
 20
62.63548767734434
 30
0.0
 41
1.0
 10
498.840020145259
 20
62.66478940503297
 30
0.0
 41
1.0
 10
498.8218411949863
 20
62.69285214382328
 30
0.0
 41
1.0
 10
498.8047645933163
 20
62.71987130994418
 30
0.0
 41
1.0
 10
498.7883499007683
 20
62.74624585640978
 30
0.0
 41
1.0
 10
498.7720691914293
 20
62.77247033583208
 30
0.0
 41
1.0
 10
498.755419898419
 20
62.79903254958945
 30
0.0
 41
1.0
 10
498.7380346795285
 20
62.82631352722304
 30
0.0
 41
1.0
 10
498.719805480036
 20
62.85447533745411
 30
0.0
 41
1.0
 10
498.7009628046537
 20
62.88338758281874
 30
0.0
 41
1.0
 10
498.6819235193415
 20
62.91275380262717
 30
0.0
 41
1.0
 10
498.6631707148553
 20
62.94221035336299
 30
0.0
 41
1.0
 10
498.6451171567637
 20
62.97143903875692
 30
0.0
 41
1.0
 10
498.6279848585147
 20
63.00026681256781
 30
0.0
 41
1.0
 10
498.611655680942
 20
63.02878805729569
 30
0.0
 41
1.0
 10
498.5956042016367
 20
63.05742411715741
 30
0.0
 41
1.0
 10
498.5791244821657
 20
63.08677615615131
 30
0.0
 41
1.0
 10
498.5614858965383
 20
63.11751398282858
 30
0.0
 41
1.0
 10
498.5421627616168
 20
63.1502473976171
 30
0.0
 41
1.0
 10
498.5209272437107
 20
63.18541271101508
 30
0.0
 41
1.0
 10
498.498255627563
 20
63.22313414880149
 30
0.0
 41
1.0
 10
498.4747638970481
 20
63.26315389777249
 30
0.0
 41
1.0
 10
498.4509319058288
 20
63.30493934303746
 30
0.0
 41
1.0
 10
498.4272138907363
 20
63.34775403979961
 30
0.0
 41
1.0
 10
498.403991065594
 20
63.39074305336957
 30
0.0
 41
1.0
 10
498.381591852998
 20
63.43301183188771
 30
0.0
 41
1.0
 10
498.3602829294961
 20
63.47370851030206
 30
0.0
 41
1.0
 10
498.3402729571706
 20
63.51210315927616
 30
0.0
 41
1.0
 10
498.3217104517939
 20
63.54767269598646
 30
0.0
 41
1.0
 10
498.3046941750195
 20
63.58006994527002
 30
0.0
 41
1.0
 10
498.2892830310214
 20
63.609086977212
 30
0.0
 41
1.0
 10
498.2782615633225
 20
63.62951385552598
 30
0.0
 41
1.0
 10
498.2707351607987
 20
63.64325121187548
 30
0.0
 41
1.0
 10
498.2660462887391
 20
63.65170603867717
 30
0.0
 41
1.0
 10
498.263784035098
 20
63.65575759924283
 30
0.0
 41
1.0
  0
SPLINE
  5
15F
330
70
100
AcDbEntity
  8
Untitled v10_Sketch14
100
AcDbSpline
210
0.0
220
0.0
230
1.0
 70
    12
 71
     5
 72
    86
 73
    80
 74
     0
 42
0.000000001
 43
0.0000000001
 40
0.0
 40
0.0
 40
0.0
 40
0.0
 40
0.0
 40
0.0
 40
0.0133333333333333
 40
0.0266666666666667
 40
0.04
 40
0.0533333333333333
 40
0.0666666666666667
 40
0.08
 40
0.0933333333333334
 40
0.1066666666666667
 40
0.12
 40
0.1333333333333333
 40
0.1466666666666667
 40
0.16
 40
0.1733333333333333
 40
0.1866666666666667
 40
0.2
 40
0.2133333333333333
 40
0.2266666666666667
 40
0.24
 40
0.2533333333333334
 40
0.2666666666666666
 40
0.28
 40
0.2933333333333333
 40
0.3066666666666666
 40
0.3199999999999999
 40
0.3333333333333332
 40
0.3466666666666665
 40
0.3599999999999998
 40
0.3733333333333331
 40
0.3866666666666665
 40
0.3999999999999997
 40
0.4133333333333331
 40
0.4266666666666664
 40
0.4399999999999997
 40
0.453333333333333
 40
0.4666666666666663
 40
0.4799999999999997
 40
0.493333333333333
 40
0.5066666666666663
 40
0.5199999999999996
 40
0.5333333333333329
 40
0.5466666666666662
 40
0.5599999999999996
 40
0.5733333333333328
 40
0.5866666666666661
 40
0.5999999999999995
 40
0.6133333333333328
 40
0.6266666666666661
 40
0.6399999999999994
 40
0.6533333333333326
 40
0.666666666666666
 40
0.6799999999999993
 40
0.6933333333333326
 40
0.706666666666666
 40
0.7199999999999993
 40
0.7333333333333325
 40
0.7466666666666658
 40
0.7599999999999991
 40
0.7733333333333325
 40
0.7866666666666658
 40
0.7999999999999991
 40
0.8133333333333323
 40
0.8266666666666656
 40
0.8399999999999989
 40
0.8533333333333322
 40
0.8666666666666655
 40
0.8799999999999988
 40
0.8933333333333322
 40
0.9066666666666655
 40
0.9199999999999988
 40
0.9333333333333321
 40
0.9466666666666654
 40
0.9599999999999987
 40
0.973333333333332
 40
0.9866666666666652
 40
1.0
 40
1.0
 40
1.0
 40
1.0
 40
1.0
 40
1.0
 10
496.3056745594234
 20
60.26428181452594
 30
0.0
 41
1.0
 10
496.3240229133419
 20
60.26505338708567
 30
0.0
 41
1.0
 10
496.3601422838719
 20
60.26654006107783
 30
0.0
 41
1.0
 10
496.412589322738
 20
60.26860065833666
 30
0.0
 41
1.0
 10
496.4790537147895
 20
60.27100919881007
 30
0.0
 41
1.0
 10
496.5563959488856
 20
60.27345670765662
 30
0.0
 41
1.0
 10
496.6281210182808
 20
60.27534720199447
 30
0.0
 41
1.0
 10
496.6944773556812
 20
60.2766936343076
 30
0.0
 41
1.0
 10
496.7558890322814
 20
60.27751847200399
 30
0.0
 41
1.0
 10
496.8129922308226
 20
60.27785560190402
 30
0.0
 41
1.0
 10
496.8667013992692
 20
60.27775426288719
 30
0.0
 41
1.0
 10
496.9181601760508
 20
60.27727509295196
 30
0.0
 41
1.0
 10
496.968601202401
 20
60.27647993236627
 30
0.0
 41
1.0
 10
497.0192294730076
 20
60.27542324765121
 30
0.0
 41
1.0
 10
497.0711018798636
 20
60.27414326012355
 30
0.0
 41
1.0
 10
497.124994336091
 20
60.272652294963
 30
0.0
 41
1.0
 10
497.1813167502652
 20
60.27093017175786
 30
0.0
 41
1.0
 10
497.2402237872085
 20
60.26892991905235
 30
0.0
 41
1.0
 10
497.3016934293765
 20
60.26658159612438
 30
0.0
 41
1.0
 10
497.3656216382182
 20
60.26379676594558
 30
0.0
 41
1.0
 10
497.4319014115049
 20
60.26047281209642
 30
0.0
 41
1.0
 10
497.5005297877864
 20
60.25649694845029
 30
0.0
 41
1.0
 10
497.5716153603474
 20
60.25175182065858
 30
0.0
 41
1.0
 10
497.645299019456
 20
60.24612260016958
 30
0.0
 41
1.0
 10
497.7216990573467
 20
60.23950365630248
 30
0.0
 41
1.0
 10
497.800846050706
 20
60.23180542667567
 30
0.0
 41
1.0
 10
497.882622518316
 20
60.22296119889332
 30
0.0
 41
1.0
 10
497.9666991730607
 20
60.21293402496503
 30
0.0
 41
1.0
 10
498.0524756823257
 20
60.20172344392804
 30
0.0
 41
1.0
 10
498.1391556104573
 20
60.18936526011145
 30
0.0
 41
1.0
 10
498.2258176138447
 20
60.17593152027522
 30
0.0
 41
1.0
 10
498.3114879953106
 20
60.16153051253141
 30
0.0
 41
1.0
 10
498.3952122649687
 20
60.14630670157671
 30
0.0
 41
1.0
 10
498.4761278822776
 20
60.13044098630892
 30
0.0
 41
1.0
 10
498.5535348077807
 20
60.11415029064693
 30
0.0
 41
1.0
 10
498.6269720106673
 20
60.09768907517049
 30
0.0
 41
1.0
 10
498.6961911136869
 20
60.08131513254234
 30
0.0
 41
1.0
 10
498.7611232527544
 20
60.06525226728555
 30
0.0
 41
1.0
 10
498.8218489652524
 20
60.04965550946458
 30
0.0
 41
1.0
 10
498.8785662821293
 20
60.03457195295275
 30
0.0
 41
1.0
 10
498.9315614958001
 20
60.01991091477883
 30
0.0
 41
1.0
 10
498.9811744722386
 20
60.00539035988481
 30
0.0
 41
1.0
 10
499.0277969093516
 20
59.99062875773958
 30
0.0
 41
1.0
 10
499.0718783265086
 20
59.9752731560067
 30
0.0
 41
1.0
 10
499.1139320374373
 20
59.95912241958301
 30
0.0
 41
1.0
 10
499.154535600034
 20
59.94223608476531
 30
0.0
 41
1.0
 10
499.194347765206
 20
59.9250910381945
 30
0.0
 41
1.0
 10
499.2340534439335
 20
59.9085258101995
 30
0.0
 41
1.0
 10
499.2742648183658
 20
59.89355248544619
 30
0.0
 41
1.0
 10
499.3154330362473
 20
59.88120555343584
 30
0.0
 41
1.0
 10
499.3577611247424
 20
59.87238282847769
 30
0.0
 41
1.0
 10
499.4011013857853
 20
59.86767110456568
 30
0.0
 41
1.0
 10
499.4449486319689
 20
59.86729035334754
 30
0.0
 41
1.0
 10
499.4884730417813
 20
59.87108733554244
 30
0.0
 41
1.0
 10
499.5305337841011
 20
59.87850706412785
 30
0.0
 41
1.0
 10
499.5697134845736
 20
59.88858520574879
 30
0.0
 41
1.0
 10
499.6043075497197
 20
59.89989818240559
 30
0.0
 41
1.0
 10
499.6327507711652
 20
59.91089588544539
 30
0.0
 41
1.0
 10
499.6541752084863
 20
59.92033479086806
 30
0.0
 41
1.0
 10
499.6688140035067
 20
59.92760699056354
 30
0.0
 41
1.0
 10
499.678732246322
 20
59.93327964701755
 30
0.0
 41
1.0
 10
499.6873349746443
 20
59.93885612182417
 30
0.0
 41
1.0
 10
499.6978019978766
 20
59.94585748635131
 30
0.0
 41
1.0
 10
499.7118678376024
 20
59.95511981703316
 30
0.0
 41
1.0
 10
499.728351070461
 20
59.96594137821745
 30
0.0
 41
1.0
 10
499.744587289141
 20
59.97687551763732
 30
0.0
 41
1.0
 10
499.7578957783545
 20
59.98654037164925
 30
0.0
 41
1.0
 10
499.7671784961219
 20
59.99450598991202
 30
0.0
 41
1.0
 10
499.7740405974076
 20
60.00190487656894
 30
0.0
 41
1.0
 10
499.7811259239589
 20
60.01042554610371
 30
0.0
 41
1.0
 10
499.7909494672046
 20
60.02160071739425
 30
0.0
 41
1.0
 10
499.8042244828929
 20
60.03578587761936
 30
0.0
 41
1.0
 10
499.8198442860306
 20
60.05216910466614
 30
0.0
 41
1.0
 10
499.8358762339667
 20
60.06941562796143
 30
0.0
 41
1.0
 10
499.8501969009566
 20
60.08608543050989
 30
0.0
 41
1.0
 10
499.8614095092523
 20
60.101232999545
 30
0.0
 41
1.0
 10
499.8673622239027
 20
60.11177319823154
 30
0.0
 41
1.0
 10
499.8700258527427
 20
60.11872044590987
 30
0.0
 41
1.0
 10
499.8710020467187
 20
60.12292673978407
 30
0.0
 41
1.0
 10
499.871290218722
 20
60.12492356216199
 30
0.0
 41
1.0
  0
SPLINE
  5
160
330
70
100
AcDbEntity
  8
Untitled v10_Sketch14
100
AcDbSpline
210
0.0
220
0.0
230
1.0
 70
    12
 71
     5
 72
   156
 73
   150
 74
     0
 42
0.000000001
 43
0.0000000001
 40
0.0
 40
0.0
 40
0.0
 40
0.0
 40
0.0
 40
0.0
 40
0.0068965517241379
 40
0.0137931034482759
 40
0.0206896551724138
 40
0.0275862068965517
 40
0.0344827586206897
 40
0.0413793103448276
 40
0.0482758620689655
 40
0.0551724137931035
 40
0.0620689655172414
 40
0.0689655172413793
 40
0.0758620689655173
 40
0.0827586206896552
 40
0.0896551724137931
 40
0.0965517241379311
 40
0.103448275862069
 40
0.1103448275862069
 40
0.1172413793103448
 40
0.1241379310344828
 40
0.1310344827586207
 40
0.1379310344827586
 40
0.1448275862068966
 40
0.1517241379310345
 40
0.1586206896551725
 40
0.1655172413793104
 40
0.1724137931034483
 40
0.1793103448275863
 40
0.1862068965517242
 40
0.1931034482758622
 40
0.2000000000000001
 40
0.2068965517241381
 40
0.213793103448276
 40
0.220689655172414
 40
0.2275862068965519
 40
0.2344827586206899
 40
0.2413793103448278
 40
0.2482758620689657
 40
0.2551724137931037
 40
0.2620689655172416
 40
0.2689655172413796
 40
0.2758620689655175
 40
0.2827586206896555
 40
0.2896551724137934
 40
0.2965517241379314
 40
0.3034482758620693
 40
0.3103448275862072
 40
0.3172413793103452
 40
0.3241379310344831
 40
0.3310344827586211
 40
0.337931034482759
 40
0.344827586206897
 40
0.3517241379310349
 40
0.3586206896551729
 40
0.3655172413793108
 40
0.3724137931034487
 40
0.3793103448275867
 40
0.3862068965517246
 40
0.3931034482758626
 40
0.4000000000000006
 40
0.4068965517241385
 40
0.4137931034482765
 40
0.4206896551724144
 40
0.4275862068965524
 40
0.4344827586206903
 40
0.4413793103448282
 40
0.4482758620689661
 40
0.4551724137931041
 40
0.462068965517242
 40
0.46896551724138
 40
0.4758620689655179
 40
0.4827586206896559
 40
0.4896551724137938
 40
0.4965517241379318
 40
0.5034482758620697
 40
0.5103448275862076
 40
0.5172413793103456
 40
0.5241379310344835
 40
0.5310344827586215
 40
0.5379310344827594
 40
0.5448275862068974
 40
0.5517241379310353
 40
0.5586206896551733
 40
0.5655172413793112
 40
0.5724137931034491
 40
0.579310344827587
 40
0.586206896551725
 40
0.5931034482758629
 40
0.6000000000000009
 40
0.6068965517241388
 40
0.6137931034482768
 40
0.6206896551724147
 40
0.6275862068965527
 40
0.6344827586206906
 40
0.6413793103448286
 40
0.6482758620689665
 40
0.6551724137931045
 40
0.6620689655172424
 40
0.6689655172413804
 40
0.6758620689655183
 40
0.6827586206896563
 40
0.6896551724137942
 40
0.6965517241379322
 40
0.7034482758620701
 40
0.710344827586208
 40
0.7172413793103459
 40
0.7241379310344839
 40
0.7310344827586218
 40
0.7379310344827598
 40
0.7448275862068977
 40
0.7517241379310357
 40
0.7586206896551736
 40
0.7655172413793116
 40
0.7724137931034495
 40
0.7793103448275875
 40
0.7862068965517254
 40
0.7931034482758634
 40
0.8000000000000012
 40
0.8068965517241391
 40
0.8137931034482772
 40
0.8206896551724151
 40
0.827586206896553
 40
0.8344827586206909
 40
0.841379310344829
 40
0.8482758620689669
 40
0.8551724137931048
 40
0.8620689655172427
 40
0.8689655172413807
 40
0.8758620689655186
 40
0.8827586206896565
 40
0.8896551724137944
 40
0.8965517241379325
 40
0.9034482758620704
 40
0.9103448275862083
 40
0.9172413793103462
 40
0.9241379310344843
 40
0.9310344827586222
 40
0.9379310344827601
 40
0.944827586206898
 40
0.9517241379310361
 40
0.958620689655174
 40
0.9655172413793119
 40
0.9724137931034498
 40
0.9793103448275878
 40
0.9862068965517257
 40
0.9931034482758636
 40
1.0
 40
1.0
 40
1.0
 40
1.0
 40
1.0
 40
1.0
 10
505.5972725787646
 20
33.34657403173274
 30
0.0
 41
1.0
 10
505.5948750518414
 20
33.34934937584357
 30
0.0
 41
1.0
 10
505.5897663964343
 20
33.35488498507289
 30
0.0
 41
1.0
 10
505.5811626016569
 20
33.36314316429053
 30
0.0
 41
1.0
 10
505.5678091667874
 20
33.37406357329833
 30
0.0
 41
1.0
 10
505.5480490965144
 20
33.38754139038805
 30
0.0
 41
1.0
 10
505.5254270632881
 20
33.40078059967979
 30
0.0
 41
1.0
 10
505.5003548515344
 20
33.41365007903015
 30
0.0
 41
1.0
 10
505.4735241960243
 20
33.42592984279719
 30
0.0
 41
1.0
 10
505.4459608902112
 20
33.43729423592599
 30
0.0
 41
1.0
 10
505.4188125148872
 20
33.4473844158709
 30
0.0
 41
1.0
 10
505.3931585133041
 20
33.45587343210937
 30
0.0
 41
1.0
 10
505.3698023682099
 20
33.46253710312162
 30
0.0
 41
1.0
 10
505.3490929528525
 20
33.46731560068179
 30
0.0
 41
1.0
 10
505.3306764611249
 20
33.47039701000057
 30
0.0
 41
1.0
 10
505.313738747189
 20
33.47214803902034
 30
0.0
 41
1.0
 10
505.2973824719098
 20
33.47300544761993
 30
0.0
 41
1.0
 10
505.2809217345949
 20
33.4733873528269
 30
0.0
 41
1.0
 10
505.2642964859434
 20
33.4735811902155
 30
0.0
 41
1.0
 10
505.2481428150937
 20
33.47369299059366
 30
0.0
 41
1.0
 10
505.233253335354
 20
33.47369995698827
 30
0.0
 41
1.0
 10
505.2201955525342
 20
33.47348009418148
 30
0.0
 41
1.0
 10
505.208819033212
 20
33.47285088183071
 30
0.0
 41
1.0
 10
505.1979515482306
 20
33.47160453617697
 30
0.0
 41
1.0
 10
505.186060259557
 20
33.46955172132709
 30
0.0
 41
1.0
 10
505.1717703248047
 20
33.46656130620119
 30
0.0
 41
1.0
 10
505.1545000522463
 20
33.46260677891983
 30
0.0
 41
1.0
 10
505.1348648672954
 20
33.45779481451323
 30
0.0
 41
1.0
 10
505.1141468345096
 20
33.45231476350541
 30
0.0
 41
1.0
 10
505.0938726335614
 20
33.44639845580055
 30
0.0
 41
1.0
 10
505.0753877692423
 20
33.44027723575799
 30
0.0
 41
1.0
 10
505.0593380587962
 20
33.43413720512508
 30
0.0
 41
1.0
 10
505.0456358030394
 20
33.42808775422853
 30
0.0
 41
1.0
 10
505.0337342668621
 20
33.42213381743569
 30
0.0
 41
1.0
 10
505.0228033364047
 20
33.41615526941624
 30
0.0
 41
1.0
 10
505.0119567689177
 20
33.40986403005331
 30
0.0
 41
1.0
 10
505.0004210054882
 20
33.40283961956807
 30
0.0
 41
1.0
 10
504.9876612884123
 20
33.39469797926092
 30
0.0
 41
1.0
 10
504.9734979934925
 20
33.38521450185539
 30
0.0
 41
1.0
 10
504.9582681753255
 20
33.37449726760589
 30
0.0
 41
1.0
 10
504.9428390016883
 20
33.36303931582876
 30
0.0
 41
1.0
 10
504.9282227857149
 20
33.35146411423196
 30
0.0
 41
1.0
 10
504.9152528231721
 20
33.34031903539625
 30
0.0
 41
1.0
 10
504.9042621411125
 20
33.32986668559293
 30
0.0
 41
1.0
 10
504.8946902441028
 20
33.31983310630356
 30
0.0
 41
1.0
 10
504.8854151816001
 20
33.30960614298014
 30
0.0
 41
1.0
 10
504.875242104003
 20
33.29853077807137
 30
0.0
 41
1.0
 10
504.863291216836
 20
33.28614318796212
 30
0.0
 41
1.0
 10
504.8495403691301
 20
33.27249750664166
 30
0.0
 41
1.0
 10
504.8347055641186
 20
33.25809801197991
 30
0.0
 41
1.0
 10
504.8198142239922
 20
33.24364892589998
 30
0.0
 41
1.0
 10
504.805883809543
 20
33.22986591979138
 30
0.0
 41
1.0
 10
504.7935379048329
 20
33.21725272024828
 30
0.0
 41
1.0
 10
504.7827031155594
 20
33.20591943386184
 30
0.0
 41
1.0
 10
504.7728549419593
 20
33.19567588180433
 30
0.0
 41
1.0
 10
504.7632208413212
 20
33.18610189033748
 30
0.0
 41
1.0
 10
504.7529942943618
 20
33.17662738591075
 30
0.0
 41
1.0
 10
504.7415573523032
 20
33.16660491018645
 30
0.0
 41
1.0
 10
504.7285392814215
 20
33.15545054761699
 30
0.0
 41
1.0
 10
504.71386247607
 20
33.14280561013675
 30
0.0
 41
1.0
 10
504.6977783473287
 20
33.12866519784507
 30
0.0
 41
1.0
 10
504.6809429683984
 20
33.11358289278388
 30
0.0
 41
1.0
 10
504.6643291134279
 20
33.09858627192391
 30
0.0
 41
1.0
 10
504.6489979224316
 20
33.08484926422835
 30
0.0
 41
1.0
 10
504.6359088966537
 20
33.07342870463628
 30
0.0
 41
1.0
 10
504.6257172975691
 20
33.06498441926791
 30
0.0
 41
1.0
 10
504.6185679799812
 20
33.05947981274699
 30
0.0
 41
1.0
 10
504.614053249868
 20
33.05627541583192
 30
0.0
 41
1.0
 10
504.6112124032194
 20
33.05427545082395
 30
0.0
 41
1.0
 10
504.6084715630811
 20
33.05203812712548
 30
0.0
 41
1.0
 10
504.6037482857889
 20
33.04795606047769
 30
0.0
 41
1.0
 10
504.5951812301924
 20
33.04070894306747
 30
0.0
 41
1.0
 10
504.5816665038038
 20
33.02960955641033
 30
0.0
 41
1.0
 10
504.5636694440911
 20
33.01513044168729
 30
0.0
 41
1.0
 10
504.5430375802377
 20
32.99874078048475
 30
0.0
 41
1.0
 10
504.5221779079498
 20
32.98230050052616
 30
0.0
 41
1.0
 10
504.5033889254475
 20
32.96756057334363
 30
0.0
 41
1.0
 10
504.4882029046268
 20
32.95567522922767
 30
0.0
 41
1.0
 10
504.4765360672369
 20
32.94656778638725
 30
0.0
 41
1.0
 10
504.4669596499494
 20
32.93914094133768
 30
0.0
 41
1.0
 10
504.4575157293087
 20
32.93189699226581
 30
0.0
 41
1.0
 10
504.446296296289
 20
32.92337953494609
 30
0.0
 41
1.0
 10
504.4322673705267
 20
32.91280067378622
 30
0.0
 41
1.0
 10
504.4153681061348
 20
32.90011806114251
 30
0.0
 41
1.0
 10
504.396076461767
 20
32.88570678391046
 30
0.0
 41
1.0
 10
504.3751180146699
 20
32.87014015013455
 30
0.0
 41
1.0
 10
504.3531347152473
 20
32.85393961643436
 30
0.0
 41
1.0
 10
504.3303224506254
 20
32.83730215523484
 30
0.0
 41
1.0
 10
504.3065057936548
 20
32.8201510123283
 30
0.0
 41
1.0
 10
504.2813046278562
 20
32.8022546416372
 30
0.0
 41
1.0
 10
504.2542715856395
 20
32.78332383466626
 30
0.0
 41
1.0
 10
504.2250347362516
 20
32.76311311779466
 30
0.0
 41
1.0
 10
504.1934547734069
 20
32.74153199866369
 30
0.0
 41
1.0
 10
504.1597238077782
 20
32.7187155942368
 30
0.0
 41
1.0
 10
504.1242611112493
 20
32.69495356060894
 30
0.0
 41
1.0
 10
504.0876423837115
 20
32.67064245275677
 30
0.0
 41
1.0
 10
504.0505170114559
 20
32.64622963714771
 30
0.0
 41
1.0
 10
504.0135278969187
 20
32.62215914354428
 30
0.0
 41
1.0
 10
503.9772362173311
 20
32.59882062221671
 30
0.0
 41
1.0
 10
503.942029125752
 20
32.57648721535453
 30
0.0
 41
1.0
 10
503.9080942233365
 20
32.55529698354223
 30
0.0
 41
1.0
 10
503.8754596600565
 20
32.53527713918707
 30
0.0
 41
1.0
 10
503.8440163040937
 20
32.51635662623528
 30
0.0
 41
1.0
 10
503.8135470687318
 20
32.49838324944164
 30
0.0
 41
1.0
 10
503.7837534333002
 20
32.48113924926677
 30
0.0
 41
1.0
 10
503.7542824267823
 20
32.46435651024662
 30
0.0
 41
1.0
 10
503.7247555482244
 20
32.44773494873598
 30
0.0
 41
1.0
 10
503.6948123729007
 20
32.43098099017089
 30
0.0
 41
1.0
 10
503.6641517660994
 20
32.4138430891044
 30
0.0
 41
1.0
 10
503.6325750792752
 20
32.39614928395547
 30
0.0
 41
1.0
 10
503.6000261674868
 20
32.37784190786272
 30
0.0
 41
1.0
 10
503.5666384478976
 20
32.35901832039595
 30
0.0
 41
1.0
 10
503.5327623883549
 20
32.33995505454999
 30
0.0
 41
1.0
 10
503.4988691188956
 20
32.32102720249173
 30
0.0
 41
1.0
 10
503.4654671553474
 20
32.30263887267917
 30
0.0
 41
1.0
 10
503.4330151885604
 20
32.28515035102589
 30
0.0
 41
1.0
 10
503.4018340389548
 20
32.26880448442287
 30
0.0
 41
1.0
 10
503.372024813048
 20
32.25365847530263
 30
0.0
 41
1.0
 10
503.3433686698158
 20
32.23949969295674
 30
0.0
 41
1.0
 10
503.3154228032882
 20
32.2259318126234
 30
0.0
 41
1.0
 10
503.2876401867802
 20
32.21248149524776
 30
0.0
 41
1.0
 10
503.2594831585961
 20
32.19869991619163
 30
0.0
 41
1.0
 10
503.2305343787982
 20
32.18426157401772
 30
0.0
 41
1.0
 10
503.2006213717005
 20
32.16907594673366
 30
0.0
 41
1.0
 10
503.1698979147398
 20
32.15335864607631
 30
0.0
 41
1.0
 10
503.1387024189206
 20
32.1374932657897
 30
0.0
 41
1.0
 10
503.107447032417
 20
32.12192223911018
 30
0.0
 41
1.0
 10
503.076491354136
 20
32.10702280986631
 30
0.0
 41
1.0
 10
503.046030689078
 20
32.09299768703552
 30
0.0
 41
1.0
 10
503.015958822875
 20
32.07973924428813
 30
0.0
 41
1.0
 10
502.9858017978805
 20
32.06676897999735
 30
0.0
 41
1.0
 10
502.9548879526759
 20
32.05344766168366
 30
0.0
 41
1.0
 10
502.9224747767795
 20
32.03911867986065
 30
0.0
 41
1.0
 10
502.8879008614632
 20
32.02332297263936
 30
0.0
 41
1.0
 10
502.8507084712781
 20
32.00587956129219
 30
0.0
 41
1.0
 10
502.810823846279
 20
31.98727510655388
 30
0.0
 41
1.0
 10
502.76856777519
 20
31.96809526905703
 30
0.0
 41
1.0
 10
502.7245201135476
 20
31.94876160035974
 30
0.0
 41
1.0
 10
502.6794607525046
 20
31.92964886949333
 30
0.0
 41
1.0
 10
502.6342797910242
 20
31.91104683694292
 30
0.0
 41
1.0
 10
502.5899012100262
 20
31.89318862003994
 30
0.0
 41
1.0
 10
502.5472000832469
 20
31.87625039030529
 30
0.0
 41
1.0
 10
502.50692415252
 20
31.86036336835691
 30
0.0
 41
1.0
 10
502.4696091592921
 20
31.84562057933824
 30
0.0
 41
1.0
 10
502.4356107002681
 20
31.83208395419001
 30
0.0
 41
1.0
 10
502.4051417234639
 20
31.81979033980895
 30
0.0
 41
1.0
 10
502.3836746886452
 20
31.8109644390627
 30
0.0
 41
1.0
 10
502.3692258636813
 20
31.80491521170815
 30
0.0
 41
1.0
 10
502.3603272327147
 20
31.80113579583306
 30
0.0
 41
1.0
 10
502.356061397125
 20
31.7993094384537
 30
0.0
 41
1.0
  0
SPLINE
  5
161
330
70
100
AcDbEntity
  8
Untitled v10_Sketch14
100
AcDbSpline
210
0.0
220
0.0
230
1.0
 70
    12
 71
     5
 72
   156
 73
   150
 74
     0
 42
0.000000001
 43
0.0000000001
 40
0.0
 40
0.0
 40
0.0
 40
0.0
 40
0.0
 40
0.0
 40
0.0068965517241379
 40
0.0137931034482759
 40
0.0206896551724138
 40
0.0275862068965517
 40
0.0344827586206897
 40
0.0413793103448276
 40
0.0482758620689655
 40
0.0551724137931035
 40
0.0620689655172414
 40
0.0689655172413793
 40
0.0758620689655173
 40
0.0827586206896552
 40
0.0896551724137931
 40
0.0965517241379311
 40
0.103448275862069
 40
0.1103448275862069
 40
0.1172413793103448
 40
0.1241379310344828
 40
0.1310344827586207
 40
0.1379310344827586
 40
0.1448275862068966
 40
0.1517241379310345
 40
0.1586206896551725
 40
0.1655172413793104
 40
0.1724137931034483
 40
0.1793103448275863
 40
0.1862068965517242
 40
0.1931034482758622
 40
0.2000000000000001
 40
0.2068965517241381
 40
0.213793103448276
 40
0.220689655172414
 40
0.2275862068965519
 40
0.2344827586206899
 40
0.2413793103448278
 40
0.2482758620689657
 40
0.2551724137931037
 40
0.2620689655172416
 40
0.2689655172413796
 40
0.2758620689655175
 40
0.2827586206896555
 40
0.2896551724137934
 40
0.2965517241379314
 40
0.3034482758620693
 40
0.3103448275862072
 40
0.3172413793103452
 40
0.3241379310344831
 40
0.3310344827586211
 40
0.337931034482759
 40
0.344827586206897
 40
0.3517241379310349
 40
0.3586206896551729
 40
0.3655172413793108
 40
0.3724137931034487
 40
0.3793103448275867
 40
0.3862068965517246
 40
0.3931034482758626
 40
0.4000000000000006
 40
0.4068965517241385
 40
0.4137931034482765
 40
0.4206896551724144
 40
0.4275862068965524
 40
0.4344827586206903
 40
0.4413793103448282
 40
0.4482758620689661
 40
0.4551724137931041
 40
0.462068965517242
 40
0.46896551724138
 40
0.4758620689655179
 40
0.4827586206896559
 40
0.4896551724137938
 40
0.4965517241379318
 40
0.5034482758620697
 40
0.5103448275862076
 40
0.5172413793103456
 40
0.5241379310344835
 40
0.5310344827586215
 40
0.5379310344827594
 40
0.5448275862068974
 40
0.5517241379310353
 40
0.5586206896551733
 40
0.5655172413793112
 40
0.5724137931034491
 40
0.579310344827587
 40
0.586206896551725
 40
0.5931034482758629
 40
0.6000000000000009
 40
0.6068965517241388
 40
0.6137931034482768
 40
0.6206896551724147
 40
0.6275862068965527
 40
0.6344827586206906
 40
0.6413793103448286
 40
0.6482758620689665
 40
0.6551724137931045
 40
0.6620689655172424
 40
0.6689655172413804
 40
0.6758620689655183
 40
0.6827586206896563
 40
0.6896551724137942
 40
0.6965517241379322
 40
0.7034482758620701
 40
0.710344827586208
 40
0.7172413793103459
 40
0.7241379310344839
 40
0.7310344827586218
 40
0.7379310344827598
 40
0.7448275862068977
 40
0.7517241379310357
 40
0.7586206896551736
 40
0.7655172413793116
 40
0.7724137931034495
 40
0.7793103448275875
 40
0.7862068965517254
 40
0.7931034482758634
 40
0.8000000000000012
 40
0.8068965517241391
 40
0.8137931034482772
 40
0.8206896551724151
 40
0.827586206896553
 40
0.8344827586206909
 40
0.841379310344829
 40
0.8482758620689669
 40
0.8551724137931048
 40
0.8620689655172427
 40
0.8689655172413807
 40
0.8758620689655186
 40
0.8827586206896565
 40
0.8896551724137944
 40
0.8965517241379325
 40
0.9034482758620704
 40
0.9103448275862083
 40
0.9172413793103462
 40
0.9241379310344843
 40
0.9310344827586222
 40
0.9379310344827601
 40
0.944827586206898
 40
0.9517241379310361
 40
0.958620689655174
 40
0.9655172413793119
 40
0.9724137931034498
 40
0.9793103448275878
 40
0.9862068965517257
 40
0.9931034482758636
 40
1.0
 40
1.0
 40
1.0
 40
1.0
 40
1.0
 40
1.0
 10
509.3307442049148
 20
31.13181772769273
 30
0.0
 41
1.0
 10
509.3278220432205
 20
31.13403394999956
 30
0.0
 41
1.0
 10
509.3216741063164
 20
31.13838644370233
 30
0.0
 41
1.0
 10
509.3115413530934
 20
31.14467533237086
 30
0.0
 41
1.0
 10
509.2962092421131
 20
31.15258076901892
 30
0.0
 41
1.0
 10
509.2740787810456
 20
31.16165571384727
 30
0.0
 41
1.0
 10
509.2491985071325
 20
31.16990222947372
 30
0.0
 41
1.0
 10
509.2219984681491
 20
31.1772776738847
 30
0.0
 41
1.0
 10
509.1932010203881
 20
31.18371068839828
 30
0.0
 41
1.0
 10
509.1638772487481
 20
31.18909600875483
 30
0.0
 41
1.0
 10
509.1352242641881
 20
31.19332122944236
 30
0.0
 41
1.0
 10
509.1083658983708
 20
31.19629097346316
 30
0.0
 41
1.0
 10
509.0841346859774
 20
31.19795301165841
 30
0.0
 41
1.0
 10
509.0628843155256
 20
31.19832135801918
 30
0.0
 41
1.0
 10
509.0442296073067
 20
31.19750642721723
 30
0.0
 41
1.0
 10
509.0272979636544
 20
31.19569764330873
 30
0.0
 41
1.0
 10
509.0111208469614
 20
31.19313565462445
 30
0.0
 41
1.0
 10
508.9949404136931
 20
31.19008683455913
 30
0.0
 41
1.0
 10
508.9786381655539
 20
31.1868198525783
 30
0.0
 41
1.0
 10
508.9628142465634
 20
31.18357067283068
 30
0.0
 41
1.0
 10
508.948248689285
 20
31.18048179008483
 30
0.0
 41
1.0
 10
508.9355219623969
 20
31.17755186610346
 30
0.0
 41
1.0
 10
508.9245248679209
 20
31.17457109218431
 30
0.0
 41
1.0
 10
508.9141539933925
 20
31.17109250499595
 30
0.0
 41
1.0
 10
508.9029493621132
 20
31.16661221114171
 30
0.0
 41
1.0
 10
508.8895934389856
 20
31.16071609926507
 30
0.0
 41
1.0
 10
508.873522755772
 20
31.15325729632428
 30
0.0
 41
1.0
 10
508.8553171103783
 20
31.14446810038242
 30
0.0
 41
1.0
 10
508.8361911829879
 20
31.13480028041039
 30
0.0
 41
1.0
 10
508.8175900915118
 20
31.12479801482454
 30
0.0
 41
1.0
 10
508.8007818390372
 20
31.11496733873121
 30
0.0
 41
1.0
 10
508.7863594374224
 20
31.1056245600632
 30
0.0
 41
1.0
 10
508.7742143603937
 20
31.09685844502056
 30
0.0
 41
1.0
 10
508.7638107944025
 20
31.08856014752177
 30
0.0
 41
1.0
 10
508.754361741029
 20
31.08043957688711
 30
0.0
 41
1.0
 10
508.7450602192786
 20
31.07203068801276
 30
0.0
 41
1.0
 10
508.7352369970184
 20
31.06276135767061
 30
0.0
 41
1.0
 10
508.724448852577
 20
31.05214473738652
 30
0.0
 41
1.0
 10
508.7125667854548
 20
31.03992378212137
 30
0.0
 41
1.0
 10
508.699898013649
 20
31.02627428790775
 30
0.0
 41
1.0
 10
508.6871882466017
 20
31.01185881428883
 30
0.0
 41
1.0
 10
508.6752980497511
 20
30.99749767644248
 30
0.0
 41
1.0
 10
508.6649287041932
 20
30.98389953747723
 30
0.0
 41
1.0
 10
508.6563513606269
 20
30.97139050530494
 30
0.0
 41
1.0
 10
508.6490747309674
 20
30.95958607450452
 30
0.0
 41
1.0
 10
508.6421286560701
 20
30.94765420093957
 30
0.0
 41
1.0
 10
508.6344805824712
 20
30.93470575756282
 30
0.0
 41
1.0
 10
508.6253663756669
 20
30.92010413686086
 30
0.0
 41
1.0
 10
508.614753113651
 20
30.90389768442019
 30
0.0
 41
1.0
 10
508.6032363080037
 20
30.88672852387216
 30
0.0
 41
1.0
 10
508.591674513305
 20
30.86949910128599
 30
0.0
 41
1.0
 10
508.5809141599388
 20
30.8531209909081
 30
0.0
 41
1.0
 10
508.5714604745114
 20
30.83821656211448
 30
0.0
 41
1.0
 10
508.5632187741141
 20
30.82487825586956
 30
0.0
 41
1.0
 10
508.5557155609638
 20
30.81281099957692
 30
0.0
 41
1.0
 10
508.5482825332932
 20
30.80144318064097
 30
0.0
 41
1.0
 10
508.5402493211562
 20
30.79004949819826
 30
0.0
 41
1.0
 10
508.5311460935957
 20
30.77786816365393
 30
0.0
 41
1.0
 10
508.5207316211785
 20
30.76425094154075
 30
0.0
 41
1.0
 10
508.5090045695694
 20
30.74883084686657
 30
0.0
 41
1.0
 10
508.4962118746595
 20
30.73165535810812
 30
0.0
 41
1.0
 10
508.482880176698
 20
30.71340236550007
 30
0.0
 41
1.0
 10
508.4697473471193
 20
30.69527924210888
 30
0.0
 41
1.0
 10
508.4576072639268
 20
30.67865488714791
 30
0.0
 41
1.0
 10
508.4471787326209
 20
30.66476253270324
 30
0.0
 41
1.0
 10
508.4389655100773
 20
30.65438382263238
 30
0.0
 41
1.0
 10
508.4331168942809
 20
30.64751307826313
 30
0.0
 41
1.0
 10
508.4293670534334
 20
30.64344003993746
 30
0.0
 41
1.0
 10
508.4270041022064
 20
30.64089313373326
 30
0.0
 41
1.0
 10
508.4247883217541
 20
30.63813484821811
 30
0.0
 41
1.0
 10
508.421016968782
 20
30.63315995995243
 30
0.0
 41
1.0
 10
508.4141438843393
 20
30.6242900184311
 30
0.0
 41
1.0
 10
508.4032321793947
 20
30.6106233103884
 30
0.0
 41
1.0
 10
508.3886387758401
 20
30.59271879994664
 30
0.0
 41
1.0
 10
508.3718653698857
 20
30.5723976864661
 30
0.0
 41
1.0
 10
508.3548796578889
 20
30.5519796963339
 30
0.0
 41
1.0
 10
508.3395658629171
 20
30.53365542280449
 30
0.0
 41
1.0
 10
508.3271827950778
 20
30.51887245070795
 30
0.0
 41
1.0
 10
508.3176644499166
 20
30.50753835545656
 30
0.0
 41
1.0
 10
508.3098414282349
 20
30.49828275568007
 30
0.0
 41
1.0
 10
508.3021099816183
 20
30.48923360276728
 30
0.0
 41
1.0
 10
508.2929065990813
 20
30.47856962103641
 30
0.0
 41
1.0
 10
508.281383707917
 20
30.46530515569888
 30
0.0
 41
1.0
 10
508.2674905964364
 20
30.44938613393707
 30
0.0
 41
1.0
 10
508.2516167938001
 20
30.43127881928989
 30
0.0
 41
1.0
 10
508.2343528242056
 20
30.4116948476376
 30
0.0
 41
1.0
 10
508.2162181929729
 20
30.39127774951549
 30
0.0
 41
1.0
 10
508.1973635537545
 20
30.3702609202519
 30
0.0
 41
1.0
 10
508.1776332710024
 20
30.3485328095476
 30
0.0
 41
1.0
 10
508.1567036758308
 20
30.32578790050259
 30
0.0
 41
1.0
 10
508.1341973065319
 20
30.30165029156873
 30
0.0
 41
1.0
 10
508.1098013967674
 20
30.27580254456126
 30
0.0
 41
1.0
 10
508.0833984988479
 20
30.24812718119115
 30
0.0
 41
1.0
 10
508.0551484329705
 20
30.21879630784678
 30
0.0
 41
1.0
 10
508.025401086034
 20
30.18818042246885
 30
0.0
 41
1.0
 10
507.9946371290902
 20
30.15678710909409
 30
0.0
 41
1.0
 10
507.963398745063
 20
30.12518897316113
 30
0.0
 41
1.0
 10
507.9322224684491
 20
30.09395400824914
 30
0.0
 41
1.0
 10
507.9015762005642
 20
30.06358002514226
 30
0.0
 41
1.0
 10
507.8717818447898
 20
30.03441469086482
 30
0.0
 41
1.0
 10
507.8429941983357
 20
30.00663205351962
 30
0.0
 41
1.0
 10
507.8152351382522
 20
29.98026458356595
 30
0.0
 41
1.0
 10
507.7884126908972
 20
29.95522008791425
 30
0.0
 41
1.0
 10
507.7623461565907
 20
29.93130456228449
 30
0.0
 41
1.0
 10
507.7367888128089
 20
29.90824293976825
 30
0.0
 41
1.0
 10
507.7114511461383
 20
29.88569957706662
 30
0.0
 41
1.0
 10
507.6860253176777
 20
29.86330225330903
 30
0.0
 41
1.0
 10
507.6602198164295
 20
29.84068887272574
 30
0.0
 41
1.0
 10
507.6337923874375
 20
29.81755077731442
 30
0.0
 41
1.0
 10
507.6065844759268
 20
29.79367846191202
 30
0.0
 41
1.0
 10
507.5785531534724
 20
29.76900384662702
 30
0.0
 41
1.0
 10
507.5498086795598
 20
29.74364990247689
 30
0.0
 41
1.0
 10
507.5206363690304
 20
29.71795998590977
 30
0.0
 41
1.0
 10
507.4914190705527
 20
29.69239894587126
 30
0.0
 41
1.0
 10
507.4625701687909
 20
29.66746778646566
 30
0.0
 41
1.0
 10
507.4344634234458
 20
29.64361428768509
 30
0.0
 41
1.0
 10
507.4073621535343
 20
29.62114269194927
 30
0.0
 41
1.0
 10
507.3813533630991
 20
29.60012997290743
 30
0.0
 41
1.0
 10
507.3562672017277
 20
29.58032264673473
 30
0.0
 41
1.0
 10
507.3317529403744
 20
29.56124098477854
 30
0.0
 41
1.0
 10
507.3073739189225
 20
29.54230825833484
 30
0.0
 41
1.0
 10
507.2826975407641
 20
29.5229736645086
 30
0.0
 41
1.0
 10
507.2573832613946
 20
29.50283204499776
 30
0.0
 41
1.0
 10
507.2312811947162
 20
29.48175899622107
 30
0.0
 41
1.0
 10
507.2044969295584
 20
29.45999739040864
 30
0.0
 41
1.0
 10
507.1772817282101
 20
29.43799279846484
 30
0.0
 41
1.0
 10
507.1499467453761
 20
29.41626367582223
 30
0.0
 41
1.0
 10
507.1227652884629
 20
29.39525378744321
 30
0.0
 41
1.0
 10
507.0958862490214
 20
29.37520201882066
 30
0.0
 41
1.0
 10
507.0692281104945
 20
29.35598101230951
 30
0.0
 41
1.0
 10
507.0424267584298
 20
29.33702418135596
 30
0.0
 41
1.0
 10
507.0149581127281
 20
29.31756661598264
 30
0.0
 41
1.0
 10
506.9862324053314
 20
29.29681167858607
 30
0.0
 41
1.0
 10
506.9556981252129
 20
29.27417282427413
 30
0.0
 41
1.0
 10
506.9229451671345
 20
29.24937786058731
 30
0.0
 41
1.0
 10
506.8878002005269
 20
29.22288747800088
 30
0.0
 41
1.0
 10
506.8504552384183
 20
29.19534123478346
 30
0.0
 41
1.0
 10
506.8113898196133
 20
29.16727202932517
 30
0.0
 41
1.0
 10
506.7712888739093
 20
29.13920858954313
 30
0.0
 41
1.0
 10
506.7309628048786
 20
29.11161940594102
 30
0.0
 41
1.0
 10
506.6912669344228
 20
29.0849246081126
 30
0.0
 41
1.0
 10
506.6530205856984
 20
29.05947845586844
 30
0.0
 41
1.0
 10
506.616927878286
 20
29.03556476661016
 30
0.0
 41
1.0
 10
506.5834935053809
 20
29.01338591956861
 30
0.0
 41
1.0
 10
506.5530524168805
 20
28.99307642505693
 30
0.0
 41
1.0
 10
506.5258052464749
 20
28.97471659916089
 30
0.0
 41
1.0
 10
506.5066423258192
 20
28.96162031801559
 30
0.0
 41
1.0
 10
506.4937669474349
 20
28.95269920116384
 30
0.0
 41
1.0
 10
506.4858485576499
 20
28.94715224518322
 30
0.0
 41
1.0
 10
506.4820556618536
 20
28.94447888100433
 30
0.0
 41
1.0
  0
ARC
  5
162
330
70
100
AcDbEntity
  8
Untitled v10_Sketch14
100
AcDbCircle
 10
518.0000077188014
 20
50.00000074505805
 30
0.0
 40
20.76449999999998
100
AcDbArc
 50
341.0748049033367
 51
342.9401844267709
  0
SPLINE
  5
163
330
70
100
AcDbEntity
  8
Untitled v10_Sketch14
100
AcDbSpline
210
0.0
220
0.0
230
1.0
 70
    12
 71
     5
 72
    86
 73
    80
 74
     0
 42
0.000000001
 43
0.0000000001
 40
0.0
 40
0.0
 40
0.0
 40
0.0
 40
0.0
 40
0.0
 40
0.0133333333333333
 40
0.0266666666666667
 40
0.04
 40
0.0533333333333333
 40
0.0666666666666667
 40
0.08
 40
0.0933333333333334
 40
0.1066666666666667
 40
0.12
 40
0.1333333333333333
 40
0.1466666666666667
 40
0.16
 40
0.1733333333333333
 40
0.1866666666666667
 40
0.2
 40
0.2133333333333333
 40
0.2266666666666667
 40
0.24
 40
0.2533333333333334
 40
0.2666666666666666
 40
0.28
 40
0.2933333333333333
 40
0.3066666666666666
 40
0.3199999999999999
 40
0.3333333333333332
 40
0.3466666666666665
 40
0.3599999999999998
 40
0.3733333333333331
 40
0.3866666666666665
 40
0.3999999999999997
 40
0.4133333333333331
 40
0.4266666666666664
 40
0.4399999999999997
 40
0.453333333333333
 40
0.4666666666666663
 40
0.4799999999999997
 40
0.493333333333333
 40
0.5066666666666663
 40
0.5199999999999996
 40
0.5333333333333329
 40
0.5466666666666662
 40
0.5599999999999996
 40
0.5733333333333328
 40
0.5866666666666661
 40
0.5999999999999995
 40
0.6133333333333328
 40
0.6266666666666661
 40
0.6399999999999994
 40
0.6533333333333326
 40
0.666666666666666
 40
0.6799999999999993
 40
0.6933333333333326
 40
0.706666666666666
 40
0.7199999999999993
 40
0.7333333333333325
 40
0.7466666666666658
 40
0.7599999999999991
 40
0.7733333333333325
 40
0.7866666666666658
 40
0.7999999999999991
 40
0.8133333333333323
 40
0.8266666666666656
 40
0.8399999999999989
 40
0.8533333333333322
 40
0.8666666666666655
 40
0.8799999999999988
 40
0.8933333333333322
 40
0.9066666666666655
 40
0.9199999999999988
 40
0.9333333333333321
 40
0.9466666666666654
 40
0.9599999999999987
 40
0.973333333333332
 40
0.9866666666666652
 40
1.0
 40
1.0
 40
1.0
 40
1.0
 40
1.0
 40
1.0
 10
502.3561074302483
 20
68.20076833505083
 30
0.0
 41
1.0
 10
502.3731833124586
 20
68.19401025377921
 30
0.0
 41
1.0
 10
502.4067846841281
 20
68.1806773265324
 30
0.0
 41
1.0
 10
502.4555355586627
 20
68.16122764327062
 30
0.0
 41
1.0
 10
502.5172334437833
 20
68.13639445077264
 30
0.0
 41
1.0
 10
502.5888845819579
 20
68.10717244069756
 30
0.0
 41
1.0
 10
502.6551776266236
 20
68.07972627926247
 30
0.0
 41
1.0
 10
502.7163448006008
 20
68.05396675246512
 30
0.0
 41
1.0
 10
502.7727826505207
 20
68.02974190000995
 30
0.0
 41
1.0
 10
502.8250861412488
 20
68.00682392021521
 30
0.0
 41
1.0
 10
502.8741106898253
 20
67.98488585554032
 30
0.0
 41
1.0
 10
502.9209257256392
 20
67.96351794189767
 30
0.0
 41
1.0
 10
502.9666824751928
 20
67.94227531282551
 30
0.0
 41
1.0
 10
503.0125039094401
 20
67.92071761047267
 30
0.0
 41
1.0
 10
503.0593710932703
 20
67.898449875048
 30
0.0
 41
1.0
 10
503.1079978716936
 20
67.875167773865
 30
0.0
 41
1.0
 10
503.1587505067145
 20
67.85068614636237
 30
0.0
 41
1.0
 10
503.2117511866665
 20
67.82489917412917
 30
0.0
 41
1.0
 10
503.2669513500673
 20
67.79775191847889
 30
0.0
 41
1.0
 10
503.3242199823916
 20
67.76920590445655
 30
0.0
 41
1.0
 10
503.3834175943808
 20
67.73921090902582
 30
0.0
 41
1.0
 10
503.4444956063654
 20
67.70766510146323
 30
0.0
 41
1.0
 10
503.5075054909333
 20
67.67441710436855
 30
0.0
 41
1.0
 10
503.5725292527698
 20
67.63930471140533
 30
0.0
 41
1.0
 10
503.6396319933392
 20
67.60218331035879
 30
0.0
 41
1.0
 10
503.7088052175327
 20
67.56295864526272
 30
0.0
 41
1.0
 10
503.7799144665411
 20
67.52161755522749
 30
0.0
 41
1.0
 10
503.8526438935138
 20
67.47826021972038
 30
0.0
 41
1.0
 10
503.9264448798274
 20
67.43313039490331
 30
0.0
 41
1.0
 10
504.0006044082407
 20
67.38658472922267
 30
0.0
 41
1.0
 10
504.0743100935405
 20
67.3390637848761
 30
0.0
 41
1.0
 10
504.1467164638366
 20
67.29106252629776
 30
0.0
 41
1.0
 10
504.2170103083146
 20
67.24310115456745
 30
0.0
 41
1.0
 10
504.2844772351915
 20
67.19569575589559
 30
0.0
 41
1.0
 10
504.348565957508
 20
67.14932923184186
 30
0.0
 41
1.0
 10
504.4089588011031
 20
67.10442156183717
 30
0.0
 41
1.0
 10
504.4655337157903
 20
67.06130927532655
 30
0.0
 41
1.0
 10
504.5183188205978
 20
67.02022483746247
 30
0.0
 41
1.0
 10
504.5674507464934
 20
66.98127711775136
 30
0.0
 41
1.0
 10
504.6131295585548
 20
66.94442859214412
 30
0.0
 41
1.0
 10
504.6555799138296
 20
66.90947997200844
 30
0.0
 41
1.0
 10
504.6949975813419
 20
66.87603536955293
 30
0.0
 41
1.0
 10
504.7315852124878
 20
66.84358692140236
 30
0.0
 41
1.0
 10
504.7656099049968
 20
66.81162935355331
 30
0.0
 41
1.0
 10
504.7974587852766
 20
66.77977013644387
 30
0.0
 41
1.0
 10
504.8276836943133
 20
66.74782874522755
 30
0.0
 41
1.0
 10
504.8570803982776
 20
66.71597289939597
 30
0.0
 41
1.0
 10
504.8866156554953
 20
66.68469005612962
 30
0.0
 41
1.0
 10
504.9172603741075
 20
66.65465580386545
 30
0.0
 41
1.0
 10
504.9498474628741
 20
66.62663169746899
 30
0.0
 41
1.0
 10
504.9849275703174
 20
66.60135535253715
 30
0.0
 41
1.0
 10
505.0226044381591
 20
66.57942290627303
 30
0.0
 41
1.0
 10
505.062506025268
 20
66.56124079100635
 30
0.0
 41
1.0
 10
505.1038119239404
 20
66.5470065345044
 30
0.0
 41
1.0
 10
505.1452541995291
 20
66.53667714871403
 30
0.0
 41
1.0
 10
505.1851457864188
 20
66.52994816936647
 30
0.0
 41
1.0
 10
505.2213504396431
 20
66.52621241387585
 30
0.0
 41
1.0
 10
505.2518077842112
 20
66.52469041512325
 30
0.0
 41
1.0
 10
505.2752191303144
 20
66.52459918058156
 30
0.0
 41
1.0
 10
505.2915502051027
 20
66.52528853123513
 30
0.0
 41
1.0
 10
505.3029182480178
 20
66.52643664798354
 30
0.0
 41
1.0
 10
505.313045388043
 20
66.52803196637371
 30
0.0
 41
1.0
 10
505.3254552010766
 20
66.53017070924228
 30
0.0
 41
1.0
 10
505.3420723143546
 20
66.53291117693179
 30
0.0
 41
1.0
 10
505.3615320223287
 20
66.53609283019633
 30
0.0
 41
1.0
 10
505.3808118613156
 20
66.53947779851442
 30
0.0
 41
1.0
 10
505.3969008214615
 20
66.54289403176875
 30
0.0
 41
1.0
 10
505.4086209149446
 20
66.54639536468664
 30
0.0
 41
1.0
 10
505.4178991547255
 20
66.55036351594226
 30
0.0
 41
1.0
 10
505.4278375911357
 20
66.55526567295531
 30
0.0
 41
1.0
 10
505.4413571961021
 20
66.56147910492336
 30
0.0
 41
1.0
 10
505.4592541508358
 20
66.56903845829504
 30
0.0
 41
1.0
 10
505.4801872098133
 20
66.5776521346514
 30
0.0
 41
1.0
 10
505.5018479160174
 20
66.58688683698237
 30
0.0
 41
1.0
 10
505.5217107158257
 20
66.5962907193623
 30
0.0
 41
1.0
 10
505.5381150145826
 20
66.60556813359036
 30
0.0
 41
1.0
 10
505.5478401750433
 20
66.61277589704894
 30
0.0
 41
1.0
 10
505.5530992212702
 20
66.61803912815585
 30
0.0
 41
1.0
 10
505.5557018726929
 20
66.62148471495733
 30
0.0
 41
1.0
 10
505.5567773117482
 20
66.62319169285716
 30
0.0
 41
1.0
  0
ARC
  5
164
330
70
100
AcDbEntity
  8
Untitled v10_Sketch14
100
AcDbCircle
 10
518.1176315554237
 20
49.63997593383307
 30
0.0
 40
24.37862958253658
100
AcDbArc
 50
106.7016270909379
 51
109.3010552526095
  0
SPLINE
  5
165
330
70
100
AcDbEntity
  8
Untitled v10_Sketch14
100
AcDbSpline
210
0.0
220
0.0
230
1.0
 70
    12
 71
     5
 72
   156
 73
   150
 74
     0
 42
0.000000001
 43
0.0000000001
 40
0.0
 40
0.0
 40
0.0
 40
0.0
 40
0.0
 40
0.0
 40
0.0068965517241379
 40
0.0137931034482759
 40
0.0206896551724138
 40
0.0275862068965517
 40
0.0344827586206897
 40
0.0413793103448276
 40
0.0482758620689655
 40
0.0551724137931035
 40
0.0620689655172414
 40
0.0689655172413793
 40
0.0758620689655173
 40
0.0827586206896552
 40
0.0896551724137931
 40
0.0965517241379311
 40
0.103448275862069
 40
0.1103448275862069
 40
0.1172413793103448
 40
0.1241379310344828
 40
0.1310344827586207
 40
0.1379310344827586
 40
0.1448275862068966
 40
0.1517241379310345
 40
0.1586206896551725
 40
0.1655172413793104
 40
0.1724137931034483
 40
0.1793103448275863
 40
0.1862068965517242
 40
0.1931034482758622
 40
0.2000000000000001
 40
0.2068965517241381
 40
0.213793103448276
 40
0.220689655172414
 40
0.2275862068965519
 40
0.2344827586206899
 40
0.2413793103448278
 40
0.2482758620689657
 40
0.2551724137931037
 40
0.2620689655172416
 40
0.2689655172413796
 40
0.2758620689655175
 40
0.2827586206896555
 40
0.2896551724137934
 40
0.2965517241379314
 40
0.3034482758620693
 40
0.3103448275862072
 40
0.3172413793103452
 40
0.3241379310344831
 40
0.3310344827586211
 40
0.337931034482759
 40
0.344827586206897
 40
0.3517241379310349
 40
0.3586206896551729
 40
0.3655172413793108
 40
0.3724137931034487
 40
0.3793103448275867
 40
0.3862068965517246
 40
0.3931034482758626
 40
0.4000000000000006
 40
0.4068965517241385
 40
0.4137931034482765
 40
0.4206896551724144
 40
0.4275862068965524
 40
0.4344827586206903
 40
0.4413793103448282
 40
0.4482758620689661
 40
0.4551724137931041
 40
0.462068965517242
 40
0.46896551724138
 40
0.4758620689655179
 40
0.4827586206896559
 40
0.4896551724137938
 40
0.4965517241379318
 40
0.5034482758620697
 40
0.5103448275862076
 40
0.5172413793103456
 40
0.5241379310344835
 40
0.5310344827586215
 40
0.5379310344827594
 40
0.5448275862068974
 40
0.5517241379310353
 40
0.5586206896551733
 40
0.5655172413793112
 40
0.5724137931034491
 40
0.579310344827587
 40
0.586206896551725
 40
0.5931034482758629
 40
0.6000000000000009
 40
0.6068965517241388
 40
0.6137931034482768
 40
0.6206896551724147
 40
0.6275862068965527
 40
0.6344827586206906
 40
0.6413793103448286
 40
0.6482758620689665
 40
0.6551724137931045
 40
0.6620689655172424
 40
0.6689655172413804
 40
0.6758620689655183
 40
0.6827586206896563
 40
0.6896551724137942
 40
0.6965517241379322
 40
0.7034482758620701
 40
0.710344827586208
 40
0.7172413793103459
 40
0.7241379310344839
 40
0.7310344827586218
 40
0.7379310344827598
 40
0.7448275862068977
 40
0.7517241379310357
 40
0.7586206896551736
 40
0.7655172413793116
 40
0.7724137931034495
 40
0.7793103448275875
 40
0.7862068965517254
 40
0.7931034482758634
 40
0.8000000000000012
 40
0.8068965517241391
 40
0.8137931034482772
 40
0.8206896551724151
 40
0.827586206896553
 40
0.8344827586206909
 40
0.841379310344829
 40
0.8482758620689669
 40
0.8551724137931048
 40
0.8620689655172427
 40
0.8689655172413807
 40
0.8758620689655186
 40
0.8827586206896565
 40
0.8896551724137944
 40
0.8965517241379325
 40
0.9034482758620704
 40
0.9103448275862083
 40
0.9172413793103462
 40
0.9241379310344843
 40
0.9310344827586222
 40
0.9379310344827601
 40
0.944827586206898
 40
0.9517241379310361
 40
0.958620689655174
 40
0.9655172413793119
 40
0.9724137931034498
 40
0.9793103448275878
 40
0.9862068965517257
 40
0.9931034482758636
 40
1.0
 40
1.0
 40
1.0
 40
1.0
 40
1.0
 40
1.0
 10
498.1773455915543
 20
43.81724032280331
 30
0.0
 41
1.0
 10
498.1770372578672
 20
43.82089485432167
 30
0.0
 41
1.0
 10
498.176158018292
 20
43.8283760485698
 30
0.0
 41
1.0
 10
498.1740514380558
 20
43.84011423958334
 30
0.0
 41
1.0
 10
498.1696671376769
 20
43.85679798813988
 30
0.0
 41
1.0
 10
498.1616029671345
 20
43.87931644910331
 30
0.0
 41
1.0
 10
498.1510831697806
 20
43.90332409191977
 30
0.0
 41
1.0
 10
498.1383638145522
 20
43.92847279573402
 30
0.0
 41
1.0
 10
498.1238752223184
 20
43.95417799692665
 30
0.0
 41
1.0
 10
498.1082558621767
 20
43.97957328876003
 30
0.0
 41
1.0
 10
498.0922232241345
 20
44.00369383045088
 30
0.0
 41
1.0
 10
498.0764584194314
 20
44.0256406326462
 30
0.0
 41
1.0
 10
498.0614797086744
 20
44.04476005337677
 30
0.0
 41
1.0
 10
498.0475341701006
 20
44.06079862804119
 30
0.0
 41
1.0
 10
498.03444612227
 20
44.07411648278326
 30
0.0
 41
1.0
 10
498.0217724528842
 20
44.08548883347684
 30
0.0
 41
1.0
 10
498.0090439203487
 20
44.09579646899658
 30
0.0
 41
1.0
 10
497.9959513823694
 20
44.10578081543491
 30
0.0
 41
1.0
 10
497.982615208433
 20
44.11570970914944
 30
0.0
 41
1.0
 10
497.9696123288075
 20
44.12529504705126
 30
0.0
 41
1.0
 10
497.9575705814048
 20
44.13405249958813
 30
0.0
 41
1.0
 10
497.9468773810793
 20
44.14154979901013
 30
0.0
 41
1.0
 10
497.9373037418705
 20
44.14772770580533
 30
0.0
 41
1.0
 10
497.9277791782398
 20
44.15310713839211
 30
0.0
 41
1.0
 10
497.9169523093236
 20
44.15843590040537
 30
0.0
 41
1.0
 10
497.9036337873512
 20
44.16441601665191
 30
0.0
 41
1.0
 10
497.8873374305382
 20
44.17136794838953
 30
0.0
 41
1.0
 10
497.8686238305123
 20
44.1790162595484
 30
0.0
 41
1.0
 10
497.8486414967346
 20
44.18676055928102
 30
0.0
 41
1.0
 10
497.828761805203
 20
44.19389104212328
 30
0.0
 41
1.0
 10
497.8102092729631
 20
44.19980400171979
 30
0.0
 41
1.0
 10
497.7936157650027
 20
44.2042703956956
 30
0.0
 41
1.0
 10
497.7789746292129
 20
44.20743027097067
 30
0.0
 41
1.0
 10
497.7658464479463
 20
44.20960898236643
 30
0.0
 41
1.0
 10
497.753489037086
 20
44.21119727513378
 30
0.0
 41
1.0
 10
497.7410160819421
 20
44.21248300798026
 30
0.0
 41
1.0
 10
497.7275546083953
 20
44.21358069214015
 30
0.0
 41
1.0
 10
497.7124462443355
 20
44.21449394029011
 30
0.0
 41
1.0
 10
497.6954136498896
 20
44.21514662178097
 30
0.0
 41
1.0
 10
497.6767930359341
 20
44.21542805965415
 30
0.0
 41
1.0
 10
497.6575757571763
 20
44.21522742266475
 30
0.0
 41
1.0
 10
497.6389472572695
 20
44.21445408405304
 30
0.0
 41
1.0
 10
497.6219034241808
 20
44.21306107857674
 30
0.0
 41
1.0
 10
497.6068680385486
 20
44.211065110782
 30
0.0
 41
1.0
 10
497.5932266212653
 20
44.20857399452117
 30
0.0
 41
1.0
 10
497.5797116798594
 20
44.20575195234498
 30
0.0
 41
1.0
 10
497.5649715510412
 20
44.20277137889684
 30
0.0
 41
1.0
 10
497.5480218374475
 20
44.19977416320769
 30
0.0
 41
1.0
 10
497.5288764377288
 20
44.19681712060757
 30
0.0
 41
1.0
 10
497.5084110177636
 20
44.19388736432225
 30
0.0
 41
1.0
 10
497.4878707108254
 20
44.19095071824351
 30
0.0
 41
1.0
 10
497.4684993210744
 20
44.18798812423972
 30
0.0
 41
1.0
 10
497.4510974216774
 20
44.18504057217077
 30
0.0
 41
1.0
 10
497.4356703544266
 20
44.18224028022862
 30
0.0
 41
1.0
 10
497.4216820057901
 20
44.17974168373554
 30
0.0
 41
1.0
 10
497.4082604036586
 20
44.17765894420895
 30
0.0
 41
1.0
 10
497.3944179793999
 20
44.17600492259907
 30
0.0
 41
1.0
 10
497.3792742354886
 20
44.17461903528575
 30
0.0
 41
1.0
 10
497.3621860250942
 20
44.17324679648324
 30
0.0
 41
1.0
 10
497.3428797323748
 20
44.17164363690531
 30
0.0
 41
1.0
 10
497.3215558730769
 20
44.16965781672395
 30
0.0
 41
1.0
 10
497.29907060893
 20
44.16735156306721
 30
0.0
 41
1.0
 10
497.2768149253411
 20
44.16498442086862
 30
0.0
 41
1.0
 10
497.2563373207471
 20
44.16288239615873
 30
0.0
 41
1.0
 10
497.2390352399517
 20
44.16133650568262
 30
0.0
 41
1.0
 10
497.2258266366867
 20
44.16049540695347
 30
0.0
 41
1.0
 10
497.2168071907273
 20
44.16024435017277
 30
0.0
 41
1.0
 10
497.2112712000916
 20
44.16030563039036
 30
0.0
 41
1.0
 10
497.2077973569376
 20
44.16035743247483
 30
0.0
 41
1.0
 10
497.2042649048122
 20
44.16015842499312
 30
0.0
 41
1.0
 10
497.1980443146392
 20
44.15963223643764
 30
0.0
 41
1.0
 10
497.1868536723348
 20
44.15880478422771
 30
0.0
 41
1.0
 10
497.1693959732254
 20
44.15776894865494
 30
0.0
 41
1.0
 10
497.1463254359686
 20
44.1566335050642
 30
0.0
 41
1.0
 10
497.1200003063406
 20
44.15550109591976
 30
0.0
 41
1.0
 10
497.0934611228594
 20
44.15446163777943
 30
0.0
 41
1.0
 10
497.0695966048902
 20
44.1535806730134
 30
0.0
 41
1.0
 10
497.0503248259795
 20
44.15289134671894
 30
0.0
 41
1.0
 10
497.0355329356729
 20
44.15238086564436
 30
0.0
 41
1.0
 10
497.0234200613508
 20
44.15200129863613
 30
0.0
 41
1.0
 10
497.011521882626
 20
44.15169181800713
 30
0.0
 41
1.0
 10
496.9974387348464
 20
44.15139566755456
 30
0.0
 41
1.0
 10
496.9798709969161
 20
44.15108318476363
 30
0.0
 41
1.0
 10
496.9587445521581
 20
44.15075587398604
 30
0.0
 41
1.0
 10
496.9346665477914
 20
44.15043624984647
 30
0.0
 41
1.0
 10
496.9085609701529
 20
44.15016164469122
 30
0.0
 41
1.0
 10
496.8812536725392
 20
44.14997659680707
 30
0.0
 41
1.0
 10
496.8530189084512
 20
44.1499253206696
 30
0.0
 41
1.0
 10
496.8236696393524
 20
44.15004883431144
 30
0.0
 41
1.0
 10
496.7927622451816
 20
44.15038323988177
 30
0.0
 41
1.0
 10
496.759764805467
 20
44.15095751886461
 30
0.0
 41
1.0
 10
496.7242321361348
 20
44.15179169434068
 30
0.0
 41
1.0
 10
496.6859983459586
 20
44.15289443863422
 30
0.0
 41
1.0
 10
496.6452982754958
 20
44.15426214384432
 30
0.0
 41
1.0
 10
496.6026413784066
 20
44.15588270484477
 30
0.0
 41
1.0
 10
496.5587264948538
 20
44.15773855344475
 30
0.0
 41
1.0
 10
496.5143419447946
 20
44.1598099170342
 30
0.0
 41
1.0
 10
496.4702688413717
 20
44.16207813466634
 30
0.0
 41
1.0
 10
496.4271902171843
 20
44.16452858833125
 30
0.0
 41
1.0
 10
496.3855798345871
 20
44.16715469184381
 30
0.0
 41
1.0
 10
496.3456706160786
 20
44.16995786937071
 30
0.0
 41
1.0
 10
496.307501330516
 20
44.17294359007364
 30
0.0
 41
1.0
 10
496.270941922703
 20
44.17611851447084
 30
0.0
 41
1.0
 10
496.2357273076764
 20
44.17948711439287
 30
0.0
 41
1.0
 10
496.2014879812948
 20
44.18304868471921
 30
0.0
 41
1.0
 10
496.1677807896912
 20
44.1867937866413
 30
0.0
 41
1.0
 10
496.1341231344212
 20
44.19070212466849
 30
0.0
 41
1.0
 10
496.1000508669565
 20
44.19474804432852
 30
0.0
 41
1.0
 10
496.0651725094943
 20
44.19890504362193
 30
0.0
 41
1.0
 10
496.0292262755039
 20
44.20315076539282
 30
0.0
 41
1.0
 10
495.9921328470433
 20
44.2074715573387
 30
0.0
 41
1.0
 10
495.9540573873841
 20
44.2118677643652
 30
0.0
 41
1.0
 10
495.9154459729868
 20
44.21635710653255
 30
0.0
 41
1.0
 10
495.8769002297019
 20
44.22096611649045
 30
0.0
 41
1.0
 10
495.8390690844677
 20
44.22572282674515
 30
0.0
 41
1.0
 10
495.802535396724
 20
44.23064910300659
 30
0.0
 41
1.0
 10
495.7677014574636
 20
44.23575283902451
 30
0.0
 41
1.0
 10
495.7346826863239
 20
44.24102088361976
 30
0.0
 41
1.0
 10
495.7031770560025
 20
44.24640984646167
 30
0.0
 41
1.0
 10
495.6725933750943
 20
44.2518593689018
 30
0.0
 41
1.0
 10
495.642210867999
 20
44.25730804581867
 30
0.0
 41
1.0
 10
495.6113307447646
 20
44.26270880006789
 30
0.0
 41
1.0
 10
495.5794240453442
 20
44.26804360171573
 30
0.0
 41
1.0
 10
495.5462980264851
 20
44.27334059559626
 30
0.0
 41
1.0
 10
495.5122038301456
 20
44.27868382715985
 30
0.0
 41
1.0
 10
495.4776407073254
 20
44.28418471726622
 30
0.0
 41
1.0
 10
495.4432021486329
 20
44.28995894730412
 30
0.0
 41
1.0
 10
495.4094008140542
 20
44.29610034700758
 30
0.0
 41
1.0
 10
495.3765138580008
 20
44.30265811398541
 30
0.0
 41
1.0
 10
495.3443920900747
 20
44.3096076079469
 30
0.0
 41
1.0
 10
495.3123708142859
 20
44.31684029825888
 30
0.0
 41
1.0
 10
495.279530913708
 20
44.32423382765854
 30
0.0
 41
1.0
 10
495.2448857393702
 20
44.33169342462349
 30
0.0
 41
1.0
 10
495.2076303705631
 20
44.33923646658023
 30
0.0
 41
1.0
 10
495.1672881149023
 20
44.34698558880874
 30
0.0
 41
1.0
 10
495.1240853513417
 20
44.3553778631221
 30
0.0
 41
1.0
 10
495.0786258460931
 20
44.36469854404379
 30
0.0
 41
1.0
 10
495.031626493929
 20
44.37494784341545
 30
0.0
 41
1.0
 10
494.9839385237552
 20
44.38597054723437
 30
0.0
 41
1.0
 10
494.9364523576996
 20
44.39747788961376
 30
0.0
 41
1.0
 10
494.8900525349582
 20
44.40911536407817
 30
0.0
 41
1.0
 10
494.8455505560769
 20
44.42051114094546
 30
0.0
 41
1.0
 10
494.8036284864503
 20
44.43133186830287
 30
0.0
 41
1.0
 10
494.7647744288211
 20
44.44133790415108
 30
0.0
 41
1.0
 10
494.7293124690602
 20
44.45037033717461
 30
0.0
 41
1.0
 10
494.6974365437939
 20
44.45833380943597
 30
0.0
 41
1.0
 10
494.6748816135098
 20
44.46381151221849
 30
0.0
 41
1.0
 10
494.6596366219385
 20
44.46741039071248
 30
0.0
 41
1.0
 10
494.6502159933461
 20
44.46958326308852
 30
0.0
 41
1.0
 10
494.6456913539259
 20
44.47061310417915
 30
0.0
 41
1.0
  0
SPLINE
  5
166
330
70
100
AcDbEntity
  8
Untitled v10_Sketch14
100
AcDbSpline
210
0.0
220
0.0
230
1.0
 70
    12
 71
     5
 72
   156
 73
   150
 74
     0
 42
0.000000001
 43
0.0000000001
 40
0.0
 40
0.0
 40
0.0
 40
0.0
 40
0.0
 40
0.0
 40
0.0068965517241379
 40
0.0137931034482759
 40
0.0206896551724138
 40
0.0275862068965517
 40
0.0344827586206897
 40
0.0413793103448276
 40
0.0482758620689655
 40
0.0551724137931035
 40
0.0620689655172414
 40
0.0689655172413793
 40
0.0758620689655173
 40
0.0827586206896552
 40
0.0896551724137931
 40
0.0965517241379311
 40
0.103448275862069
 40
0.1103448275862069
 40
0.1172413793103448
 40
0.1241379310344828
 40
0.1310344827586207
 40
0.1379310344827586
 40
0.1448275862068966
 40
0.1517241379310345
 40
0.1586206896551725
 40
0.1655172413793104
 40
0.1724137931034483
 40
0.1793103448275863
 40
0.1862068965517242
 40
0.1931034482758622
 40
0.2000000000000001
 40
0.2068965517241381
 40
0.213793103448276
 40
0.220689655172414
 40
0.2275862068965519
 40
0.2344827586206899
 40
0.2413793103448278
 40
0.2482758620689657
 40
0.2551724137931037
 40
0.2620689655172416
 40
0.2689655172413796
 40
0.2758620689655175
 40
0.2827586206896555
 40
0.2896551724137934
 40
0.2965517241379314
 40
0.3034482758620693
 40
0.3103448275862072
 40
0.3172413793103452
 40
0.3241379310344831
 40
0.3310344827586211
 40
0.337931034482759
 40
0.344827586206897
 40
0.3517241379310349
 40
0.3586206896551729
 40
0.3655172413793108
 40
0.3724137931034487
 40
0.3793103448275867
 40
0.3862068965517246
 40
0.3931034482758626
 40
0.4000000000000006
 40
0.4068965517241385
 40
0.4137931034482765
 40
0.4206896551724144
 40
0.4275862068965524
 40
0.4344827586206903
 40
0.4413793103448282
 40
0.4482758620689661
 40
0.4551724137931041
 40
0.462068965517242
 40
0.46896551724138
 40
0.4758620689655179
 40
0.4827586206896559
 40
0.4896551724137938
 40
0.4965517241379318
 40
0.5034482758620697
 40
0.5103448275862076
 40
0.5172413793103456
 40
0.5241379310344835
 40
0.5310344827586215
 40
0.5379310344827594
 40
0.5448275862068974
 40
0.5517241379310353
 40
0.5586206896551733
 40
0.5655172413793112
 40
0.5724137931034491
 40
0.579310344827587
 40
0.586206896551725
 40
0.5931034482758629
 40
0.6000000000000009
 40
0.6068965517241388
 40
0.6137931034482768
 40
0.6206896551724147
 40
0.6275862068965527
 40
0.6344827586206906
 40
0.6413793103448286
 40
0.6482758620689665
 40
0.6551724137931045
 40
0.6620689655172424
 40
0.6689655172413804
 40
0.6758620689655183
 40
0.6827586206896563
 40
0.6896551724137942
 40
0.6965517241379322
 40
0.7034482758620701
 40
0.710344827586208
 40
0.7172413793103459
 40
0.7241379310344839
 40
0.7310344827586218
 40
0.7379310344827598
 40
0.7448275862068977
 40
0.7517241379310357
 40
0.7586206896551736
 40
0.7655172413793116
 40
0.7724137931034495
 40
0.7793103448275875
 40
0.7862068965517254
 40
0.7931034482758634
 40
0.8000000000000012
 40
0.8068965517241391
 40
0.8137931034482772
 40
0.8206896551724151
 40
0.827586206896553
 40
0.8344827586206909
 40
0.841379310344829
 40
0.8482758620689669
 40
0.8551724137931048
 40
0.8620689655172427
 40
0.8689655172413807
 40
0.8758620689655186
 40
0.8827586206896565
 40
0.8896551724137944
 40
0.8965517241379325
 40
0.9034482758620704
 40
0.9103448275862083
 40
0.9172413793103462
 40
0.9241379310344843
 40
0.9310344827586222
 40
0.9379310344827601
 40
0.944827586206898
 40
0.9517241379310361
 40
0.958620689655174
 40
0.9655172413793119
 40
0.9724137931034498
 40
0.9793103448275878
 40
0.9862068965517257
 40
0.9931034482758636
 40
1.0
 40
1.0
 40
1.0
 40
1.0
 40
1.0
 40
1.0
 10
526.669271232688
 20
68.86818376242342
 30
0.0
 41
1.0
 10
526.6721933943824
 20
68.86596754011655
 30
0.0
 41
1.0
 10
526.6783413312864
 20
68.86161504641378
 30
0.0
 41
1.0
 10
526.6884740845093
 20
68.85532615774526
 30
0.0
 41
1.0
 10
526.7038061954897
 20
68.8474207210972
 30
0.0
 41
1.0
 10
526.7259366565573
 20
68.83834577626888
 30
0.0
 41
1.0
 10
526.7508169304703
 20
68.83009926064239
 30
0.0
 41
1.0
 10
526.7780169694539
 20
68.82272381623145
 30
0.0
 41
1.0
 10
526.8068144172148
 20
68.81629080171788
 30
0.0
 41
1.0
 10
526.8361381888547
 20
68.81090548136132
 30
0.0
 41
1.0
 10
526.8647911734148
 20
68.80668026067375
 30
0.0
 41
1.0
 10
526.891649539232
 20
68.80371051665296
 30
0.0
 41
1.0
 10
526.9158807516255
 20
68.80204847845774
 30
0.0
 41
1.0
 10
526.9371311220773
 20
68.80168013209694
 30
0.0
 41
1.0
 10
526.955785830296
 20
68.80249506289889
 30
0.0
 41
1.0
 10
526.9727174739485
 20
68.80430384680739
 30
0.0
 41
1.0
 10
526.9888945906415
 20
68.80686583549167
 30
0.0
 41
1.0
 10
527.0050750239097
 20
68.80991465555698
 30
0.0
 41
1.0
 10
527.0213772720491
 20
68.81318163753789
 30
0.0
 41
1.0
 10
527.0372011910394
 20
68.81643081728547
 30
0.0
 41
1.0
 10
527.0517667483178
 20
68.81951970003129
 30
0.0
 41
1.0
 10
527.0644934752059
 20
68.8224496240127
 30
0.0
 41
1.0
 10
527.0754905696819
 20
68.82543039793183
 30
0.0
 41
1.0
 10
527.0858614442103
 20
68.82890898512023
 30
0.0
 41
1.0
 10
527.0970660754897
 20
68.83338927897444
 30
0.0
 41
1.0
 10
527.1104219986171
 20
68.83928539085108
 30
0.0
 41
1.0
 10
527.1264926818307
 20
68.84674419379184
 30
0.0
 41
1.0
 10
527.1446983272245
 20
68.85553338973373
 30
0.0
 41
1.0
 10
527.163824254615
 20
68.86520120970573
 30
0.0
 41
1.0
 10
527.1824253460911
 20
68.87520347529161
 30
0.0
 41
1.0
 10
527.1992335985657
 20
68.8850341513849
 30
0.0
 41
1.0
 10
527.2136560001805
 20
68.89437693005291
 30
0.0
 41
1.0
 10
527.2258010772092
 20
68.90314304509556
 30
0.0
 41
1.0
 10
527.2362046432004
 20
68.91144134259434
 30
0.0
 41
1.0
 10
527.2456536965738
 20
68.91956191322901
 30
0.0
 41
1.0
 10
527.2549552183241
 20
68.92797080210335
 30
0.0
 41
1.0
 10
527.2647784405844
 20
68.9372401324455
 30
0.0
 41
1.0
 10
527.2755665850259
 20
68.94785675272963
 30
0.0
 41
1.0
 10
527.2874486521479
 20
68.96007770799478
 30
0.0
 41
1.0
 10
527.3001174239539
 20
68.97372720220841
 30
0.0
 41
1.0
 10
527.3128271910012
 20
68.98814267582736
 30
0.0
 41
1.0
 10
527.3247173878518
 20
69.00250381367368
 30
0.0
 41
1.0
 10
527.3350867334096
 20
69.01610195263888
 30
0.0
 41
1.0
 10
527.343664076976
 20
69.02861098481125
 30
0.0
 41
1.0
 10
527.3509407066354
 20
69.04041541561163
 30
0.0
 41
1.0
 10
527.3578867815326
 20
69.05234728917655
 30
0.0
 41
1.0
 10
527.3655348551317
 20
69.06529573255333
 30
0.0
 41
1.0
 10
527.3746490619361
 20
69.07989735325526
 30
0.0
 41
1.0
 10
527.3852623239519
 20
69.09610380569596
 30
0.0
 41
1.0
 10
527.3967791295992
 20
69.11327296624396
 30
0.0
 41
1.0
 10
527.4083409242979
 20
69.13050238883013
 30
0.0
 41
1.0
 10
527.4191012776641
 20
69.14688049920805
 30
0.0
 41
1.0
 10
527.4285549630915
 20
69.16178492800168
 30
0.0
 41
1.0
 10
527.4367966634887
 20
69.17512323424657
 30
0.0
 41
1.0
 10
527.444299876639
 20
69.18719049053919
 30
0.0
 41
1.0
 10
527.4517329043097
 20
69.19855830947518
 30
0.0
 41
1.0
 10
527.4597661164468
 20
69.20995199191786
 30
0.0
 41
1.0
 10
527.468869344007
 20
69.2221333264622
 30
0.0
 41
1.0
 10
527.4792838164244
 20
69.23575054857543
 30
0.0
 41
1.0
 10
527.4910108680335
 20
69.25117064324954
 30
0.0
 41
1.0
 10
527.5038035629433
 20
69.26834613200799
 30
0.0
 41
1.0
 10
527.5171352609048
 20
69.28659912461604
 30
0.0
 41
1.0
 10
527.5302680904836
 20
69.30472224800727
 30
0.0
 41
1.0
 10
527.5424081736762
 20
69.32134660296822
 30
0.0
 41
1.0
 10
527.552836704982
 20
69.33523895741291
 30
0.0
 41
1.0
 10
527.5610499275256
 20
69.34561766748377
 30
0.0
 41
1.0
 10
527.5668985433219
 20
69.35248841185305
 30
0.0
 41
1.0
 10
527.5706483841694
 20
69.3565614501787
 30
0.0
 41
1.0
 10
527.5730113353963
 20
69.35910835638285
 30
0.0
 41
1.0
 10
527.5752271158487
 20
69.36186664189802
 30
0.0
 41
1.0
 10
527.5789984688209
 20
69.36684153016369
 30
0.0
 41
1.0
 10
527.5858715532636
 20
69.37571147168501
 30
0.0
 41
1.0
 10
527.5967832582082
 20
69.38937817972771
 30
0.0
 41
1.0
 10
527.6113766617628
 20
69.4072826901695
 30
0.0
 41
1.0
 10
527.6281500677172
 20
69.42760380365005
 30
0.0
 41
1.0
 10
527.645135779714
 20
69.44802179378221
 30
0.0
 41
1.0
 10
527.6604495746859
 20
69.46634606731166
 30
0.0
 41
1.0
 10
527.6728326425252
 20
69.48112903940817
 30
0.0
 41
1.0
 10
527.6823509876862
 20
69.49246313465955
 30
0.0
 41
1.0
 10
527.6901740093681
 20
69.50171873443605
 30
0.0
 41
1.0
 10
527.6979054559846
 20
69.51076788734887
 30
0.0
 41
1.0
 10
527.7071088385215
 20
69.52143186907974
 30
0.0
 41
1.0
 10
527.7186317296859
 20
69.53469633441727
 30
0.0
 41
1.0
 10
527.7325248411663
 20
69.55061535617904
 30
0.0
 41
1.0
 10
527.7483986438028
 20
69.56872267082627
 30
0.0
 41
1.0
 10
527.7656626133973
 20
69.58830664247853
 30
0.0
 41
1.0
 10
527.7837972446299
 20
69.60872374060066
 30
0.0
 41
1.0
 10
527.8026518838482
 20
69.62974056986425
 30
0.0
 41
1.0
 10
527.8223821666005
 20
69.65146868056852
 30
0.0
 41
1.0
 10
527.8433117617721
 20
69.67421358961357
 30
0.0
 41
1.0
 10
527.865818131071
 20
69.69835119854742
 30
0.0
 41
1.0
 10
527.8902140408354
 20
69.72419894555489
 30
0.0
 41
1.0
 10
527.9166169387549
 20
69.75187430892496
 30
0.0
 41
1.0
 10
527.9448670046323
 20
69.78120518226937
 30
0.0
 41
1.0
 10
527.9746143515689
 20
69.81182106764727
 30
0.0
 41
1.0
 10
528.0053783085126
 20
69.84321438102202
 30
0.0
 41
1.0
 10
528.0366166925399
 20
69.87481251695502
 30
0.0
 41
1.0
 10
528.0677929691537
 20
69.90604748186697
 30
0.0
 41
1.0
 10
528.0984392370386
 20
69.9364214649739
 30
0.0
 41
1.0
 10
528.1282335928132
 20
69.96558679925136
 30
0.0
 41
1.0
 10
528.1570212392671
 20
69.99336943659649
 30
0.0
 41
1.0
 10
528.1847802993507
 20
70.0197369065502
 30
0.0
 41
1.0
 10
528.2116027467057
 20
70.04478140220186
 30
0.0
 41
1.0
 10
528.2376692810122
 20
70.06869692783166
 30
0.0
 41
1.0
 10
528.2632266247938
 20
70.0917585503479
 30
0.0
 41
1.0
 10
528.2885642914646
 20
70.11430191304953
 30
0.0
 41
1.0
 10
528.3139901199253
 20
70.13669923680712
 30
0.0
 41
1.0
 10
528.3397956211733
 20
70.15931261739038
 30
0.0
 41
1.0
 10
528.3662230501653
 20
70.18245071280176
 30
0.0
 41
1.0
 10
528.393430961676
 20
70.20632302820409
 30
0.0
 41
1.0
 10
528.4214622841305
 20
70.2309976434891
 30
0.0
 41
1.0
 10
528.4502067580431
 20
70.25635158763922
 30
0.0
 41
1.0
 10
528.4793790685726
 20
70.28204150420634
 30
0.0
 41
1.0
 10
528.5085963670501
 20
70.30760254424485
 30
0.0
 41
1.0
 10
528.5374452688119
 20
70.33253370365052
 30
0.0
 41
1.0
 10
528.565552014157
 20
70.35638720243102
 30
0.0
 41
1.0
 10
528.5926532840685
 20
70.37885879816684
 30
0.0
 41
1.0
 10
528.6186620745037
 20
70.39987151720872
 30
0.0
 41
1.0
 10
528.6437482358751
 20
70.41967884338141
 30
0.0
 41
1.0
 10
528.6682624972285
 20
70.43876050533761
 30
0.0
 41
1.0
 10
528.6926415186805
 20
70.45769323178132
 30
0.0
 41
1.0
 10
528.7173178968386
 20
70.47702782560751
 30
0.0
 41
1.0
 10
528.7426321762081
 20
70.4971694451184
 30
0.0
 41
1.0
 10
528.7687342428866
 20
70.51824249389508
 30
0.0
 41
1.0
 10
528.7955185080445
 20
70.54000409970747
 30
0.0
 41
1.0
 10
528.8227337093927
 20
70.56200869165127
 30
0.0
 41
1.0
 10
528.8500686922267
 20
70.58373781429395
 30
0.0
 41
1.0
 10
528.87725014914
 20
70.60474770267294
 30
0.0
 41
1.0
 10
528.9041291885813
 20
70.62479947129549
 30
0.0
 41
1.0
 10
528.9307873271083
 20
70.6440204778066
 30
0.0
 41
1.0
 10
528.9575886791729
 20
70.66297730876019
 30
0.0
 41
1.0
 10
528.9850573248746
 20
70.68243487413347
 30
0.0
 41
1.0
 10
529.0137830322715
 20
70.70318981153005
 30
0.0
 41
1.0
 10
529.0443173123899
 20
70.72582866584198
 30
0.0
 41
1.0
 10
529.0770702704683
 20
70.75062362952884
 30
0.0
 41
1.0
 10
529.1122152370759
 20
70.77711401211527
 30
0.0
 41
1.0
 10
529.1495601991845
 20
70.80466025533266
 30
0.0
 41
1.0
 10
529.1886256179894
 20
70.83272946079098
 30
0.0
 41
1.0
 10
529.2287265636936
 20
70.86079290057302
 30
0.0
 41
1.0
 10
529.2690526327244
 20
70.88838208417513
 30
0.0
 41
1.0
 10
529.3087485031801
 20
70.91507688200355
 30
0.0
 41
1.0
 10
529.3469948519043
 20
70.94052303424767
 30
0.0
 41
1.0
 10
529.383087559317
 20
70.96443672350602
 30
0.0
 41
1.0
 10
529.4165219322219
 20
70.98661557054751
 30
0.0
 41
1.0
 10
529.4469630207224
 20
71.00692506505922
 30
0.0
 41
1.0
 10
529.4742101911278
 20
71.02528489095526
 30
0.0
 41
1.0
 10
529.4933731117837
 20
71.03838117210052
 30
0.0
 41
1.0
 10
529.506248490168
 20
71.04730228895228
 30
0.0
 41
1.0
 10
529.5141668799531
 20
71.05284924493297
 30
0.0
 41
1.0
 10
529.5179597757493
 20
71.05552260911179
 30
0.0
 41
1.0
  0
SPLINE
  5
167
330
70
100
AcDbEntity
  8
Untitled v10_Sketch14
100
AcDbSpline
210
0.0
220
0.0
230
1.0
 70
    12
 71
     5
 72
    86
 73
    80
 74
     0
 42
0.000000001
 43
0.0000000001
 40
0.0
 40
0.0
 40
0.0
 40
0.0
 40
0.0
 40
0.0
 40
0.0133333333333333
 40
0.0266666666666667
 40
0.04
 40
0.0533333333333333
 40
0.0666666666666667
 40
0.08
 40
0.0933333333333334
 40
0.1066666666666667
 40
0.12
 40
0.1333333333333333
 40
0.1466666666666667
 40
0.16
 40
0.1733333333333333
 40
0.1866666666666667
 40
0.2
 40
0.2133333333333333
 40
0.2266666666666667
 40
0.24
 40
0.2533333333333334
 40
0.2666666666666666
 40
0.28
 40
0.2933333333333333
 40
0.3066666666666666
 40
0.3199999999999999
 40
0.3333333333333332
 40
0.3466666666666665
 40
0.3599999999999998
 40
0.3733333333333331
 40
0.3866666666666665
 40
0.3999999999999997
 40
0.4133333333333331
 40
0.4266666666666664
 40
0.4399999999999997
 40
0.453333333333333
 40
0.4666666666666663
 40
0.4799999999999997
 40
0.493333333333333
 40
0.5066666666666663
 40
0.5199999999999996
 40
0.5333333333333329
 40
0.5466666666666662
 40
0.5599999999999996
 40
0.5733333333333328
 40
0.5866666666666661
 40
0.5999999999999995
 40
0.6133333333333328
 40
0.6266666666666661
 40
0.6399999999999994
 40
0.6533333333333326
 40
0.666666666666666
 40
0.6799999999999993
 40
0.6933333333333326
 40
0.706666666666666
 40
0.7199999999999993
 40
0.7333333333333325
 40
0.7466666666666658
 40
0.7599999999999991
 40
0.7733333333333325
 40
0.7866666666666658
 40
0.7999999999999991
 40
0.8133333333333323
 40
0.8266666666666656
 40
0.8399999999999989
 40
0.8533333333333322
 40
0.8666666666666655
 40
0.8799999999999988
 40
0.8933333333333322
 40
0.9066666666666655
 40
0.9199999999999988
 40
0.9333333333333321
 40
0.9466666666666654
 40
0.9599999999999987
 40
0.973333333333332
 40
0.9866666666666652
 40
1.0
 40
1.0
 40
1.0
 40
1.0
 40
1.0
 40
1.0
 10
495.8558180532951
 20
40.74611393133437
 30
0.0
 41
1.0
 10
495.8675221083232
 20
40.76026569841978
 30
0.0
 41
1.0
 10
495.8905858705427
 20
40.78810240079832
 30
0.0
 41
1.0
 10
495.9241484672705
 20
40.82845695503657
 30
0.0
 41
1.0
 10
495.9668319318353
 20
40.87946125221563
 30
0.0
 41
1.0
 10
496.0167651342987
 20
40.93857543635358
 30
0.0
 41
1.0
 10
496.0633536623895
 20
40.99314253815414
 30
0.0
 41
1.0
 10
496.1067541244635
 20
41.043355846001
 30
0.0
 41
1.0
 10
496.1472335829987
 20
41.08954553983835
 30
0.0
 41
1.0
 10
496.1851925445229
 20
41.13220707028688
 30
0.0
 41
1.0
 10
496.2212063025384
 20
41.17205295186074
 30
0.0
 41
1.0
 10
496.2559950377067
 20
41.2099736482822
 30
0.0
 41
1.0
 10
496.2903375917284
 20
41.24692656972122
 30
0.0
 41
1.0
 10
496.3249997869166
 20
41.28384364696131
 30
0.0
 41
1.0
 10
496.3606604180774
 20
41.32153587887096
 30
0.0
 41
1.0
 10
496.397829513035
 20
41.36058812842655
 30
0.0
 41
1.0
 10
496.4367963511316
 20
41.40129151373407
 30
0.0
 41
1.0
 10
496.477699329928
 20
41.44372954311691
 30
0.0
 41
1.0
 10
496.520575692897
 20
41.48783905487327
 30
0.0
 41
1.0
 10
496.56542154618
 20
41.53348355736994
 30
0.0
 41
1.0
 10
496.6122415501717
 20
41.58051486866717
 30
0.0
 41
1.0
 10
496.6611175397019
 20
41.62885531932936
 30
0.0
 41
1.0
 10
496.7122093891375
 20
41.6785070845075
 30
0.0
 41
1.0
 10
496.7656967067135
 20
41.7294980307772
 30
0.0
 41
1.0
 10
496.821737144278
 20
41.78184538567876
 30
0.0
 41
1.0
 10
496.8804177194486
 20
41.83551194318781
 30
0.0
 41
1.0
 10
496.9417093989181
 20
41.89036575843914
 30
0.0
 41
1.0
 10
497.0054193043071
 20
41.94613740038548
 30
0.0
 41
1.0
 10
497.0711460772512
 20
42.00238042650624
 30
0.0
 41
1.0
 10
497.1383301904765
 20
42.05852692753943
 30
0.0
 41
1.0
 10
497.2063016035975
 20
42.11394042043998
 30
0.0
 41
1.0
 10
497.2743283122814
 20
42.16796976607916
 30
0.0
 41
1.0
 10
497.3416642799397
 20
42.2200023059873
 30
0.0
 41
1.0
 10
497.4075979202172
 20
42.26951809261322
 30
0.0
 41
1.0
 10
497.4714996094
 20
42.31614204569062
 30
0.0
 41
1.0
 10
497.5328717565992
 20
42.35970181992016
 30
0.0
 41
1.0
 10
497.5913565877111
 20
42.40018533199418
 30
0.0
 41
1.0
 10
497.6467417044955
 20
42.43769116038031
 30
0.0
 41
1.0
 10
497.6989657871898
 20
42.47238289137861
 30
0.0
 41
1.0
 10
497.7481263467942
 20
42.50443920261588
 30
0.0
 41
1.0
 10
497.7944823409069
 20
42.53401217206715
 30
0.0
 41
1.0
 10
497.838470777147
 20
42.56116565108307
 30
0.0
 41
1.0
 10
497.8806372850123
 20
42.58593543418051
 30
0.0
 41
1.0
 10
497.9215449463737
 20
42.60841940814188
 30
0.0
 41
1.0
 10
497.961686707668
 20
42.62886445375428
 30
0.0
 41
1.0
 10
498.0014047864696
 20
42.64773961773833
 30
0.0
 41
1.0
 10
498.0407855773333
 20
42.66585354686888
 30
0.0
 41
1.0
 10
498.0796642256835
 20
42.68427631550466
 30
0.0
 41
1.0
 10
498.1176982358505
 20
42.70414008046792
 30
0.0
 41
1.0
 10
498.1544207090784
 20
42.7264723184578
 30
0.0
 41
1.0
 10
498.1893002909982
 20
42.75202466309437
 30
0.0
 41
1.0
 10
498.2218020793939
 20
42.78107999514503
 30
0.0
 41
1.0
 10
498.2514245671175
 20
42.8134100769644
 30
0.0
 41
1.0
 10
498.2777263741761
 20
42.84829569389678
 30
0.0
 41
1.0
 10
498.3003565712838
 20
42.88451768439479
 30
0.0
 41
1.0
 10
498.3190833892218
 20
42.92037746907851
 30
0.0
 41
1.0
 10
498.3338241569462
 20
42.95365572851416
 30
0.0
 41
1.0
 10
498.3446835008527
 20
42.98215206105481
 30
0.0
 41
1.0
 10
498.3520047738652
 20
43.00438938129758
 30
0.0
 41
1.0
 10
498.3563957420801
 20
43.0201341774601
 30
0.0
 41
1.0
 10
498.3588167366186
 20
43.03130061633886
 30
0.0
 41
1.0
 10
498.3604289570402
 20
43.04142507934521
 30
0.0
 41
1.0
 10
498.3622297348229
 20
43.0538884207899
 30
0.0
 41
1.0
 10
498.3647583655694
 20
43.07053908574346
 30
0.0
 41
1.0
 10
498.3677458139692
 20
43.0900295527465
 30
0.0
 41
1.0
 10
498.3704843156885
 20
43.10941178198383
 30
0.0
 41
1.0
 10
498.3722070468977
 20
43.1257689665032
 30
0.0
 41
1.0
 10
498.3724987894724
 20
43.13799740915655
 30
0.0
 41
1.0
 10
498.3715919871333
 20
43.14804776573417
 30
0.0
 41
1.0
 10
498.3700009045104
 20
43.15901463026996
 30
0.0
 41
1.0
 10
498.3682693672405
 20
43.17379259474257
 30
0.0
 41
1.0
 10
498.3666104581176
 20
43.19314957882212
 30
0.0
 41
1.0
 10
498.3648870360579
 20
43.21571987334692
 30
0.0
 41
1.0
 10
498.3627978385572
 20
43.23917410908812
 30
0.0
 41
1.0
 10
498.3599921576379
 20
43.26097071374618
 30
0.0
 41
1.0
 10
498.3562380194787
 20
43.2794390076345
 30
0.0
 41
1.0
 10
498.3523882689289
 20
43.29091550626287
 30
0.0
 41
1.0
 10
498.3490077733462
 20
43.29754358430378
 30
0.0
 41
1.0
 10
498.3465350890862
 20
43.30108359777625
 30
0.0
 41
1.0
 10
498.345243985576
 20
43.30263388627784
 30
0.0
 41
1.0
  0
ARC
  5
168
330
70
100
AcDbEntity
  8
Untitled v10_Sketch14
100
AcDbCircle
 10
518.1164653105279
 20
50.36040449222024
 30
0.0
 40
24.37862958253657
100
AcDbArc
 50
250.7016270909378
 51
253.3010552526093
  0
SPLINE
  5
169
330
70
100
AcDbEntity
  8
Untitled v10_Sketch14
100
AcDbSpline
210
0.0
220
0.0
230
1.0
 70
    12
 71
     5
 72
    86
 73
    80
 74
     0
 42
0.000000001
 43
0.0000000001
 40
0.0
 40
0.0
 40
0.0
 40
0.0
 40
0.0
 40
0.0
 40
0.0133333333333333
 40
0.0266666666666667
 40
0.04
 40
0.0533333333333333
 40
0.0666666666666667
 40
0.08
 40
0.0933333333333334
 40
0.1066666666666667
 40
0.12
 40
0.1333333333333333
 40
0.1466666666666667
 40
0.16
 40
0.1733333333333333
 40
0.1866666666666667
 40
0.2
 40
0.2133333333333333
 40
0.2266666666666667
 40
0.24
 40
0.2533333333333334
 40
0.2666666666666666
 40
0.28
 40
0.2933333333333333
 40
0.3066666666666666
 40
0.3199999999999999
 40
0.3333333333333332
 40
0.3466666666666665
 40
0.3599999999999998
 40
0.3733333333333331
 40
0.3866666666666665
 40
0.3999999999999997
 40
0.4133333333333331
 40
0.4266666666666664
 40
0.4399999999999997
 40
0.453333333333333
 40
0.4666666666666663
 40
0.4799999999999997
 40
0.493333333333333
 40
0.5066666666666663
 40
0.5199999999999996
 40
0.5333333333333329
 40
0.5466666666666662
 40
0.5599999999999996
 40
0.5733333333333328
 40
0.5866666666666661
 40
0.5999999999999995
 40
0.6133333333333328
 40
0.6266666666666661
 40
0.6399999999999994
 40
0.6533333333333326
 40
0.666666666666666
 40
0.6799999999999993
 40
0.6933333333333326
 40
0.706666666666666
 40
0.7199999999999993
 40
0.7333333333333325
 40
0.7466666666666658
 40
0.7599999999999991
 40
0.7733333333333325
 40
0.7866666666666658
 40
0.7999999999999991
 40
0.8133333333333323
 40
0.8266666666666656
 40
0.8399999999999989
 40
0.8533333333333322
 40
0.8666666666666655
 40
0.8799999999999988
 40
0.8933333333333322
 40
0.9066666666666655
 40
0.9199999999999988
 40
0.9333333333333321
 40
0.9466666666666654
 40
0.9599999999999987
 40
0.973333333333332
 40
0.9866666666666652
 40
1.0
 40
1.0
 40
1.0
 40
1.0
 40
1.0
 40
1.0
 10
521.0580014871242
 20
73.80437494846924
 30
0.0
 41
1.0
 10
521.0644052494144
 20
73.78716305594498
 30
0.0
 41
1.0
 10
521.0769806597222
 20
73.75327090076678
 30
0.0
 41
1.0
 10
521.095147430487
 20
73.70402756226432
 30
0.0
 41
1.0
 10
521.1179767152636
 20
73.64156044904011
 30
0.0
 41
1.0
 10
521.1442044992196
 20
73.56875993514552
 30
0.0
 41
1.0
 10
521.1681667315445
 20
73.50112953539377
 30
0.0
 41
1.0
 10
521.1899525007107
 20
73.43843697877817
 30
0.0
 41
1.0
 10
521.2097142196994
 20
73.38028589243672
 30
0.0
 41
1.0
 10
521.22768070807
 20
73.32608170223121
 30
0.0
 41
1.0
 10
521.2441813747414
 20
73.274969932117
 30
0.0
 41
1.0
 10
521.2596272935875
 20
73.22588165548501
 30
0.0
 41
1.0
 10
521.2744581852868
 20
73.17766367055182
 30
0.0
 41
1.0
 10
521.2890982144162
 20
73.12918679034797
 30
0.0
 41
1.0
 10
521.3039103291948
 20
73.0794576618929
 30
0.0
 41
1.0
 10
521.3191460219061
 20
73.02774215664616
 30
0.0
 41
1.0
 10
521.3349127685541
 20
72.97364419229554
 30
0.0
 41
1.0
 10
521.3512136906879
 20
72.91700215887593
 30
0.0
 41
1.0
 10
521.3679754669329
 20
72.85781538344474
 30
0.0
 41
1.0
 10
521.3850818389968
 20
72.79615548399893
 30
0.0
 41
1.0
 10
521.4024021473576
 20
72.73209251548824
 30
0.0
 41
1.0
 10
521.4198282108964
 20
72.66559444158902
 30
0.0
 41
1.0
 10
521.4372819761656
 20
72.59652171946223
 30
0.0
 41
1.0
 10
521.45469777221
 20
72.52470487052623
 30
0.0
 41
1.0
 10
521.4720116925936
 20
72.44999875050544
 30
0.0
 41
1.0
 10
521.4891480071448
 20
72.37234660294459
 30
0.0
 41
1.0
 10
521.5060069649122
 20
72.29183954385759
 30
0.0
 41
1.0
 10
521.5224516709539
 20
72.2087793263449
 30
0.0
 41
1.0
 10
521.5382961738883
 20
72.12373675820621
 30
0.0
 41
1.0
 10
521.5533284135038
 20
72.03748035890571
 30
0.0
 41
1.0
 10
521.5673321995076
 20
71.95090864196149
 30
0.0
 41
1.0
 10
521.5801096310392
 20
71.86498111128587
 30
0.0
 41
1.0
 10
521.5915031485939
 20
71.78065018275138
 30
0.0
 41
1.0
 10
521.6014182575616
 20
71.69879208199398
 30
0.0
 41
1.0
 10
521.60984494076
 20
71.62013961927822
 30
0.0
 41
1.0
 10
521.6168827382262
 20
71.54520989360424
 30
0.0
 41
1.0
 10
521.6227000725608
 20
71.47431878808825
 30
0.0
 41
1.0
 10
521.627488514341
 20
71.40760095576834
 30
0.0
 41
1.0
 10
521.6314203933396
 20
71.34502770796662
 30
0.0
 41
1.0
 10
521.6346016934205
 20
71.28642525886629
 30
0.0
 41
1.0
 10
521.6370346391743
 20
71.23149330562132
 30
0.0
 41
1.0
 10
521.638556023683
 20
71.17982146285671
 30
0.0
 41
1.0
 10
521.6389240311591
 20
71.13091930430778
 30
0.0
 41
1.0
 10
521.637941893107
 20
71.0842502433787
 30
0.0
 41
1.0
 10
521.6355769413418
 20
71.03926393553898
 30
0.0
 41
1.0
 10
521.6320642734517
 20
70.99542948831526
 30
0.0
 41
1.0
 10
521.6280610008093
 20
70.95226775844086
 30
0.0
 41
1.0
 10
521.6245762622807
 20
70.90938647698689
 30
0.0
 41
1.0
 10
521.6227617822703
 20
70.86651617549295
 30
0.0
 41
1.0
 10
521.623740831079
 20
70.8235474617929
 30
0.0
 41
1.0
 10
521.6284300197005
 20
70.78056468545849
 30
0.0
 41
1.0
 10
521.6373417811739
 20
70.73788964501408
 30
0.0
 41
1.0
 10
521.6505292094741
 20
70.69607077721248
 30
0.0
 41
1.0
 10
521.667590136435
 20
70.65584993566819
 30
0.0
 41
1.0
 10
521.6876442018282
 20
70.61814061483125
 30
0.0
 41
1.0
 10
521.7093362773693
 20
70.58399282242302
 30
0.0
 41
1.0
 10
521.7307857115722
 20
70.55458781338457
 30
0.0
 41
1.0
 10
521.7500345875138
 20
70.53093517942274
 30
0.0
 41
1.0
 10
521.7656320352499
 20
70.51347611088449
 30
0.0
 41
1.0
 10
521.7770719445967
 20
70.50180102278196
 30
0.0
 41
1.0
 10
521.7855318670662
 20
70.49412116056981
 30
0.0
 41
1.0
 10
521.7934937990186
 20
70.48766270522503
 30
0.0
 41
1.0
 10
521.8033869804344
 20
70.47987151519634
 30
0.0
 41
1.0
 10
521.8165425639008
 20
70.46935632425621
 30
0.0
 41
1.0
 10
521.8319280792571
 20
70.45702388454806
 30
0.0
 41
1.0
 10
521.8473443312992
 20
70.44496115787208
 30
0.0
 41
1.0
 10
521.8606487030227
 20
70.43529063662136
 30
0.0
 41
1.0
 10
521.8710929737217
 20
70.42892375881369
 30
0.0
 41
1.0
 10
521.8802502390047
 20
70.42468389438674
 30
0.0
 41
1.0
 10
521.890543363604
 20
70.42057838008981
 30
0.0
 41
1.0
 10
521.9042072248884
 20
70.41468895311678
 30
0.0
 41
1.0
 10
521.9218003194034
 20
70.40644711851999
 30
0.0
 41
1.0
 10
521.9422084788625
 20
70.39665449854277
 30
0.0
 41
1.0
 10
521.9635650415912
 20
70.38673667878128
 30
0.0
 41
1.0
 10
521.983844295401
 20
70.37826816740329
 30
0.0
 41
1.0
 10
522.0017153761524
 20
70.37228519947435
 30
0.0
 41
1.0
 10
522.013579190786
 20
70.36988093193449
 30
0.0
 41
1.0
 10
522.021009522539
 20
70.36949448796606
 30
0.0
 41
1.0
 10
522.0253116062658
 20
70.36986588861444
 30
0.0
 41
1.0
 10
522.0272997472465
 20
70.37020887280246
 30
0.0
 41
1.0
  0
SPLINE
  5
16A
330
70
100
AcDbEntity
  8
Untitled v10_Sketch14
100
AcDbSpline
210
0.0
220
0.0
230
1.0
 70
    12
 71
     5
 72
    86
 73
    80
 74
     0
 42
0.000000001
 43
0.0000000001
 40
0.0
 40
0.0
 40
0.0
 40
0.0
 40
0.0
 40
0.0
 40
0.0133333333333333
 40
0.0266666666666667
 40
0.04
 40
0.0533333333333333
 40
0.0666666666666667
 40
0.08
 40
0.0933333333333334
 40
0.1066666666666667
 40
0.12
 40
0.1333333333333333
 40
0.1466666666666667
 40
0.16
 40
0.1733333333333333
 40
0.1866666666666667
 40
0.2
 40
0.2133333333333333
 40
0.2266666666666667
 40
0.24
 40
0.2533333333333334
 40
0.2666666666666666
 40
0.28
 40
0.2933333333333333
 40
0.3066666666666666
 40
0.3199999999999999
 40
0.3333333333333332
 40
0.3466666666666665
 40
0.3599999999999998
 40
0.3733333333333331
 40
0.3866666666666665
 40
0.3999999999999997
 40
0.4133333333333331
 40
0.4266666666666664
 40
0.4399999999999997
 40
0.453333333333333
 40
0.4666666666666663
 40
0.4799999999999997
 40
0.493333333333333
 40
0.5066666666666663
 40
0.5199999999999996
 40
0.5333333333333329
 40
0.5466666666666662
 40
0.5599999999999996
 40
0.5733333333333328
 40
0.5866666666666661
 40
0.5999999999999995
 40
0.6133333333333328
 40
0.6266666666666661
 40
0.6399999999999994
 40
0.6533333333333326
 40
0.666666666666666
 40
0.6799999999999993
 40
0.6933333333333326
 40
0.706666666666666
 40
0.7199999999999993
 40
0.7333333333333325
 40
0.7466666666666658
 40
0.7599999999999991
 40
0.7733333333333325
 40
0.7866666666666658
 40
0.7999999999999991
 40
0.8133333333333323
 40
0.8266666666666656
 40
0.8399999999999989
 40
0.8533333333333322
 40
0.8666666666666655
 40
0.8799999999999988
 40
0.8933333333333322
 40
0.9066666666666655
 40
0.9199999999999988
 40
0.9333333333333321
 40
0.9466666666666654
 40
0.9599999999999987
 40
0.973333333333332
 40
0.9866666666666652
 40
1.0
 40
1.0
 40
1.0
 40
1.0
 40
1.0
 40
1.0
 10
506.4821165492507
 20
71.05558765470064
 30
0.0
 41
1.0
 10
506.4974141983614
 20
71.04542697817663
 30
0.0
 41
1.0
 10
506.5275092279937
 20
71.02539928938188
 30
0.0
 41
1.0
 10
506.5711509624207
 20
70.99623875161093
 30
0.0
 41
1.0
 10
506.626337489681
 20
70.95912051233518
 30
0.0
 41
1.0
 10
506.6903472810526
 20
70.91563996400478
 30
0.0
 41
1.0
 10
506.7494852858072
 20
70.87501046804177
 30
0.0
 41
1.0
 10
506.8039601035056
 20
70.83709647814476
 30
0.0
 41
1.0
 10
506.8541280209617
 20
70.80166690803459
 30
0.0
 41
1.0
 10
506.900523638998
 20
70.76837523389176
 30
0.0
 41
1.0
 10
506.9439157034453
 20
70.73672379177921
 30
0.0
 41
1.0
 10
506.9852650793502
 20
70.70608942506517
 30
0.0
 41
1.0
 10
507.0256053432158
 20
70.67579763523895
 30
0.0
 41
1.0
 10
507.0659433708406
 20
70.64518420853509
 30
0.0
 41
1.0
 10
507.1071566717344
 20
70.6136588411217
 30
0.0
 41
1.0
 10
507.1498802173578
 20
70.58077543398855
 30
0.0
 41
1.0
 10
507.1944337689664
 20
70.5462767226241
 30
0.0
 41
1.0
 10
507.2409148439005
 20
70.51003379662074
 30
0.0
 41
1.0
 10
507.2892645194679
 20
70.47200301433377
 30
0.0
 41
1.0
 10
507.3393466447316
 20
70.43217398102996
 30
0.0
 41
1.0
 10
507.3910143366521
 20
70.39052657261433
 30
0.0
 41
1.0
 10
507.4441989053438
 20
70.34697128389026
 30
0.0
 41
1.0
 10
507.4989192254642
 20
70.30134934366415
 30
0.0
 41
1.0
 10
507.5552217851055
 20
70.25348504046441
 30
0.0
 41
1.0
 10
507.6131401965392
 20
70.20322338684451
 30
0.0
 41
1.0
 10
507.6726465533771
 20
70.15047395278987
 30
0.0
 41
1.0
 10
507.7336065987552
 20
70.09525182056606
 30
0.0
 41
1.0
 10
507.7957322163166
 20
70.03772064873146
 30
0.0
 41
1.0
 10
507.858537455827
 20
69.97823293101667
 30
0.0
 41
1.0
 10
507.9213990325642
 20
69.91728576686391
 30
0.0
 41
1.0
 10
507.9836139119123
 20
69.85547899551313
 30
0.0
 41
1.0
 10
508.0444580064629
 20
69.79347254872834
 30
0.0
 41
1.0
 10
508.1032440318949
 20
69.73194433598287
 30
0.0
 41
1.0
 10
508.1593805079568
 20
69.67154769616897
 30
0.0
 41
1.0
 10
508.2124285955114
 20
69.61286959729221
 30
0.0
 41
1.0
 10
508.262164880974
 20
69.5563868893975
 30
0.0
 41
1.0
 10
508.3085399496536
 20
69.50245412361451
 30
0.0
 41
1.0
 10
508.3516296383329
 20
69.45129283889966
 30
0.0
 41
1.0
 10
508.3915902275086
 20
69.40298111852406
 30
0.0
 41
1.0
 10
508.4286096086676
 20
69.35744066256056
 30
0.0
 41
1.0
 10
508.4628660951258
 20
69.31442982848487
 30
0.0
 41
1.0
 10
508.4944688681843
 20
69.27352067693502
 30
0.0
 41
1.0
 10
508.5235105600867
 20
69.23417430897437
 30
0.0
 41
1.0
 10
508.5501473794642
 20
69.19584095930847
 30
0.0
 41
1.0
 10
508.5746763815985
 20
69.15805618798202
 30
0.0
 41
1.0
 10
508.5975998152003
 20
69.12052868085702
 30
0.0
 41
1.0
 10
508.6197309278832
 20
69.08325704326185
 30
0.0
 41
1.0
 10
508.6421167000306
 20
69.04651707990986
 30
0.0
 41
1.0
 10
508.6658472858457
 20
69.01076775285652
 30
0.0
 41
1.0
 10
508.6918957291931
 20
68.97658080369787
 30
0.0
 41
1.0
 10
508.7209540045097
 20
68.9445632430948
 30
0.0
 41
1.0
 10
508.7532475304057
 20
68.91527661210567
 30
0.0
 41
1.0
 10
508.7884968977741
 20
68.88919581323918
 30
0.0
 41
1.0
 10
508.8259406951197
 20
68.86668463015986
 30
0.0
 41
1.0
 10
508.8643297574909
 20
68.84796463264297
 30
0.0
 41
1.0
 10
508.901950584023
 20
68.83308877035912
 30
0.0
 41
1.0
 10
508.9365873714692
 20
68.82190727942171
 30
0.0
 41
1.0
 10
508.9660627086492
 20
68.81408610198654
 30
0.0
 41
1.0
 10
508.9889434919421
 20
68.80912936858585
 30
0.0
 41
1.0
 10
509.0050610176235
 20
68.80640823390159
 30
0.0
 41
1.0
 10
509.0164193484205
 20
68.80516771252064
 30
0.0
 41
1.0
 10
509.0266568714822
 20
68.80462261857068
 30
0.0
 41
1.0
 10
509.0392401699729
 20
68.80413447956553
 30
0.0
 41
1.0
 10
509.0560639347277
 20
68.80336016934276
 30
0.0
 41
1.0
 10
509.0757599043034
 20
68.80242639506214
 30
0.0
 41
1.0
 10
509.0953222070374
 20
68.8017288897786
 30
0.0
 41
1.0
 10
509.1117698596343
 20
68.80172538723243
 30
0.0
 41
1.0
 10
509.1239618090023
 20
68.80271346317283
 30
0.0
 41
1.0
 10
509.1338623220202
 20
68.8046658462822
 30
0.0
 41
1.0
 10
509.144602795503
 20
68.8073945622848
 30
0.0
 41
1.0
 10
509.1591188098101
 20
68.81066133192885
 30
0.0
 41
1.0
 10
509.1781963510842
 20
68.81433450917334
 30
0.0
 41
1.0
 10
509.2004628565145
 20
68.8184077283488
 30
0.0
 41
1.0
 10
509.223570226894
 20
68.8229371162262
 30
0.0
 41
1.0
 10
509.2449541539563
 20
68.8280057929212
 30
0.0
 41
1.0
 10
509.2629288623056
 20
68.83366982789812
 30
0.0
 41
1.0
 10
509.2739400829648
 20
68.8386981098769
 30
0.0
 41
1.0
 10
509.2801784936923
 20
68.8427529095631
 30
0.0
 41
1.0
 10
509.2834406487148
 20
68.84558208036819
 30
0.0
 41
1.0
 10
509.2848474875079
 20
68.847028160353
 30
0.0
 41
1.0
  0
SPLINE
  5
16B
330
70
100
AcDbEntity
  8
Untitled v10_Sketch14
100
AcDbSpline
210
0.0
220
0.0
230
1.0
 70
    12
 71
     5
 72
    86
 73
    80
 74
     0
 42
0.000000001
 43
0.0000000001
 40
0.0
 40
0.0
 40
0.0
 40
0.0
 40
0.0
 40
0.0
 40
0.0133333333333333
 40
0.0266666666666667
 40
0.04
 40
0.0533333333333333
 40
0.0666666666666667
 40
0.08
 40
0.0933333333333334
 40
0.1066666666666667
 40
0.12
 40
0.1333333333333333
 40
0.1466666666666667
 40
0.16
 40
0.1733333333333333
 40
0.1866666666666667
 40
0.2
 40
0.2133333333333333
 40
0.2266666666666667
 40
0.24
 40
0.2533333333333334
 40
0.2666666666666666
 40
0.28
 40
0.2933333333333333
 40
0.3066666666666666
 40
0.3199999999999999
 40
0.3333333333333332
 40
0.3466666666666665
 40
0.3599999999999998
 40
0.3733333333333331
 40
0.3866666666666665
 40
0.3999999999999997
 40
0.4133333333333331
 40
0.4266666666666664
 40
0.4399999999999997
 40
0.453333333333333
 40
0.4666666666666663
 40
0.4799999999999997
 40
0.493333333333333
 40
0.5066666666666663
 40
0.5199999999999996
 40
0.5333333333333329
 40
0.5466666666666662
 40
0.5599999999999996
 40
0.5733333333333328
 40
0.5866666666666661
 40
0.5999999999999995
 40
0.6133333333333328
 40
0.6266666666666661
 40
0.6399999999999994
 40
0.6533333333333326
 40
0.666666666666666
 40
0.6799999999999993
 40
0.6933333333333326
 40
0.706666666666666
 40
0.7199999999999993
 40
0.7333333333333325
 40
0.7466666666666658
 40
0.7599999999999991
 40
0.7733333333333325
 40
0.7866666666666658
 40
0.7999999999999991
 40
0.8133333333333323
 40
0.8266666666666656
 40
0.8399999999999989
 40
0.8533333333333322
 40
0.8666666666666655
 40
0.8799999999999988
 40
0.8933333333333322
 40
0.9066666666666655
 40
0.9199999999999988
 40
0.9333333333333321
 40
0.9466666666666654
 40
0.9599999999999987
 40
0.973333333333332
 40
0.9866666666666652
 40
1.0
 40
1.0
 40
1.0
 40
1.0
 40
1.0
 40
1.0
 10
501.5341786947192
 20
32.53930111266015
 30
0.0
 41
1.0
 10
501.5391148387882
 20
32.55698986325115
 30
0.0
 41
1.0
 10
501.5488624271202
 20
32.59180083348674
 30
0.0
 41
1.0
 10
501.563109708984
 20
32.64231769113223
 30
0.0
 41
1.0
 10
501.5813576775366
 20
32.70627336423232
 30
0.0
 41
1.0
 10
501.602930023018
 20
32.78058652178181
 30
0.0
 41
1.0
 10
501.6232963214249
 20
32.84938531128986
 30
0.0
 41
1.0
 10
501.6425210241409
 20
32.91291000883859
 30
0.0
 41
1.0
 10
501.6607138085974
 20
32.97157087291161
 30
0.0
 41
1.0
 10
501.6780390377915
 20
33.02598342085403
 30
0.0
 41
1.0
 10
501.6947324627276
 20
33.07703256001133
 30
0.0
 41
1.0
 10
501.7110898169522
 20
33.12582469333698
 30
0.0
 41
1.0
 10
501.7274331939646
 20
33.17355124200176
 30
0.0
 41
1.0
 10
501.7440831568618
 20
33.22137505513631
 30
0.0
 41
1.0
 10
501.7613299525984
 20
33.27031310779404
 30
0.0
 41
1.0
 10
501.7794016295728
 20
33.32110714589554
 30
0.0
 41
1.0
 10
501.7984440492129
 20
33.37414077957263
 30
0.0
 41
1.0
 10
501.8185496780865
 20
33.429546588834
 30
0.0
 41
1.0
 10
501.8397782299776
 20
33.48728202087926
 30
0.0
 41
1.0
 10
501.862181663818
 20
33.5472208006216
 30
0.0
 41
1.0
 10
501.8858245081149
 20
33.60922945267653
 30
0.0
 41
1.0
 10
501.9108131137108
 20
33.67327030770781
 30
0.0
 41
1.0
 10
501.937292648394
 20
33.73941037957834
 30
0.0
 41
1.0
 10
501.9654158580941
 20
33.80774817892195
 30
0.0
 41
1.0
 10
501.9953197578689
 20
33.87836356666327
 30
0.0
 41
1.0
 10
502.0270989753211
 20
33.95125794666157
 30
0.0
 41
1.0
 10
502.0607806540167
 20
34.02629897237482
 30
0.0
 41
1.0
 10
502.0962981782674
 20
34.10316205558871
 30
0.0
 41
1.0
 10
502.1334664734951
 20
34.18127610361289
 30
0.0
 41
1.0
 10
502.1720053756074
 20
34.25989472527561
 30
0.0
 41
1.0
 10
502.2115616532301
 20
34.33816393440495
 30
0.0
 41
1.0
 10
502.2517314292737
 20
34.41519115282261
 30
0.0
 41
1.0
 10
502.2920823560509
 20
34.49011324874881
 30
0.0
 41
1.0
 10
502.3321758488009
 20
34.56216579821493
 30
0.0
 41
1.0
 10
502.3715892765279
 20
34.63075005731113
 30
0.0
 41
1.0
 10
502.4099381664842
 20
34.69550619232464
 30
0.0
 41
1.0
 10
502.4469005904866
 20
34.75627764476656
 30
0.0
 41
1.0
 10
502.4822424176124
 20
34.81306808040102
 30
0.0
 41
1.0
 10
502.5158410929286
 20
34.86600200175509
 30
0.0
 41
1.0
 10
502.5477130224284
 20
34.91528230025992
 30
0.0
 41
1.0
 10
502.5780329199641
 20
34.961153233603
 30
0.0
 41
1.0
 10
502.6071740411774
 20
35.00385087990764
 30
0.0
 41
1.0
 10
502.6356202844755
 20
35.0436298666024
 30
0.0
 41
1.0
 10
502.663846236603
 20
35.08080864374278
 30
0.0
 41
1.0
 10
502.6922018110752
 20
35.11581324752932
 30
0.0
 41
1.0
 10
502.7208088607143
 20
35.14921136589038
 30
0.0
 41
1.0
 10
502.7494174045989
 20
35.18177687424533
 30
0.0
 41
1.0
 10
502.7774416021274
 20
35.21442028176693
 30
0.0
 41
1.0
 10
502.8041080782713
 20
35.24803655963879
 30
0.0
 41
1.0
 10
502.8285723873696
 20
35.28337444969964
 30
0.0
 41
1.0
 10
502.8500433961169
 20
35.32090448213651
 30
0.0
 41
1.0
 10
502.8679173890493
 20
35.36066751705775
 30
0.0
 41
1.0
 10
502.8818290492037
 20
35.4022510676652
 30
0.0
 41
1.0
 10
502.8916676868471
 20
35.44481857326069
 30
0.0
 41
1.0
 10
502.8976085897997
 20
35.48711353855062
 30
0.0
 41
1.0
 10
502.9001309008194
 20
35.52748996502409
 30
0.0
 41
1.0
 10
502.9000617746859
 20
35.56388677815036
 30
0.0
 41
1.0
 10
502.8983917763471
 20
35.59433636638893
 30
0.0
 41
1.0
 10
502.8960353590654
 20
35.61762899929498
 30
0.0
 41
1.0
 10
502.8936427225956
 20
35.63379855398239
 30
0.0
 41
1.0
 10
502.8913126112946
 20
35.64498431068955
 30
0.0
 41
1.0
 10
502.8886674578413
 20
35.65488921700222
 30
0.0
 41
1.0
 10
502.8852432525442
 20
35.66700748827628
 30
0.0
 41
1.0
 10
502.8807808361086
 20
35.68324711439288
 30
0.0
 41
1.0
 10
502.8755825189033
 20
35.70226764672427
 30
0.0
 41
1.0
 10
502.8702008018544
 20
35.72108804319939
 30
0.0
 41
1.0
 10
502.8651215288038
 20
35.73673177272589
 30
0.0
 41
1.0
 10
502.8604142931928
 20
35.74802167336131
 30
0.0
 41
1.0
 10
502.8554980397387
 20
35.75683430122112
 30
0.0
 41
1.0
 10
502.8495838877695
 20
35.76620587889749
 30
0.0
 41
1.0
 10
502.8419913101009
 20
35.77900194155816
 30
0.0
 41
1.0
 10
502.8326026264823
 20
35.79601068730994
 30
0.0
 41
1.0
 10
502.82184803626
 20
35.81592869844755
 30
0.0
 41
1.0
 10
502.8103997622618
 20
35.83650545579317
 30
0.0
 41
1.0
 10
502.7989711673933
 20
35.85527647173194
 30
0.0
 41
1.0
 10
502.7880298596711
 20
35.87062115217151
 30
0.0
 41
1.0
 10
502.7798450250169
 20
35.87953962074778
 30
0.0
 41
1.0
 10
502.7740609064203
 20
35.88421969990968
 30
0.0
 41
1.0
 10
502.7703621437503
 20
35.88644793184216
 30
0.0
 41
1.0
 10
502.7685521028621
 20
35.88733905175324
 30
0.0
 41
1.0
  0
SPLINE
  5
16C
330
70
100
AcDbEntity
  8
Untitled v10_Sketch14
100
AcDbSpline
210
0.0
220
0.0
230
1.0
 70
    12
 71
     5
 72
    86
 73
    80
 74
     0
 42
0.000000001
 43
0.0000000001
 40
0.0
 40
0.0
 40
0.0
 40
0.0
 40
0.0
 40
0.0
 40
0.0133333333333333
 40
0.0266666666666667
 40
0.04
 40
0.0533333333333333
 40
0.0666666666666667
 40
0.08
 40
0.0933333333333334
 40
0.1066666666666667
 40
0.12
 40
0.1333333333333333
 40
0.1466666666666667
 40
0.16
 40
0.1733333333333333
 40
0.1866666666666667
 40
0.2
 40
0.2133333333333333
 40
0.2266666666666667
 40
0.24
 40
0.2533333333333334
 40
0.2666666666666666
 40
0.28
 40
0.2933333333333333
 40
0.3066666666666666
 40
0.3199999999999999
 40
0.3333333333333332
 40
0.3466666666666665
 40
0.3599999999999998
 40
0.3733333333333331
 40
0.3866666666666665
 40
0.3999999999999997
 40
0.4133333333333331
 40
0.4266666666666664
 40
0.4399999999999997
 40
0.453333333333333
 40
0.4666666666666663
 40
0.4799999999999997
 40
0.493333333333333
 40
0.5066666666666663
 40
0.5199999999999996
 40
0.5333333333333329
 40
0.5466666666666662
 40
0.5599999999999996
 40
0.5733333333333328
 40
0.5866666666666661
 40
0.5999999999999995
 40
0.6133333333333328
 40
0.6266666666666661
 40
0.6399999999999994
 40
0.6533333333333326
 40
0.666666666666666
 40
0.6799999999999993
 40
0.6933333333333326
 40
0.706666666666666
 40
0.7199999999999993
 40
0.7333333333333325
 40
0.7466666666666658
 40
0.7599999999999991
 40
0.7733333333333325
 40
0.7866666666666658
 40
0.7999999999999991
 40
0.8133333333333323
 40
0.8266666666666656
 40
0.8399999999999989
 40
0.8533333333333322
 40
0.8666666666666655
 40
0.8799999999999988
 40
0.8933333333333322
 40
0.9066666666666655
 40
0.9199999999999988
 40
0.9333333333333321
 40
0.9466666666666654
 40
0.9599999999999987
 40
0.973333333333332
 40
0.9866666666666652
 40
1.0
 40
1.0
 40
1.0
 40
1.0
 40
1.0
 40
1.0
 10
505.5242801482353
 20
29.49742093938134
 30
0.0
 41
1.0
 10
505.5254307276694
 20
29.51574943039137
 30
0.0
 41
1.0
 10
505.5277277001287
 20
29.55182633497799
 30
0.0
 41
1.0
 10
505.5311605994128
 20
29.60420145454243
 30
0.0
 41
1.0
 10
505.5357126739392
 20
29.67055350873441
 30
0.0
 41
1.0
 10
505.5413630376779
 20
29.74772788831835
 30
0.0
 41
1.0
 10
505.5469802109477
 20
29.81925765074653
 30
0.0
 41
1.0
 10
505.5525772805081
 20
29.88539122168824
 30
0.0
 41
1.0
 10
505.5581762295405
 20
29.94655269771531
 30
0.0
 41
1.0
 10
505.5638098560645
 20
30.0033783186305
 30
0.0
 41
1.0
 10
505.5695247767768
 20
30.0567826698208
 30
0.0
 41
1.0
 10
505.5753802286275
 20
30.10790946314209
 30
0.0
 41
1.0
 10
505.5814435562104
 20
30.15799105135812
 30
0.0
 41
1.0
 10
505.5877865476205
 20
30.20823152137169
 30
0.0
 41
1.0
 10
505.5944816662172
 20
30.25968597062626
 30
0.0
 41
1.0
 10
505.6015977593458
 20
30.31312735004242
 30
0.0
 41
1.0
 10
505.6091977439809
 20
30.36896121324649
 30
0.0
 41
1.0
 10
505.6173445011402
 20
30.42733646793636
 30
0.0
 41
1.0
 10
505.6261052869428
 20
30.48822390638598
 30
0.0
 41
1.0
 10
505.6355571789603
 20
30.55151081579176
 30
0.0
 41
1.0
 10
505.6457910466898
 20
30.61708005375753
 30
0.0
 41
1.0
 10
505.6569187488481
 20
30.68491688569598
 30
0.0
 41
1.0
 10
505.6690683479936
 20
30.75511704313651
 30
0.0
 41
1.0
 10
505.6823687706784
 20
30.82780864168388
 30
0.0
 41
1.0
 10
505.6969374338327
 20
30.90309828414217
 30
0.0
 41
1.0
 10
505.7128666053403
 20
30.98100701787782
 30
0.0
 41
1.0
 10
505.7302103520081
 20
31.061411031903
 30
0.0
 41
1.0
 10
505.7489709995457
 20
31.14397898085432
 30
0.0
 41
1.0
 10
505.7690862545446
 20
31.2281137726184
 30
0.0
 41
1.0
 10
505.7904372586209
 20
31.31302707707114
 30
0.0
 41
1.0
 10
505.8128560530625
 20
31.39781012875538
 30
0.0
 41
1.0
 10
505.8361331639014
 20
31.4815058836988
 30
0.0
 41
1.0
 10
505.8600251464723
 20
31.5631801814833
 30
0.0
 41
1.0
 10
505.8842619328235
 20
31.64199411573868
 30
0.0
 41
1.0
 10
505.9085546133192
 20
31.71727415662151
 30
0.0
 41
1.0
 10
505.9326019304992
 20
31.78858839726949
 30
0.0
 41
1.0
 10
505.9561215414238
 20
31.85571676773975
 30
0.0
 41
1.0
 10
505.9788836693375
 20
31.91861417513458
 30
0.0
 41
1.0
 10
506.0007425518955
 20
31.97737692069865
 30
0.0
 41
1.0
 10
506.0216720530803
 20
32.03220687319657
 30
0.0
 41
1.0
 10
506.0417922847987
 20
32.08337927775155
 30
0.0
 41
1.0
 10
506.0614192627589
 20
32.13120265782521
 30
0.0
 41
1.0
 10
506.0809733710083
 20
32.17602668476189
 30
0.0
 41
1.0
 10
506.1008526159423
 20
32.21826152185173
 30
0.0
 41
1.0
 10
506.12131068672
 20
32.25839664649282
 30
0.0
 41
1.0
 10
506.1423487444301
 20
32.29701267589643
 30
0.0
 41
1.0
 10
506.1635613730868
 20
32.33481460049131
 30
0.0
 41
1.0
 10
506.1841862286099
 20
32.37257122953036
 30
0.0
 41
1.0
 10
506.2032807610989
 20
32.41099718321955
 30
0.0
 41
1.0
 10
506.2198633058744
 20
32.45064927146686
 30
0.0
 41
1.0
 10
506.2330621890655
 20
32.49182325638269
 30
0.0
 41
1.0
 10
506.2422783925454
 20
32.53443358568099
 30
0.0
 41
1.0
 10
506.2472403432306
 20
32.57800083272251
 30
0.0
 41
1.0
 10
506.2480137009737
 20
32.6216837039777
 30
0.0
 41
1.0
 10
506.2450311631965
 20
32.66428960597707
 30
0.0
 41
1.0
 10
506.2391036245714
 20
32.70430812860717
 30
0.0
 41
1.0
 10
506.2314686860524
 20
32.73989521190966
 30
0.0
 41
1.0
 10
506.2235043558088
 20
32.76933219141028
 30
0.0
 41
1.0
 10
506.216356621207
 20
32.79162589770078
 30
0.0
 41
1.0
 10
506.21065443013
 20
32.80694465172925
 30
0.0
 41
1.0
 10
506.2060495877615
 20
32.81740151543442
 30
0.0
 41
1.0
 10
506.2014028914386
 20
32.82654001745271
 30
0.0
 41
1.0
 10
506.1955339829725
 20
32.83768154311144
 30
0.0
 41
1.0
 10
506.1877926729184
 20
32.85263850588791
 30
0.0
 41
1.0
 10
506.1787533603788
 20
32.87016260303297
 30
0.0
 41
1.0
 10
506.1695762663067
 20
32.8874528067989
 30
0.0
 41
1.0
 10
506.1613554733021
 20
32.90169864305366
 30
0.0
 41
1.0
 10
506.154403799753
 20
32.91176314295772
 30
0.0
 41
1.0
 10
506.1477627298734
 20
32.9193610471869
 30
0.0
 41
1.0
 10
506.1400293557539
 20
32.92729821207043
 30
0.0
 41
1.0
 10
506.1299422431004
 20
32.93823606440007
 30
0.0
 41
1.0
 10
506.117222407657
 20
32.95292111116293
 30
0.0
 41
1.0
 10
506.1025616436607
 20
32.97016786093131
 30
0.0
 41
1.0
 10
506.0870853935055
 20
32.987914736756
 30
0.0
 41
1.0
 10
506.072003827193
 20
33.00389942247705
 30
0.0
 41
1.0
 10
506.0581112748403
 20
33.01663395904477
 30
0.0
 41
1.0
 10
506.0482510445797
 20
33.02365581487283
 30
0.0
 41
1.0
 10
506.0416202796805
 20
33.02703103719903
 30
0.0
 41
1.0
 10
506.0375390683804
 20
33.02844156091702
 30
0.0
 41
1.0
 10
506.035583306981
 20
33.02893687905847
 30
0.0
 41
1.0
  0
ARC
  5
16D
330
70
100
AcDbEntity
  8
Untitled v10_Sketch14
100
AcDbCircle
 10
518.2538977235999
 20
49.71894363857828
 30
0.0
 40
24.37862958253659
100
AcDbArc
 50
130.7016270909379
 51
133.3010552526093
  0
ARC
  5
16E
330
70
100
AcDbEntity
  8
Untitled v10_Sketch14
100
AcDbCircle
 10
518.0000077188014
 20
50.00000074505805
 30
0.0
 40
20.76450000000003
100
AcDbArc
 50
53.07480490333785
 51
54.94018442677369
  0
SPLINE
  5
16F
330
70
100
AcDbEntity
  8
Untitled v10_Sketch14
100
AcDbSpline
210
0.0
220
0.0
230
1.0
 70
    12
 71
     5
 72
    86
 73
    80
 74
     0
 42
0.000000001
 43
0.0000000001
 40
0.0
 40
0.0
 40
0.0
 40
0.0
 40
0.0
 40
0.0
 40
0.0133333333333333
 40
0.0266666666666667
 40
0.04
 40
0.0533333333333333
 40
0.0666666666666667
 40
0.08
 40
0.0933333333333334
 40
0.1066666666666667
 40
0.12
 40
0.1333333333333333
 40
0.1466666666666667
 40
0.16
 40
0.1733333333333333
 40
0.1866666666666667
 40
0.2
 40
0.2133333333333333
 40
0.2266666666666667
 40
0.24
 40
0.2533333333333334
 40
0.2666666666666666
 40
0.28
 40
0.2933333333333333
 40
0.3066666666666666
 40
0.3199999999999999
 40
0.3333333333333332
 40
0.3466666666666665
 40
0.3599999999999998
 40
0.3733333333333331
 40
0.3866666666666665
 40
0.3999999999999997
 40
0.4133333333333331
 40
0.4266666666666664
 40
0.4399999999999997
 40
0.453333333333333
 40
0.4666666666666663
 40
0.4799999999999997
 40
0.493333333333333
 40
0.5066666666666663
 40
0.5199999999999996
 40
0.5333333333333329
 40
0.5466666666666662
 40
0.5599999999999996
 40
0.5733333333333328
 40
0.5866666666666661
 40
0.5999999999999995
 40
0.6133333333333328
 40
0.6266666666666661
 40
0.6399999999999994
 40
0.6533333333333326
 40
0.666666666666666
 40
0.6799999999999993
 40
0.6933333333333326
 40
0.706666666666666
 40
0.7199999999999993
 40
0.7333333333333325
 40
0.7466666666666658
 40
0.7599999999999991
 40
0.7733333333333325
 40
0.7866666666666658
 40
0.7999999999999991
 40
0.8133333333333323
 40
0.8266666666666656
 40
0.8399999999999989
 40
0.8533333333333322
 40
0.8666666666666655
 40
0.8799999999999988
 40
0.8933333333333322
 40
0.9066666666666655
 40
0.9199999999999988
 40
0.9333333333333321
 40
0.9466666666666654
 40
0.9599999999999987
 40
0.973333333333332
 40
0.9866666666666652
 40
1.0
 40
1.0
 40
1.0
 40
1.0
 40
1.0
 40
1.0
 10
498.2637129813695
 20
36.3442976456075
 30
0.0
 41
1.0
 10
498.2722189568914
 20
36.36057357249854
 30
0.0
 41
1.0
 10
498.2889911447118
 20
36.39259720194218
 30
0.0
 41
1.0
 10
498.3134301345717
 20
36.43904796858294
 30
0.0
 41
1.0
 10
498.3445764733614
 20
36.49781209078334
 30
0.0
 41
1.0
 10
498.3811279855724
 20
36.56601618471932
 30
0.0
 41
1.0
 10
498.4153533041477
 20
36.62907716407261
 30
0.0
 41
1.0
 10
498.4473654282603
 20
36.68721665412001
 30
0.0
 41
1.0
 10
498.4773569361613
 20
36.74081314499297
 30
0.0
 41
1.0
 10
498.5056165723742
 20
36.79043453051712
 30
0.0
 41
1.0
 10
498.5325589187604
 20
36.83689736529942
 30
0.0
 41
1.0
 10
498.5587032804878
 20
36.8812223882724
 30
0.0
 41
1.0
 10
498.5846124229301
 20
36.92450801819177
 30
0.0
 41
1.0
 10
498.6108416740405
 20
36.96782504432932
 30
0.0
 41
1.0
 10
498.6378863791841
 20
37.01210787265829
 30
0.0
 41
1.0
 10
498.666123821003
 20
37.05803462624317
 30
0.0
 41
1.0
 10
498.6957764305341
 20
37.10595020611798
 30
0.0
 41
1.0
 10
498.7269622186627
 20
37.15596507021971
 30
0.0
 41
1.0
 10
498.7597307470586
 20
37.20802518043477
 30
0.0
 41
1.0
 10
498.7941065851596
 20
37.26199621822083
 30
0.0
 41
1.0
 10
498.8301251002773
 20
37.31773420871953
 30
0.0
 41
1.0
 10
498.8678824873375
 20
37.37518019417678
 30
0.0
 41
1.0
 10
498.9075346748299
 20
37.43436954196113
 30
0.0
 41
1.0
 10
498.9492515523312
 20
37.49536685234858
 30
0.0
 41
1.0
 10
498.9931837448116
 20
37.55822175407843
 30
0.0
 41
1.0
 10
499.0394241039123
 20
37.62291594614737
 30
0.0
 41
1.0
 10
499.0879716636538
 20
37.6893143306382
 30
0.0
 41
1.0
 10
499.1386937783761
 20
37.75711326254822
 30
0.0
 41
1.0
 10
499.1912906809778
 20
37.8257926081011
 30
0.0
 41
1.0
 10
499.2453331461734
 20
37.894680535953
 30
0.0
 41
1.0
 10
499.3002981078331
 20
37.96301516251127
 30
0.0
 41
1.0
 10
499.3556049371123
 20
38.03000738534074
 30
0.0
 41
1.0
 10
499.4106512789705
 20
38.09490282430062
 30
0.0
 41
1.0
 10
499.4648492000961
 20
38.1570449468191
 30
0.0
 41
1.0
 10
499.5176608191363
 20
38.21593596290263
 30
0.0
 41
1.0
 10
499.5686352513593
 20
38.27130383844697
 30
0.0
 41
1.0
 10
499.6174250531452
 20
38.32306236877514
 30
0.0
 41
1.0
 10
499.6638019720489
 20
38.37126381810137
 30
0.0
 41
1.0
 10
499.7076720167875
 20
38.41605544887699
 30
0.0
 41
1.0
 10
499.7490934183447
 20
38.45763230787099
 30
0.0
 41
1.0
 10
499.7882878566845
 20
38.49619699010191
 30
0.0
 41
1.0
 10
499.825669514319
 20
38.53190281060797
 30
0.0
 41
1.0
 10
499.8617646553339
 20
38.5648982244615
 30
0.0
 41
1.0
 10
499.8971037051035
 20
38.59539605068789
 30
0.0
 41
1.0
 10
499.9321175086006
 20
38.62374026446375
 30
0.0
 41
1.0
 10
499.9670432848278
 20
38.65046081374778
 30
0.0
 41
1.0
 10
500.0017974132933
 20
38.67636663688096
 30
0.0
 41
1.0
 10
500.0359961609201
 20
38.70247014933604
 30
0.0
 41
1.0
 10
500.0690691277518
 20
38.72980755873875
 30
0.0
 41
1.0
 10
500.1003459934723
 20
38.75928681524748
 30
0.0
 41
1.0
 10
500.1291507416642
 20
38.79153265269885
 30
0.0
 41
1.0
 10
500.1549013447891
 20
38.82671055781273
 30
0.0
 41
1.0
 10
500.1771547081083
 20
38.86449301128465
 30
0.0
 41
1.0
 10
500.1956286299759
 20
38.90408474696421
 30
0.0
 41
1.0
 10
500.2102333276917
 20
38.94422028260791
 30
0.0
 41
1.0
 10
500.2210952512612
 20
38.98318996934023
 30
0.0
 41
1.0
 10
500.2285949586571
 20
39.01880579690541
 30
0.0
 41
1.0
 10
500.2332922791642
 20
39.04893720076252
 30
0.0
 41
1.0
 10
500.2358301659447
 20
39.07221076045573
 30
0.0
 41
1.0
 10
500.2368516537773
 20
39.088524428672
 30
0.0
 41
1.0
 10
500.2368981105888
 20
39.09995020713794
 30
0.0
 41
1.0
 10
500.2363701059038
 20
39.11018862581009
 30
0.0
 41
1.0
 10
500.2355402579783
 20
39.12275401609491
 30
0.0
 41
1.0
 10
500.2345517641725
 20
39.13956655596394
 30
0.0
 41
1.0
 10
500.2334216337075
 20
39.1592522349481
 30
0.0
 41
1.0
 10
500.2320705005415
 20
39.17878028249625
 30
0.0
 41
1.0
 10
500.23035473605
 20
39.19513819924717
 30
0.0
 41
1.0
 10
500.2280976671613
 20
39.20716007778118
 30
0.0
 41
1.0
 10
500.2251210939996
 20
39.21680227514656
 30
0.0
 41
1.0
 10
500.2212846410008
 20
39.22719868270143
 30
0.0
 41
1.0
 10
500.2165184303943
 20
39.24129370635263
 30
0.0
 41
1.0
 10
500.2108712291269
 20
39.25988278728688
 30
0.0
 41
1.0
 10
500.2044928398772
 20
39.28160154712969
 30
0.0
 41
1.0
 10
500.1975728865446
 20
39.30410888296215
 30
0.0
 41
1.0
 10
500.1902967475565
 20
39.32484584564868
 30
0.0
 41
1.0
 10
500.1827848721143
 20
39.34213003379298
 30
0.0
 41
1.0
 10
500.1766331496162
 20
39.35255533524511
 30
0.0
 41
1.0
 10
500.1719484710603
 20
39.35833572932587
 30
0.0
 41
1.0
 10
500.1687938106975
 20
39.36128428504524
 30
0.0
 41
1.0
 10
500.167208597793
 20
39.36253226050972
 30
0.0
 41
1.0
  0
SPLINE
  5
170
330
70
100
AcDbEntity
  8
Untitled v10_Sketch14
100
AcDbSpline
210
0.0
220
0.0
230
1.0
 70
    12
 71
     5
 72
    86
 73
    80
 74
     0
 42
0.000000001
 43
0.0000000001
 40
0.0
 40
0.0
 40
0.0
 40
0.0
 40
0.0
 40
0.0
 40
0.0133333333333333
 40
0.0266666666666667
 40
0.04
 40
0.0533333333333333
 40
0.0666666666666667
 40
0.08
 40
0.0933333333333334
 40
0.1066666666666667
 40
0.12
 40
0.1333333333333333
 40
0.1466666666666667
 40
0.16
 40
0.1733333333333333
 40
0.1866666666666667
 40
0.2
 40
0.2133333333333333
 40
0.2266666666666667
 40
0.24
 40
0.2533333333333334
 40
0.2666666666666666
 40
0.28
 40
0.2933333333333333
 40
0.3066666666666666
 40
0.3199999999999999
 40
0.3333333333333332
 40
0.3466666666666665
 40
0.3599999999999998
 40
0.3733333333333331
 40
0.3866666666666665
 40
0.3999999999999997
 40
0.4133333333333331
 40
0.4266666666666664
 40
0.4399999999999997
 40
0.453333333333333
 40
0.4666666666666663
 40
0.4799999999999997
 40
0.493333333333333
 40
0.5066666666666663
 40
0.5199999999999996
 40
0.5333333333333329
 40
0.5466666666666662
 40
0.5599999999999996
 40
0.5733333333333328
 40
0.5866666666666661
 40
0.5999999999999995
 40
0.6133333333333328
 40
0.6266666666666661
 40
0.6399999999999994
 40
0.6533333333333326
 40
0.666666666666666
 40
0.6799999999999993
 40
0.6933333333333326
 40
0.706666666666666
 40
0.7199999999999993
 40
0.7333333333333325
 40
0.7466666666666658
 40
0.7599999999999991
 40
0.7733333333333325
 40
0.7866666666666658
 40
0.7999999999999991
 40
0.8133333333333323
 40
0.8266666666666656
 40
0.8399999999999989
 40
0.8533333333333322
 40
0.8666666666666655
 40
0.8799999999999988
 40
0.8933333333333322
 40
0.9066666666666655
 40
0.9199999999999988
 40
0.9333333333333321
 40
0.9466666666666654
 40
0.9599999999999987
 40
0.973333333333332
 40
0.9866666666666652
 40
1.0
 40
1.0
 40
1.0
 40
1.0
 40
1.0
 40
1.0
 10
530.4757352893675
 20
70.50258055073477
 30
0.0
 41
1.0
 10
530.4745847099334
 20
70.48425205972478
 30
0.0
 41
1.0
 10
530.4722877374742
 20
70.44817515513813
 30
0.0
 41
1.0
 10
530.46885483819
 20
70.39580003557368
 30
0.0
 41
1.0
 10
530.4643027636636
 20
70.32944798138174
 30
0.0
 41
1.0
 10
530.4586523999248
 20
70.25227360179776
 30
0.0
 41
1.0
 10
530.4530352266552
 20
70.18074383936959
 30
0.0
 41
1.0
 10
530.4474381570948
 20
70.11461026842788
 30
0.0
 41
1.0
 10
530.4418392080623
 20
70.05344879240081
 30
0.0
 41
1.0
 10
530.4362055815383
 20
69.99662317148562
 30
0.0
 41
1.0
 10
530.430490660826
 20
69.94321882029531
 30
0.0
 41
1.0
 10
530.4246352089752
 20
69.89209202697402
 30
0.0
 41
1.0
 10
530.4185718813925
 20
69.84201043875799
 30
0.0
 41
1.0
 10
530.4122288899824
 20
69.79176996874446
 30
0.0
 41
1.0
 10
530.4055337713857
 20
69.74031551948989
 30
0.0
 41
1.0
 10
530.3984176782571
 20
69.68687414007369
 30
0.0
 41
1.0
 10
530.390817693622
 20
69.63104027686964
 30
0.0
 41
1.0
 10
530.3826709364626
 20
69.57266502217976
 30
0.0
 41
1.0
 10
530.37391015066
 20
69.51177758373018
 30
0.0
 41
1.0
 10
530.3644582586425
 20
69.44849067432436
 30
0.0
 41
1.0
 10
530.3542243909131
 20
69.3829214363586
 30
0.0
 41
1.0
 10
530.3430966887548
 20
69.31508460442017
 30
0.0
 41
1.0
 10
530.3309470896092
 20
69.2448844469796
 30
0.0
 41
1.0
 10
530.3176466669245
 20
69.17219284843227
 30
0.0
 41
1.0
 10
530.3030780037703
 20
69.09690320597398
 30
0.0
 41
1.0
 10
530.2871488322627
 20
69.01899447223829
 30
0.0
 41
1.0
 10
530.2698050855947
 20
68.93859045821315
 30
0.0
 41
1.0
 10
530.2510444380572
 20
68.8560225092618
 30
0.0
 41
1.0
 10
530.2309291830582
 20
68.77188771749775
 30
0.0
 41
1.0
 10
530.2095781789819
 20
68.68697441304497
 30
0.0
 41
1.0
 10
530.1871593845403
 20
68.60219136136073
 30
0.0
 41
1.0
 10
530.1638822737015
 20
68.51849560641731
 30
0.0
 41
1.0
 10
530.1399902911306
 20
68.43682130863283
 30
0.0
 41
1.0
 10
530.1157535047793
 20
68.35800737437743
 30
0.0
 41
1.0
 10
530.0914608242837
 20
68.28272733349462
 30
0.0
 41
1.0
 10
530.0674135071036
 20
68.21141309284667
 30
0.0
 41
1.0
 10
530.043893896179
 20
68.14428472237636
 30
0.0
 41
1.0
 10
530.0211317682653
 20
68.08138731498154
 30
0.0
 41
1.0
 10
529.9992728857073
 20
68.02262456941747
 30
0.0
 41
1.0
 10
529.9783433845225
 20
67.96779461691961
 30
0.0
 41
1.0
 10
529.9582231528042
 20
67.91662221236457
 30
0.0
 41
1.0
 10
529.938596174844
 20
67.86879883229094
 30
0.0
 41
1.0
 10
529.9190420665946
 20
67.82397480535429
 30
0.0
 41
1.0
 10
529.8991628216604
 20
67.78173996826442
 30
0.0
 41
1.0
 10
529.8787047508827
 20
67.74160484362333
 30
0.0
 41
1.0
 10
529.8576666931727
 20
67.70298881421968
 30
0.0
 41
1.0
 10
529.836454064516
 20
67.66518688962481
 30
0.0
 41
1.0
 10
529.8158292089929
 20
67.62743026058576
 30
0.0
 41
1.0
 10
529.7967346765041
 20
67.58900430689656
 30
0.0
 41
1.0
 10
529.7801521317285
 20
67.54935221864926
 30
0.0
 41
1.0
 10
529.7669532485373
 20
67.50817823373346
 30
0.0
 41
1.0
 10
529.7577370450575
 20
67.46556790443513
 30
0.0
 41
1.0
 10
529.7527750943722
 20
67.42200065739365
 30
0.0
 41
1.0
 10
529.7520017366291
 20
67.37831778613841
 30
0.0
 41
1.0
 10
529.7549842744063
 20
67.33571188413904
 30
0.0
 41
1.0
 10
529.7609118130314
 20
67.29569336150895
 30
0.0
 41
1.0
 10
529.7685467515504
 20
67.26010627820645
 30
0.0
 41
1.0
 10
529.776511081794
 20
67.23066929870586
 30
0.0
 41
1.0
 10
529.7836588163958
 20
67.20837559241534
 30
0.0
 41
1.0
 10
529.7893610074729
 20
67.1930568383869
 30
0.0
 41
1.0
 10
529.7939658498414
 20
67.18259997468173
 30
0.0
 41
1.0
 10
529.7986125461642
 20
67.1734614726634
 30
0.0
 41
1.0
 10
529.8044814546304
 20
67.16231994700468
 30
0.0
 41
1.0
 10
529.8122227646845
 20
67.1473629842282
 30
0.0
 41
1.0
 10
529.8212620772241
 20
67.12983888708319
 30
0.0
 41
1.0
 10
529.8304391712962
 20
67.11254868331725
 30
0.0
 41
1.0
 10
529.8386599643007
 20
67.09830284706249
 30
0.0
 41
1.0
 10
529.8456116378499
 20
67.08823834715841
 30
0.0
 41
1.0
 10
529.8522527077294
 20
67.08064044292925
 30
0.0
 41
1.0
 10
529.8599860818488
 20
67.07270327804568
 30
0.0
 41
1.0
 10
529.8700731945025
 20
67.06176542571611
 30
0.0
 41
1.0
 10
529.8827930299458
 20
67.04708037895322
 30
0.0
 41
1.0
 10
529.8974537939422
 20
67.0298336291848
 30
0.0
 41
1.0
 10
529.9129300440974
 20
67.01208675336012
 30
0.0
 41
1.0
 10
529.9280116104098
 20
66.99610206763907
 30
0.0
 41
1.0
 10
529.9419041627625
 20
66.98336753107139
 30
0.0
 41
1.0
 10
529.9517643930231
 20
66.97634567524329
 30
0.0
 41
1.0
 10
529.9583951579223
 20
66.97297045291712
 30
0.0
 41
1.0
 10
529.9624763692224
 20
66.9715599291991
 30
0.0
 41
1.0
 10
529.9644321306218
 20
66.97106461105764
 30
0.0
 41
1.0
  0
SPLINE
  5
171
330
70
100
AcDbEntity
  8
Untitled v10_Sketch14
100
AcDbSpline
210
0.0
220
0.0
230
1.0
 70
    12
 71
     5
 72
    86
 73
    80
 74
     0
 42
0.000000001
 43
0.0000000001
 40
0.0
 40
0.0
 40
0.0
 40
0.0
 40
0.0
 40
0.0
 40
0.0133333333333333
 40
0.0266666666666667
 40
0.04
 40
0.0533333333333333
 40
0.0666666666666667
 40
0.08
 40
0.0933333333333334
 40
0.1066666666666667
 40
0.12
 40
0.1333333333333333
 40
0.1466666666666667
 40
0.16
 40
0.1733333333333333
 40
0.1866666666666667
 40
0.2
 40
0.2133333333333333
 40
0.2266666666666667
 40
0.24
 40
0.2533333333333334
 40
0.2666666666666666
 40
0.28
 40
0.2933333333333333
 40
0.3066666666666666
 40
0.3199999999999999
 40
0.3333333333333332
 40
0.3466666666666665
 40
0.3599999999999998
 40
0.3733333333333331
 40
0.3866666666666665
 40
0.3999999999999997
 40
0.4133333333333331
 40
0.4266666666666664
 40
0.4399999999999997
 40
0.453333333333333
 40
0.4666666666666663
 40
0.4799999999999997
 40
0.493333333333333
 40
0.5066666666666663
 40
0.5199999999999996
 40
0.5333333333333329
 40
0.5466666666666662
 40
0.5599999999999996
 40
0.5733333333333328
 40
0.5866666666666661
 40
0.5999999999999995
 40
0.6133333333333328
 40
0.6266666666666661
 40
0.6399999999999994
 40
0.6533333333333326
 40
0.666666666666666
 40
0.6799999999999993
 40
0.6933333333333326
 40
0.706666666666666
 40
0.7199999999999993
 40
0.7333333333333325
 40
0.7466666666666658
 40
0.7599999999999991
 40
0.7733333333333325
 40
0.7866666666666658
 40
0.7999999999999991
 40
0.8133333333333323
 40
0.8266666666666656
 40
0.8399999999999989
 40
0.8533333333333322
 40
0.8666666666666655
 40
0.8799999999999988
 40
0.8933333333333322
 40
0.9066666666666655
 40
0.9199999999999988
 40
0.9333333333333321
 40
0.9466666666666654
 40
0.9599999999999987
 40
0.973333333333332
 40
0.9866666666666652
 40
1.0
 40
1.0
 40
1.0
 40
1.0
 40
1.0
 40
1.0
 10
525.940384675835
 20
72.64839960421227
 30
0.0
 41
1.0
 10
525.9430699468781
 20
72.6302324157902
 30
0.0
 41
1.0
 10
525.9483239790102
 20
72.59446631069913
 30
0.0
 41
1.0
 10
525.9558554964773
 20
72.5425219732644
 30
0.0
 41
1.0
 10
525.9651982634774
 20
72.47667344114131
 30
0.0
 41
1.0
 10
525.9757168294901
 20
72.40001073023447
 30
0.0
 41
1.0
 10
525.9850942787836
 20
72.32887618874219
 30
0.0
 41
1.0
 10
525.9933694611763
 20
72.26302409880162
 30
0.0
 41
1.0
 10
526.0006090485071
 20
72.20203506080828
 30
0.0
 41
1.0
 10
526.0069132411656
 20
72.14527991923382
 30
0.0
 41
1.0
 10
526.0124265941356
 20
72.09185438242013
 30
0.0
 41
1.0
 10
526.0173289560019
 20
72.04062741530489
 30
0.0
 41
1.0
 10
526.0218106743592
 20
71.99037959326069
 30
0.0
 41
1.0
 10
526.026051873598
 20
71.93991821598832
 30
0.0
 41
1.0
 10
526.0302010409506
 20
71.88819617647522
 30
0.0
 41
1.0
 10
526.0343515390843
 20
71.83444310046496
 30
0.0
 41
1.0
 10
526.0385261452515
 20
71.77824921547657
 30
0.0
 41
1.0
 10
526.0426943121869
 20
71.71945579410373
 30
0.0
 41
1.0
 10
526.0467841808511
 20
71.65807742248031
 30
0.0
 41
1.0
 10
526.0506969236931
 20
71.59420832503639
 30
0.0
 41
1.0
 10
526.0543193016583
 20
71.527944191495
 30
0.0
 41
1.0
 10
526.0575388369185
 20
71.45927617772241
 30
0.0
 41
1.0
 10
526.0602501690936
 20
71.38808401844968
 30
0.0
 41
1.0
 10
526.0623538257179
 20
71.31421559236812
 30
0.0
 41
1.0
 10
526.0637571196722
 20
71.23754221384807
 30
0.0
 41
1.0
 10
526.0643741753408
 20
71.15802411188681
 30
0.0
 41
1.0
 10
526.0641263656545
 20
71.07577115078392
 30
0.0
 41
1.0
 10
526.0629425251512
 20
70.99110695166931
 30
0.0
 41
1.0
 10
526.0607594435481
 20
70.90462851028895
 30
0.0
 41
1.0
 10
526.0575294788393
 20
70.81713164190998
 30
0.0
 41
1.0
 10
526.0532279764732
 20
70.72954017386368
 30
0.0
 41
1.0
 10
526.0478608522787
 20
70.64283378850231
 30
0.0
 41
1.0
 10
526.0414720081989
 20
70.5579768475895
 30
0.0
 41
1.0
 10
526.0341511921111
 20
70.4758460756629
 30
0.0
 41
1.0
 10
526.0260409655536
 20
70.39716035201391
 30
0.0
 41
1.0
 10
526.0173462043024
 20
70.32240478025141
 30
0.0
 41
1.0
 10
526.0082973263125
 20
70.25185332366
 30
0.0
 41
1.0
 10
525.9991097118257
 20
70.18559786302326
 30
0.0
 41
1.0
 10
525.9899459600843
 20
70.12357450720518
 30
0.0
 41
1.0
 10
525.9808736068471
 20
70.06559123274175
 30
0.0
 41
1.0
 10
525.9718323916197
 20
70.01135383660624
 30
0.0
 41
1.0
 10
525.96257735003
 20
69.96049483395488
 30
0.0
 41
1.0
 10
525.9527699851911
 20
69.91258479184303
 30
0.0
 41
1.0
 10
525.9421062658453
 20
69.86713975984976
 30
0.0
 41
1.0
 10
525.9304398146237
 20
69.82362821189068
 30
0.0
 41
1.0
 10
525.9178902129165
 20
69.78148197722962
 30
0.0
 41
1.0
 10
525.9050005931494
 20
69.74009576189335
 30
0.0
 41
1.0
 10
525.892676484787
 20
69.69887605720231
 30
0.0
 41
1.0
 10
525.8819884186486
 20
69.65731982626014
 30
0.0
 41
1.0
 10
525.8740123749744
 20
69.61508652635462
 30
0.0
 41
1.0
 10
525.86966247187
 20
69.57206808967538
 30
0.0
 41
1.0
 10
525.8695068501591
 20
69.52847274185735
 30
0.0
 41
1.0
 10
525.8737114699981
 20
69.48482589613639
 30
0.0
 41
1.0
 10
525.8820371915995
 20
69.44193681030899
 30
0.0
 41
1.0
 10
525.893812818894
 20
69.40088205396339
 30
0.0
 41
1.0
 10
525.9079311452824
 20
69.36297043664578
 30
0.0
 41
1.0
 10
525.9227982127372
 20
69.32974840947309
 30
0.0
 41
1.0
 10
525.9367087954371
 20
69.30261057596894
 30
0.0
 41
1.0
 10
525.9483354570578
 20
69.28229013823593
 30
0.0
 41
1.0
 10
525.95709798963
 20
69.268491687925
 30
0.0
 41
1.0
 10
525.9637763093583
 20
69.25922073234339
 30
0.0
 41
1.0
 10
525.9702214656239
 20
69.25124803100903
 30
0.0
 41
1.0
 10
525.978278577797
 20
69.24157018909991
 30
0.0
 41
1.0
 10
525.9889604490734
 20
69.22854958070836
 30
0.0
 41
1.0
 10
526.0014456956136
 20
69.21328780588481
 30
0.0
 41
1.0
 10
526.0140170836615
 20
69.19828345970029
 30
0.0
 41
1.0
 10
526.0250201085179
 20
69.18605812812072
 30
0.0
 41
1.0
 10
526.0339123985135
 20
69.17765889588856
 30
0.0
 41
1.0
 10
526.0419880381973
 20
69.1716077801637
 30
0.0
 41
1.0
 10
526.0512026489091
 20
69.16545192026511
 30
0.0
 41
1.0
 10
526.0633434413213
 20
69.156850314899
 30
0.0
 41
1.0
 10
526.0788385107441
 20
69.1451307741352
 30
0.0
 41
1.0
 10
526.0967647027776
 20
69.13130905145994
 30
0.0
 41
1.0
 10
526.1155925426947
 20
69.11716768078875
 30
0.0
 41
1.0
 10
526.133667943634
 20
69.10466793275446
 30
0.0
 41
1.0
 10
526.1499045694153
 20
69.09510010041373
 30
0.0
 41
1.0
 10
526.1610092559053
 20
69.09028174612814
 30
0.0
 41
1.0
 10
526.1681968708633
 20
69.08835889404947
 30
0.0
 41
1.0
 10
526.1724821622757
 20
69.08782772520087
 30
0.0
 41
1.0
 10
526.1744981680284
 20
69.08774985660862
 30
0.0
 41
1.0
  0
ARC
  5
172
330
70
100
AcDbEntity
  8
Untitled v10_Sketch14
100
AcDbCircle
 10
518.1899145596207
 20
49.6722987105063
 30
0.0
 40
24.37862958253658
100
AcDbArc
 50
118.7016270909378
 51
121.3010552526093
  0
SPLINE
  5
173
330
70
100
AcDbEntity
  8
Untitled v10_Sketch14
100
AcDbSpline
210
0.0
220
0.0
230
1.0
 70
    12
 71
     5
 72
    86
 73
    80
 74
     0
 42
0.000000001
 43
0.0000000001
 40
0.0
 40
0.0
 40
0.0
 40
0.0
 40
0.0
 40
0.0
 40
0.0133333333333333
 40
0.0266666666666667
 40
0.04
 40
0.0533333333333333
 40
0.0666666666666667
 40
0.08
 40
0.0933333333333334
 40
0.1066666666666667
 40
0.12
 40
0.1333333333333333
 40
0.1466666666666667
 40
0.16
 40
0.1733333333333333
 40
0.1866666666666667
 40
0.2
 40
0.2133333333333333
 40
0.2266666666666667
 40
0.24
 40
0.2533333333333334
 40
0.2666666666666666
 40
0.28
 40
0.2933333333333333
 40
0.3066666666666666
 40
0.3199999999999999
 40
0.3333333333333332
 40
0.3466666666666665
 40
0.3599999999999998
 40
0.3733333333333331
 40
0.3866666666666665
 40
0.3999999999999997
 40
0.4133333333333331
 40
0.4266666666666664
 40
0.4399999999999997
 40
0.453333333333333
 40
0.4666666666666663
 40
0.4799999999999997
 40
0.493333333333333
 40
0.5066666666666663
 40
0.5199999999999996
 40
0.5333333333333329
 40
0.5466666666666662
 40
0.5599999999999996
 40
0.5733333333333328
 40
0.5866666666666661
 40
0.5999999999999995
 40
0.6133333333333328
 40
0.6266666666666661
 40
0.6399999999999994
 40
0.6533333333333326
 40
0.666666666666666
 40
0.6799999999999993
 40
0.6933333333333326
 40
0.706666666666666
 40
0.7199999999999993
 40
0.7333333333333325
 40
0.7466666666666658
 40
0.7599999999999991
 40
0.7733333333333325
 40
0.7866666666666658
 40
0.7999999999999991
 40
0.8133333333333323
 40
0.8266666666666656
 40
0.8399999999999989
 40
0.8533333333333322
 40
0.8666666666666655
 40
0.8799999999999988
 40
0.8933333333333322
 40
0.9066666666666655
 40
0.9199999999999988
 40
0.9333333333333321
 40
0.9466666666666654
 40
0.9599999999999987
 40
0.973333333333332
 40
0.9866666666666652
 40
1.0
 40
1.0
 40
1.0
 40
1.0
 40
1.0
 40
1.0
 10
516.0419692968552
 20
73.91998491397652
 30
0.0
 41
1.0
 10
516.0518116752522
 20
73.90448055964523
 30
0.0
 41
1.0
 10
516.0711588579615
 20
73.87394360419375
 30
0.0
 41
1.0
 10
516.0991669069677
 20
73.82955343481185
 30
0.0
 41
1.0
 10
516.1344849602295
 20
73.77319785308492
 30
0.0
 41
1.0
 10
516.1752756821146
 20
73.7074412679954
 30
0.0
 41
1.0
 10
516.2127754329345
 20
73.64627078297998
 30
0.0
 41
1.0
 10
516.2471196462223
 20
73.58947772524571
 30
0.0
 41
1.0
 10
516.2785398149216
 20
73.53670607206911
 30
0.0
 41
1.0
 10
516.3073833772499
 20
73.48742181644509
 30
0.0
 41
1.0
 10
516.3341501993102
 20
73.44085764264588
 30
0.0
 41
1.0
 10
516.3594646143645
 20
73.39605344973766
 30
0.0
 41
1.0
 10
516.3839964982722
 20
73.35197265923262
 30
0.0
 41
1.0
 10
516.4083955177686
 20
73.30759894838003
 30
0.0
 41
1.0
 10
516.433223219481
 20
73.26203613252338
 30
0.0
 41
1.0
 10
516.4588782338895
 20
73.21461841377791
 30
0.0
 41
1.0
 10
516.4855480385325
 20
73.16498071069803
 30
0.0
 41
1.0
 10
516.5132692873471
 20
73.11296559389072
 30
0.0
 41
1.0
 10
516.5419704011193
 20
73.05855716074775
 30
0.0
 41
1.0
 10
516.5715227718601
 20
73.00180129278287
 30
0.0
 41
1.0
 10
516.601784030029
 20
72.94273934843504
 30
0.0
 41
1.0
 10
516.6326550192503
 20
72.88131749933173
 30
0.0
 41
1.0
 10
516.6640884043188
 20
72.81738302375552
 30
0.0
 41
1.0
 10
516.6960551859262
 20
72.75075649287908
 30
0.0
 41
1.0
 10
516.7285230313365
 20
72.68128264728222
 30
0.0
 41
1.0
 10
516.7614296655951
 20
72.60889022558643
 30
0.0
 41
1.0
 10
516.7946585734638
 20
72.53364761331322
 30
0.0
 41
1.0
 10
516.8280131134861
 20
72.45582150747489
 30
0.0
 41
1.0
 10
516.8611927201493
 20
72.37593158088504
 30
0.0
 41
1.0
 10
516.8938301830853
 20
72.29468546921657
 30
0.0
 41
1.0
 10
516.9255272248131
 20
72.21291710282208
 30
0.0
 41
1.0
 10
516.9558907769998
 20
72.13152387224877
 30
0.0
 41
1.0
 10
516.9845687047996
 20
72.05140462233427
 30
0.0
 41
1.0
 10
517.0112864009829
 20
71.9733967845479
 30
0.0
 41
1.0
 10
517.0358817074458
 20
71.89821507280242
 30
0.0
 41
1.0
 10
517.0583444781094
 20
71.82638598178165
 30
0.0
 41
1.0
 10
517.0787737793431
 20
71.75825350882535
 30
0.0
 41
1.0
 10
517.0973289995069
 20
71.69398919424239
 30
0.0
 41
1.0
 10
517.1141846672663
 20
71.63360080564571
 30
0.0
 41
1.0
 10
517.1294805825862
 20
71.57694039013991
 30
0.0
 41
1.0
 10
517.1432813579169
 20
71.52371466973507
 30
0.0
 41
1.0
 10
517.155512676721
 20
71.47348829433497
 30
0.0
 41
1.0
 10
517.1660399728192
 20
71.4257312783362
 30
0.0
 41
1.0
 10
517.1747823402065
 20
71.37987785037688
 30
0.0
 41
1.0
 10
517.1818222476382
 20
71.33538290017738
 30
0.0
 41
1.0
 10
517.1875000340077
 20
71.29177601607572
 30
0.0
 41
1.0
 10
517.1925580707143
 20
71.24872514637164
 30
0.0
 41
1.0
 10
517.1980650018149
 20
71.20605640592154
 30
0.0
 41
1.0
 10
517.2052034094154
 20
71.16374567176555
 30
0.0
 41
1.0
 10
517.2150947615764
 20
71.12191948324647
 30
0.0
 41
1.0
 10
517.2286181018797
 20
71.08085092083695
 30
0.0
 41
1.0
 10
517.2462077597978
 20
71.04096129181113
 30
0.0
 41
1.0
 10
517.2678016426621
 20
71.00279808712103
 30
0.0
 41
1.0
 10
517.2928521306069
 20
70.96700333363634
 30
0.0
 41
1.0
 10
517.3203081752108
 20
70.93428752657802
 30
0.0
 41
1.0
 10
517.3486259521138
 20
70.90539598146669
 30
0.0
 41
1.0
 10
517.375720309864
 20
70.88109313055838
 30
0.0
 41
1.0
 10
517.3994662108025
 20
70.86195942974095
 30
0.0
 41
1.0
 10
517.418352761343
 20
70.84812477547048
 30
0.0
 41
1.0
 10
517.4319700685309
 20
70.83908330694969
 30
0.0
 41
1.0
 10
517.4418418545347
 20
70.83333018493774
 30
0.0
 41
1.0
 10
517.4509725875419
 20
70.82866824107218
 30
0.0
 41
1.0
 10
517.4622694586997
 20
70.82310421531449
 30
0.0
 41
1.0
 10
517.4773237922313
 20
70.81555400612735
 30
0.0
 41
1.0
 10
517.4949371555548
 20
70.80668988832748
 30
0.0
 41
1.0
 10
517.5125245074009
 20
70.79809598019915
 30
0.0
 41
1.0
 10
517.527548761106
 20
70.79140291746021
 30
0.0
 41
1.0
 10
517.539088547762
 20
70.7873466571889
 30
0.0
 41
1.0
 10
517.5489272222096
 20
70.7851033464805
 30
0.0
 41
1.0
 10
517.5598490017596
 20
70.78322760846038
 30
0.0
 41
1.0
 10
517.5744387556116
 20
70.78030775609978
 30
0.0
 41
1.0
 10
517.5933609725674
 20
70.77590383539062
 30
0.0
 41
1.0
 10
517.6153591649548
 20
70.77056830259462
 30
0.0
 41
1.0
 10
517.6383110662235
 20
70.7653074900574
 30
0.0
 41
1.0
 10
517.6599078722015
 20
70.76124032991931
 30
0.0
 41
1.0
 10
517.6786323559394
 20
70.75910371081015
 30
0.0
 41
1.0
 10
517.6907367930881
 20
70.75921860804453
 30
0.0
 41
1.0
 10
517.6980851004838
 20
70.7603854616421
 30
0.0
 41
1.0
 10
517.7022159548227
 20
70.76164319979691
 30
0.0
 41
1.0
 10
517.7040893397304
 20
70.76239204671039
 30
0.0
 41
1.0
  0
SPLINE
  5
174
330
70
100
AcDbEntity
  8
Untitled v10_Sketch14
100
AcDbSpline
210
0.0
220
0.0
230
1.0
 70
    12
 71
     5
 72
   156
 73
   150
 74
     0
 42
0.000000001
 43
0.0000000001
 40
0.0
 40
0.0
 40
0.0
 40
0.0
 40
0.0
 40
0.0
 40
0.0068965517241379
 40
0.0137931034482759
 40
0.0206896551724138
 40
0.0275862068965517
 40
0.0344827586206897
 40
0.0413793103448276
 40
0.0482758620689655
 40
0.0551724137931035
 40
0.0620689655172414
 40
0.0689655172413793
 40
0.0758620689655173
 40
0.0827586206896552
 40
0.0896551724137931
 40
0.0965517241379311
 40
0.103448275862069
 40
0.1103448275862069
 40
0.1172413793103448
 40
0.1241379310344828
 40
0.1310344827586207
 40
0.1379310344827586
 40
0.1448275862068966
 40
0.1517241379310345
 40
0.1586206896551725
 40
0.1655172413793104
 40
0.1724137931034483
 40
0.1793103448275863
 40
0.1862068965517242
 40
0.1931034482758622
 40
0.2000000000000001
 40
0.2068965517241381
 40
0.213793103448276
 40
0.220689655172414
 40
0.2275862068965519
 40
0.2344827586206899
 40
0.2413793103448278
 40
0.2482758620689657
 40
0.2551724137931037
 40
0.2620689655172416
 40
0.2689655172413796
 40
0.2758620689655175
 40
0.2827586206896555
 40
0.2896551724137934
 40
0.2965517241379314
 40
0.3034482758620693
 40
0.3103448275862072
 40
0.3172413793103452
 40
0.3241379310344831
 40
0.3310344827586211
 40
0.337931034482759
 40
0.344827586206897
 40
0.3517241379310349
 40
0.3586206896551729
 40
0.3655172413793108
 40
0.3724137931034487
 40
0.3793103448275867
 40
0.3862068965517246
 40
0.3931034482758626
 40
0.4000000000000006
 40
0.4068965517241385
 40
0.4137931034482765
 40
0.4206896551724144
 40
0.4275862068965524
 40
0.4344827586206903
 40
0.4413793103448282
 40
0.4482758620689661
 40
0.4551724137931041
 40
0.462068965517242
 40
0.46896551724138
 40
0.4758620689655179
 40
0.4827586206896559
 40
0.4896551724137938
 40
0.4965517241379318
 40
0.5034482758620697
 40
0.5103448275862076
 40
0.5172413793103456
 40
0.5241379310344835
 40
0.5310344827586215
 40
0.5379310344827594
 40
0.5448275862068974
 40
0.5517241379310353
 40
0.5586206896551733
 40
0.5655172413793112
 40
0.5724137931034491
 40
0.579310344827587
 40
0.586206896551725
 40
0.5931034482758629
 40
0.6000000000000009
 40
0.6068965517241388
 40
0.6137931034482768
 40
0.6206896551724147
 40
0.6275862068965527
 40
0.6344827586206906
 40
0.6413793103448286
 40
0.6482758620689665
 40
0.6551724137931045
 40
0.6620689655172424
 40
0.6689655172413804
 40
0.6758620689655183
 40
0.6827586206896563
 40
0.6896551724137942
 40
0.6965517241379322
 40
0.7034482758620701
 40
0.710344827586208
 40
0.7172413793103459
 40
0.7241379310344839
 40
0.7310344827586218
 40
0.7379310344827598
 40
0.7448275862068977
 40
0.7517241379310357
 40
0.7586206896551736
 40
0.7655172413793116
 40
0.7724137931034495
 40
0.7793103448275875
 40
0.7862068965517254
 40
0.7931034482758634
 40
0.8000000000000012
 40
0.8068965517241391
 40
0.8137931034482772
 40
0.8206896551724151
 40
0.827586206896553
 40
0.8344827586206909
 40
0.841379310344829
 40
0.8482758620689669
 40
0.8551724137931048
 40
0.8620689655172427
 40
0.8689655172413807
 40
0.8758620689655186
 40
0.8827586206896565
 40
0.8896551724137944
 40
0.8965517241379325
 40
0.9034482758620704
 40
0.9103448275862083
 40
0.9172413793103462
 40
0.9241379310344843
 40
0.9310344827586222
 40
0.9379310344827601
 40
0.944827586206898
 40
0.9517241379310361
 40
0.958620689655174
 40
0.9655172413793119
 40
0.9724137931034498
 40
0.9793103448275878
 40
0.9862068965517257
 40
0.9931034482758636
 40
1.0
 40
1.0
 40
1.0
 40
1.0
 40
1.0
 40
1.0
 10
505.9943136594523
 20
66.94189468886818
 30
0.0
 41
1.0
 10
505.9976940451177
 20
66.94331724397603
 30
0.0
 41
1.0
 10
506.004537383686
 20
66.94646526666439
 30
0.0
 41
1.0
 10
506.0150500976461
 20
66.95209604403143
 30
0.0
 41
1.0
 10
506.0295624621014
 20
66.96142132331004
 30
0.0
 41
1.0
 10
506.0484868253945
 20
66.97604939237788
 30
0.0
 41
1.0
 10
506.0680686543762
 20
66.99347308382641
 30
0.0
 41
1.0
 10
506.0880559960921
 20
67.0133412863646
 30
0.0
 41
1.0
 10
506.1080258739643
 20
67.03506410043296
 30
0.0
 41
1.0
 10
506.1273515840205
 20
67.05776657142966
 30
0.0
 41
1.0
 10
506.1453372247525
 20
67.08046817360909
 30
0.0
 41
1.0
 10
506.161338281426
 20
67.10224332870062
 30
0.0
 41
1.0
 10
506.1748932549217
 20
67.12239715510015
 30
0.0
 41
1.0
 10
506.1858374374535
 20
67.14061634257085
 30
0.0
 41
1.0
 10
506.194459040786
 20
67.15717925918955
 30
0.0
 41
1.0
 10
506.2013584097976
 20
67.17274688467462
 30
0.0
 41
1.0
 10
506.2072282208593
 20
67.18803767303285
 30
0.0
 41
1.0
 10
506.2126780818653
 20
67.20357474932008
 30
0.0
 41
1.0
 10
506.2179999165458
 20
67.2193264013379
 30
0.0
 41
1.0
 10
506.2230980038381
 20
67.23465490704484
 30
0.0
 41
1.0
 10
506.2277057315501
 20
67.24881349104109
 30
0.0
 41
1.0
 10
506.2315317063951
 20
67.26130012182392
 30
0.0
 41
1.0
 10
506.2344488276962
 20
67.27231427196755
 30
0.0
 41
1.0
 10
506.2366217200859
 20
67.28303500636275
 30
0.0
 41
1.0
 10
506.2383439874315
 20
67.29497864861781
 30
0.0
 41
1.0
 10
506.2399157663265
 20
67.30949327327562
 30
0.0
 41
1.0
 10
506.2414915951047
 20
67.32714029466507
 30
0.0
 41
1.0
 10
506.2429827508371
 20
67.34730144403933
 30
0.0
 41
1.0
 10
506.2441731368374
 20
67.36869889301644
 30
0.0
 41
1.0
 10
506.2448114664826
 20
67.38980904356573
 30
0.0
 41
1.0
 10
506.2447019774868
 20
67.40928075524866
 30
0.0
 41
1.0
 10
506.2438220946257
 20
67.42644231076465
 30
0.0
 41
1.0
 10
506.2423029548208
 20
67.44134331352373
 30
0.0
 41
1.0
 10
506.2403182013742
 20
67.45450221471145
 30
0.0
 41
1.0
 10
506.238010107598
 20
67.46674562029188
 30
0.0
 41
1.0
 10
506.2353785570905
 20
67.47900541885876
 30
0.0
 41
1.0
 10
506.2322626926682
 20
67.49214724405426
 30
0.0
 41
1.0
 10
506.2284625020206
 20
67.50679836134224
 30
0.0
 41
1.0
 10
506.2238198778635
 20
67.52319901095198
 30
0.0
 41
1.0
 10
506.2183334550287
 20
67.54099523627747
 30
0.0
 41
1.0
 10
506.2122041721907
 20
67.5592099542261
 30
0.0
 41
1.0
 10
506.2057121604138
 20
67.57668773567786
 30
0.0
 41
1.0
 10
506.1991204994046
 20
67.59246692183417
 30
0.0
 41
1.0
 10
506.1925760315498
 20
67.60614963534585
 30
0.0
 41
1.0
 10
506.1859914094292
 20
67.61835359688511
 30
0.0
 41
1.0
 10
506.1791311412559
 20
67.63033501098519
 30
0.0
 41
1.0
 10
506.1717414971516
 20
67.64343265870024
 30
0.0
 41
1.0
 10
506.1636532260894
 20
67.65862660367912
 30
0.0
 41
1.0
 10
506.1549246575785
 20
67.67592118442223
 30
0.0
 41
1.0
 10
506.1458141312059
 20
67.69447961095721
 30
0.0
 41
1.0
 10
506.1366739109031
 20
67.71310713017271
 30
0.0
 41
1.0
 10
506.127870227933
 20
67.73061492473051
 30
0.0
 41
1.0
 10
506.1196894566825
 20
67.74625427086687
 30
0.0
 41
1.0
 10
506.1122589948296
 20
67.76006094590369
 30
0.0
 41
1.0
 10
506.1055600509013
 20
67.77259254724818
 30
0.0
 41
1.0
 10
506.0994317447526
 20
67.78471364750598
 30
0.0
 41
1.0
 10
506.093581132383
 20
67.797367454512
 30
0.0
 41
1.0
 10
506.0875834009957
 20
67.81134174810785
 30
0.0
 41
1.0
 10
506.0809977769255
 20
67.82716955684489
 30
0.0
 41
1.0
 10
506.0735071090134
 20
67.84503552878693
 30
0.0
 41
1.0
 10
506.0650290468811
 20
67.86470207194096
 30
0.0
 41
1.0
 10
506.0558873405682
 20
67.88537415735522
 30
0.0
 41
1.0
 10
506.0467586701048
 20
67.90580908308957
 30
0.0
 41
1.0
 10
506.0384315979835
 20
67.92463488101887
 30
0.0
 41
1.0
 10
506.0316147317688
 20
67.94061243127622
 30
0.0
 41
1.0
 10
506.0267331164608
 20
67.9529146456813
 30
0.0
 41
1.0
 10
506.0237071851923
 20
67.96141506772258
 30
0.0
 41
1.0
 10
506.0220547509555
 20
67.96669904431948
 30
0.0
 41
1.0
 10
506.021030541095
 20
67.97001887321208
 30
0.0
 41
1.0
 10
506.0197496859941
 20
67.97331693813056
 30
0.0
 41
1.0
 10
506.0173269828612
 20
67.9790704697439
 30
0.0
 41
1.0
 10
506.013081930395
 20
67.9894577062343
 30
0.0
 41
1.0
 10
506.0067020665163
 20
68.00574087393634
 30
0.0
 41
1.0
 10
505.9984930074086
 20
68.02733138736318
 30
0.0
 41
1.0
 10
505.9892811098785
 20
68.05201813976797
 30
0.0
 41
1.0
 10
505.9800914677281
 20
68.07693719292462
 30
0.0
 41
1.0
 10
505.9718790788318
 20
68.09936146516332
 30
0.0
 41
1.0
 10
505.9652681833723
 20
68.11747700253725
 30
0.0
 41
1.0
 10
505.9602117415363
 20
68.13138717887437
 30
0.0
 41
1.0
 10
505.9561076678434
 20
68.14278991427332
 30
0.0
 41
1.0
 10
505.9521365948464
 20
68.15401011990772
 30
0.0
 41
1.0
 10
505.9475030070306
 20
68.1673124738509
 30
0.0
 41
1.0
 10
505.9417770886629
 20
68.18392382299311
 30
0.0
 41
1.0
 10
505.934937367154
 20
68.20391512135373
 30
0.0
 41
1.0
 10
505.9271928739934
 20
68.22671589501507
 30
0.0
 41
1.0
 10
505.9188646418328
 20
68.25145891708018
 30
0.0
 41
1.0
 10
505.9102502318038
 20
68.27737251747699
 30
0.0
 41
1.0
 10
505.9014764433637
 20
68.30420952865108
 30
0.0
 41
1.0
 10
505.8925244888936
 20
68.33216051009038
 30
0.0
 41
1.0
 10
505.8832916174396
 20
68.36165852572253
 30
0.0
 41
1.0
 10
505.8736410195658
 20
68.39321841774929
 30
0.0
 41
1.0
 10
505.8634541689088
 20
68.42726976885742
 30
0.0
 41
1.0
 10
505.8526880501313
 20
68.46397303087435
 30
0.0
 41
1.0
 10
505.8414118016385
 20
68.50310374225483
 30
0.0
 41
1.0
 10
505.8297713406101
 20
68.54417364308606
 30
0.0
 41
1.0
 10
505.8179659121906
 20
68.58651266800769
 30
0.0
 41
1.0
 10
505.806220315774
 20
68.62936497011496
 30
0.0
 41
1.0
 10
505.7947581809809
 20
68.67198190011404
 30
0.0
 41
1.0
 10
505.7837766739385
 20
68.71370933818685
 30
0.0
 41
1.0
 10
505.7734159314317
 20
68.75409467431573
 30
0.0
 41
1.0
 10
505.7637492849336
 20
68.79291682613256
 30
0.0
 41
1.0
 10
505.754793916162
 20
68.83014061232692
 30
0.0
 41
1.0
 10
505.7465159703801
 20
68.86589178095395
 30
0.0
 41
1.0
 10
505.7388377847932
 20
68.90042382466688
 30
0.0
 41
1.0
 10
505.7316445057324
 20
68.93408794489324
 30
0.0
 41
1.0
 10
505.7247902142814
 20
68.96730268925342
 30
0.0
 41
1.0
 10
505.7181064771609
 20
69.00052076449142
 30
0.0
 41
1.0
 10
505.7114254657344
 20
69.03417567442144
 30
0.0
 41
1.0
 10
505.704601001809
 20
69.06863154699081
 30
0.0
 41
1.0
 10
505.6975309259787
 20
69.10413044724418
 30
0.0
 41
1.0
 10
505.6901777435405
 20
69.14074359223384
 30
0.0
 41
1.0
 10
505.6825928207766
 20
69.17831400893568
 30
0.0
 41
1.0
 10
505.6749308556732
 20
69.21642292922488
 30
0.0
 41
1.0
 10
505.6674029948915
 20
69.25450637195567
 30
0.0
 41
1.0
 10
505.6602364283813
 20
69.29195583345553
 30
0.0
 41
1.0
 10
505.6536320651408
 20
69.32822373833236
 30
0.0
 41
1.0
 10
505.6477217273258
 20
69.36292992441838
 30
0.0
 41
1.0
 10
505.6425285740505
 20
69.39596055717789
 30
0.0
 41
1.0
 10
505.6379180070897
 20
69.42758947329529
 30
0.0
 41
1.0
 10
505.6336499337659
 20
69.45836027736049
 30
0.0
 41
1.0
 10
505.6294432224285
 20
69.4889394924791
 30
0.0
 41
1.0
 10
505.6250371620825
 20
69.51997715975068
 30
0.0
 41
1.0
 10
505.6202511475975
 20
69.55197077851861
 30
0.0
 41
1.0
 10
505.6150523853609
 20
69.58511235574175
 30
0.0
 41
1.0
 10
505.609598414479
 20
69.61918901269633
 30
0.0
 41
1.0
 10
505.60414947953
 20
69.65376036440495
 30
0.0
 41
1.0
 10
505.5989989987365
 20
69.68829771527243
 30
0.0
 41
1.0
 10
505.5943946301261
 20
69.72234249166067
 30
0.0
 41
1.0
 10
505.590468808829
 20
69.75564630695764
 30
0.0
 41
1.0
 10
505.5871519981674
 20
69.78834343539507
 30
0.0
 41
1.0
 10
505.5841355770187
 20
69.82103250261559
 30
0.0
 41
1.0
 10
505.5810191539606
 20
69.85454983028752
 30
0.0
 41
1.0
 10
505.5774077046196
 20
69.88980449133305
 30
0.0
 41
1.0
 10
505.5730690217321
 20
69.9275673807579
 30
0.0
 41
1.0
 10
505.5679724323325
 20
69.96832975634625
 30
0.0
 41
1.0
 10
505.5626035713606
 20
70.01201138153689
 30
0.0
 41
1.0
 10
505.5574203060097
 20
70.05812618903497
 30
0.0
 41
1.0
 10
505.5526443704213
 20
70.10599243685867
 30
0.0
 41
1.0
 10
505.5483911915045
 20
70.15475259444525
 30
0.0
 41
1.0
 10
505.5446612921508
 20
70.20347058646173
 30
0.0
 41
1.0
 10
505.5413908543104
 20
70.25119561761592
 30
0.0
 41
1.0
 10
505.5384770144005
 20
70.29704100333521
 30
0.0
 41
1.0
 10
505.5358135057109
 20
70.340255049475
 30
0.0
 41
1.0
 10
505.5333232471988
 20
70.38029948929119
 30
0.0
 41
1.0
 10
505.5309552532639
 20
70.41681699250723
 30
0.0
 41
1.0
 10
505.5286787628316
 20
70.44959364720765
 30
0.0
 41
1.0
 10
505.5269185109926
 20
70.47273736387886
 30
0.0
 41
1.0
 10
505.5256302863609
 20
70.48834832706894
 30
0.0
 41
1.0
 10
505.5247856764605
 20
70.49797933177015
 30
0.0
 41
1.0
 10
505.5243669230662
 20
70.50260075797308
 30
0.0
 41
1.0
  0
ARC
  5
175
330
70
100
AcDbEntity
  8
Untitled v10_Sketch14
100
AcDbCircle
 10
518.3703553153264
 20
50.07934738574043
 30
0.0
 40
24.37862958253657
100
AcDbArc
 50
190.7016270909377
 51
193.3010552526093
  0
ARC
  5
176
330
70
100
AcDbEntity
  8
Untitled v10_Sketch14
100
AcDbCircle
 10
517.9610271573166
 20
49.62325978967144
 30
0.0
 40
24.37862958253659
100
AcDbArc
 50
82.70162709093781
 51
85.30105525260911
  0
SPLINE
  5
177
330
70
100
AcDbEntity
  8
Untitled v10_Sketch14
100
AcDbSpline
210
0.0
220
0.0
230
1.0
 70
    12
 71
     5
 72
    86
 73
    80
 74
     0
 42
0.000000001
 43
0.0000000001
 40
0.0
 40
0.0
 40
0.0
 40
0.0
 40
0.0
 40
0.0
 40
0.0133333333333333
 40
0.0266666666666667
 40
0.04
 40
0.0533333333333333
 40
0.0666666666666667
 40
0.08
 40
0.0933333333333334
 40
0.1066666666666667
 40
0.12
 40
0.1333333333333333
 40
0.1466666666666667
 40
0.16
 40
0.1733333333333333
 40
0.1866666666666667
 40
0.2
 40
0.2133333333333333
 40
0.2266666666666667
 40
0.24
 40
0.2533333333333334
 40
0.2666666666666666
 40
0.28
 40
0.2933333333333333
 40
0.3066666666666666
 40
0.3199999999999999
 40
0.3333333333333332
 40
0.3466666666666665
 40
0.3599999999999998
 40
0.3733333333333331
 40
0.3866666666666665
 40
0.3999999999999997
 40
0.4133333333333331
 40
0.4266666666666664
 40
0.4399999999999997
 40
0.453333333333333
 40
0.4666666666666663
 40
0.4799999999999997
 40
0.493333333333333
 40
0.5066666666666663
 40
0.5199999999999996
 40
0.5333333333333329
 40
0.5466666666666662
 40
0.5599999999999996
 40
0.5733333333333328
 40
0.5866666666666661
 40
0.5999999999999995
 40
0.6133333333333328
 40
0.6266666666666661
 40
0.6399999999999994
 40
0.6533333333333326
 40
0.666666666666666
 40
0.6799999999999993
 40
0.6933333333333326
 40
0.706666666666666
 40
0.7199999999999993
 40
0.7333333333333325
 40
0.7466666666666658
 40
0.7599999999999991
 40
0.7733333333333325
 40
0.7866666666666658
 40
0.7999999999999991
 40
0.8133333333333323
 40
0.8266666666666656
 40
0.8399999999999989
 40
0.8533333333333322
 40
0.8666666666666655
 40
0.8799999999999988
 40
0.8933333333333322
 40
0.9066666666666655
 40
0.9199999999999988
 40
0.9333333333333321
 40
0.9466666666666654
 40
0.9599999999999987
 40
0.973333333333332
 40
0.9866666666666652
 40
1.0
 40
1.0
 40
1.0
 40
1.0
 40
1.0
 40
1.0
 10
494.4157304732146
 20
45.55236947589662
 30
0.0
 41
1.0
 10
494.430121084382
 20
45.56377858304699
 30
0.0
 41
1.0
 10
494.4584684239191
 20
45.58621176089133
 30
0.0
 41
1.0
 10
494.4996877809868
 20
45.61870641506416
 30
0.0
 41
1.0
 10
494.5520428991073
 20
45.65972175468935
 30
0.0
 41
1.0
 10
494.6131754712694
 20
45.70716245552112
 30
0.0
 41
1.0
 10
494.6700910666414
 20
45.7508508355783
 30
0.0
 41
1.0
 10
494.7229830582259
 20
45.79094339872149
 30
0.0
 41
1.0
 10
494.7721813208151
 20
45.82770758425965
 30
0.0
 41
1.0
 10
494.8181806188848
 20
45.86154474603937
 30
0.0
 41
1.0
 10
494.8616918144913
 20
45.89303221817822
 30
0.0
 41
1.0
 10
494.9036044884386
 20
45.92289127165074
 30
0.0
 41
1.0
 10
494.9448795196351
 20
45.95189646462287
 30
0.0
 41
1.0
 10
494.9864597546435
 20
45.98080013954238
 30
0.0
 41
1.0
 10
495.0291777711211
 20
46.01025444363074
 30
0.0
 41
1.0
 10
495.0736540514107
 20
46.04072541845802
 30
0.0
 41
1.0
 10
495.1202320802645
 20
46.07243767594383
 30
0.0
 41
1.0
 10
495.169064593281
 20
46.10544412508346
 30
0.0
 41
1.0
 10
495.2201748880177
 20
46.13967524105653
 30
0.0
 41
1.0
 10
495.2735307774999
 20
46.17499832447812
 30
0.0
 41
1.0
 10
495.329106011524
 20
46.2112674625888
 30
0.0
 41
1.0
 10
495.3869644882484
 20
46.24838966879877
 30
0.0
 41
1.0
 10
495.4472630406412
 20
46.28633383097692
 30
0.0
 41
1.0
 10
495.5101831458534
 20
46.32508986409526
 30
0.0
 41
1.0
 10
495.5758825924684
 20
46.36464184156871
 30
0.0
 41
1.0
 10
495.6444387609933
 20
46.40493527843389
 30
0.0
 41
1.0
 10
495.7157958196882
 20
46.44584714950156
 30
0.0
 41
1.0
 10
495.789709087164
 20
46.48715401310909
 30
0.0
 41
1.0
 10
495.8656931550807
 20
46.52850262967241
 30
0.0
 41
1.0
 10
495.9430826482028
 20
46.56945383237072
 30
0.0
 41
1.0
 10
496.0210898358687
 20
46.60952435607043
 30
0.0
 41
1.0
 10
496.0988633303593
 20
46.64822948285355
 30
0.0
 41
1.0
 10
496.1755460189171
 20
46.68512505203594
 30
0.0
 41
1.0
 10
496.2503337618819
 20
46.71985042529065
 30
0.0
 41
1.0
 10
496.3225327107558
 20
46.75216962488597
 30
0.0
 41
1.0
 10
496.3916203156022
 20
46.78201752664378
 30
0.0
 41
1.0
 10
496.4572441082792
 20
46.8094566967246
 30
0.0
 41
1.0
 10
496.5192168275735
 20
46.8346277194972
 30
0.0
 41
1.0
 10
496.5775125052107
 20
46.85770335560413
 30
0.0
 41
1.0
 10
496.6322636705092
 20
46.87883810446038
 30
0.0
 41
1.0
 10
496.6837552410113
 20
46.89812688046018
 30
0.0
 41
1.0
 10
496.7324279501134
 20
46.91554128065611
 30
0.0
 41
1.0
 10
496.7788229460981
 20
46.93100287461732
 30
0.0
 41
1.0
 10
496.823511357953
 20
46.94449033876161
 30
0.0
 41
1.0
 10
496.8670266894544
 20
46.95614266961122
 30
0.0
 41
1.0
 10
496.9098012001983
 20
46.96634751305595
 30
0.0
 41
1.0
 10
496.9520875239295
 20
46.97587788256065
 30
0.0
 41
1.0
 10
496.9939468895097
 20
46.98581474398537
 30
0.0
 41
1.0
 10
497.0352796742602
 20
46.99733672266333
 30
0.0
 41
1.0
 10
497.0758428067012
 20
47.01154591617239
 30
0.0
 41
1.0
 10
497.1152728172487
 20
47.0292880079198
 30
0.0
 41
1.0
 10
497.1531053068014
 20
47.05095090947374
 30
0.0
 41
1.0
 10
497.1888022740714
 20
47.07641563992801
 30
0.0
 41
1.0
 10
497.2217824511422
 20
47.10507046925343
 30
0.0
 41
1.0
 10
497.2514490994365
 20
47.13579583980866
 30
0.0
 41
1.0
 10
497.2772223599378
 20
47.16697847777872
 30
0.0
 41
1.0
 10
497.2985599457072
 20
47.19646474946081
 30
0.0
 41
1.0
 10
497.3151067075756
 20
47.22208058421237
 30
0.0
 41
1.0
 10
497.326891392058
 20
47.24230978740365
 30
0.0
 41
1.0
 10
497.334459934274
 20
47.25679758836818
 30
0.0
 41
1.0
 10
497.3391496574609
 20
47.26721666069813
 30
0.0
 41
1.0
 10
497.3428316412205
 20
47.2767846804227
 30
0.0
 41
1.0
 10
497.347184342081
 20
47.28860126520039
 30
0.0
 41
1.0
 10
497.3531195840826
 20
47.30436234128141
 30
0.0
 41
1.0
 10
497.3600940455167
 20
47.32280576936958
 30
0.0
 41
1.0
 10
497.3668024964555
 20
47.34119508387216
 30
0.0
 41
1.0
 10
497.371888431745
 20
47.35683664870599
 30
0.0
 41
1.0
 10
497.3747162352325
 20
47.36873721385606
 30
0.0
 41
1.0
 10
497.3759188353295
 20
47.37875648083658
 30
0.0
 41
1.0
 10
497.376642661028
 20
47.38981449774819
 30
0.0
 41
1.0
 10
497.3780214735823
 20
47.40462953508227
 30
0.0
 41
1.0
 10
497.380423358893
 20
47.42390842921778
 30
0.0
 41
1.0
 10
497.3834302258372
 20
47.44634382824955
 30
0.0
 41
1.0
 10
497.3862630921241
 20
47.4697199012516
 30
0.0
 41
1.0
 10
497.3880504909931
 20
47.49162353166589
 30
0.0
 41
1.0
 10
497.3882181639686
 20
47.51046877823462
 30
0.0
 41
1.0
 10
497.3868386379394
 20
47.52249489597886
 30
0.0
 41
1.0
 10
497.3849100692083
 20
47.52968097916443
 30
0.0
 41
1.0
 10
497.3832274292186
 20
47.53365773481441
 30
0.0
 41
1.0
 10
497.3822868625214
 20
47.53544258130659
 30
0.0
 41
1.0
  0
ARC
  5
178
330
70
100
AcDbEntity
  8
Untitled v10_Sketch14
100
AcDbCircle
 10
518.2529864330038
 20
50.281878381276
 30
0.0
 40
24.37862958253662
100
AcDbArc
 50
226.7016270909379
 51
229.3010552526093
  0
SPLINE
  5
179
330
70
100
AcDbEntity
  8
Untitled v10_Sketch14
100
AcDbSpline
210
0.0
220
0.0
230
1.0
 70
    12
 71
     5
 72
   156
 73
   150
 74
     0
 42
0.000000001
 43
0.0000000001
 40
0.0
 40
0.0
 40
0.0
 40
0.0
 40
0.0
 40
0.0
 40
0.0068965517241379
 40
0.0137931034482759
 40
0.0206896551724138
 40
0.0275862068965517
 40
0.0344827586206897
 40
0.0413793103448276
 40
0.0482758620689655
 40
0.0551724137931035
 40
0.0620689655172414
 40
0.0689655172413793
 40
0.0758620689655173
 40
0.0827586206896552
 40
0.0896551724137931
 40
0.0965517241379311
 40
0.103448275862069
 40
0.1103448275862069
 40
0.1172413793103448
 40
0.1241379310344828
 40
0.1310344827586207
 40
0.1379310344827586
 40
0.1448275862068966
 40
0.1517241379310345
 40
0.1586206896551725
 40
0.1655172413793104
 40
0.1724137931034483
 40
0.1793103448275863
 40
0.1862068965517242
 40
0.1931034482758622
 40
0.2000000000000001
 40
0.2068965517241381
 40
0.213793103448276
 40
0.220689655172414
 40
0.2275862068965519
 40
0.2344827586206899
 40
0.2413793103448278
 40
0.2482758620689657
 40
0.2551724137931037
 40
0.2620689655172416
 40
0.2689655172413796
 40
0.2758620689655175
 40
0.2827586206896555
 40
0.2896551724137934
 40
0.2965517241379314
 40
0.3034482758620693
 40
0.3103448275862072
 40
0.3172413793103452
 40
0.3241379310344831
 40
0.3310344827586211
 40
0.337931034482759
 40
0.344827586206897
 40
0.3517241379310349
 40
0.3586206896551729
 40
0.3655172413793108
 40
0.3724137931034487
 40
0.3793103448275867
 40
0.3862068965517246
 40
0.3931034482758626
 40
0.4000000000000006
 40
0.4068965517241385
 40
0.4137931034482765
 40
0.4206896551724144
 40
0.4275862068965524
 40
0.4344827586206903
 40
0.4413793103448282
 40
0.4482758620689661
 40
0.4551724137931041
 40
0.462068965517242
 40
0.46896551724138
 40
0.4758620689655179
 40
0.4827586206896559
 40
0.4896551724137938
 40
0.4965517241379318
 40
0.5034482758620697
 40
0.5103448275862076
 40
0.5172413793103456
 40
0.5241379310344835
 40
0.5310344827586215
 40
0.5379310344827594
 40
0.5448275862068974
 40
0.5517241379310353
 40
0.5586206896551733
 40
0.5655172413793112
 40
0.5724137931034491
 40
0.579310344827587
 40
0.586206896551725
 40
0.5931034482758629
 40
0.6000000000000009
 40
0.6068965517241388
 40
0.6137931034482768
 40
0.6206896551724147
 40
0.6275862068965527
 40
0.6344827586206906
 40
0.6413793103448286
 40
0.6482758620689665
 40
0.6551724137931045
 40
0.6620689655172424
 40
0.6689655172413804
 40
0.6758620689655183
 40
0.6827586206896563
 40
0.6896551724137942
 40
0.6965517241379322
 40
0.7034482758620701
 40
0.710344827586208
 40
0.7172413793103459
 40
0.7241379310344839
 40
0.7310344827586218
 40
0.7379310344827598
 40
0.7448275862068977
 40
0.7517241379310357
 40
0.7586206896551736
 40
0.7655172413793116
 40
0.7724137931034495
 40
0.7793103448275875
 40
0.7862068965517254
 40
0.7931034482758634
 40
0.8000000000000012
 40
0.8068965517241391
 40
0.8137931034482772
 40
0.8206896551724151
 40
0.827586206896553
 40
0.8344827586206909
 40
0.841379310344829
 40
0.8482758620689669
 40
0.8551724137931048
 40
0.8620689655172427
 40
0.8689655172413807
 40
0.8758620689655186
 40
0.8827586206896565
 40
0.8896551724137944
 40
0.8965517241379325
 40
0.9034482758620704
 40
0.9103448275862083
 40
0.9172413793103462
 40
0.9241379310344843
 40
0.9310344827586222
 40
0.9379310344827601
 40
0.944827586206898
 40
0.9517241379310361
 40
0.958620689655174
 40
0.9655172413793119
 40
0.9724137931034498
 40
0.9793103448275878
 40
0.9862068965517257
 40
0.9931034482758636
 40
1.0
 40
1.0
 40
1.0
 40
1.0
 40
1.0
 40
1.0
 10
513.9231495150879
 20
70.36034670078321
 30
0.0
 41
1.0
 10
513.9268162563467
 20
70.36027134282242
 30
0.0
 41
1.0
 10
513.9343483733916
 20
70.36036376809319
 30
0.0
 41
1.0
 10
513.9462424589614
 20
70.36123183319415
 30
0.0
 41
1.0
 10
513.9632930963787
 20
70.36384818931866
 30
0.0
 41
1.0
 10
513.9865311342113
 20
70.36951436337151
 30
0.0
 41
1.0
 10
514.0115068788997
 20
70.37746705016438
 30
0.0
 41
1.0
 10
514.0378473501389
 20
70.38748797207116
 30
0.0
 41
1.0
 10
514.0649262058309
 20
70.39921026910214
 30
0.0
 41
1.0
 10
514.0918150473113
 20
70.41208953392509
 30
0.0
 41
1.0
 10
514.1174793211677
 20
70.42551306034242
 30
0.0
 41
1.0
 10
514.1409537672935
 20
70.43889743828874
 30
0.0
 41
1.0
 10
514.161534151454
 20
70.45179557043351
 30
0.0
 41
1.0
 10
514.1789425708449
 20
70.46398822632513
 30
0.0
 41
1.0
 10
514.193555542512
 20
70.47561248157001
 30
0.0
 41
1.0
 10
514.2061903534635
 20
70.48702798892711
 30
0.0
 41
1.0
 10
514.2177720166229
 20
70.49860935192882
 30
0.0
 41
1.0
 10
514.229070210642
 20
70.51058651922524
 30
0.0
 41
1.0
 10
514.2403387226054
 20
70.52281178420355
 30
0.0
 41
1.0
 10
514.2512307220486
 20
70.53474149205316
 30
0.0
 41
1.0
 10
514.2611989056952
 20
70.54580187044783
 30
0.0
 41
1.0
 10
514.2697728779238
 20
70.55565281111578
 30
0.0
 41
1.0
 10
514.2769176592936
 20
70.56452823782385
 30
0.0
 41
1.0
 10
514.2832632107855
 20
70.57343832107682
 30
0.0
 41
1.0
 10
514.2896944972527
 20
70.58364887196802
 30
0.0
 41
1.0
 10
514.2970340184315
 20
70.5962693413221
 30
0.0
 41
1.0
 10
514.3056512998941
 20
70.61174975024608
 30
0.0
 41
1.0
 10
514.3152138166572
 20
70.62956136900087
 30
0.0
 41
1.0
 10
514.3250044149478
 20
70.64862473771334
 30
0.0
 41
1.0
 10
514.334173829865
 20
70.66765018780071
 30
0.0
 41
1.0
 10
514.3419936653351
 20
70.6854830147478
 30
0.0
 41
1.0
 10
514.3481700858246
 20
70.70151875643671
 30
0.0
 41
1.0
 10
514.3528430663969
 20
70.71574938964627
 30
0.0
 41
1.0
 10
514.3563821111968
 20
70.72857791600805
 30
0.0
 41
1.0
 10
514.3592534042975
 20
70.74070160987654
 30
0.0
 41
1.0
 10
514.3618358725985
 20
70.75297184118847
 30
0.0
 41
1.0
 10
514.3643346506729
 20
70.76624483213629
 30
0.0
 41
1.0
 10
514.3668221500316
 20
70.78117497057125
 30
0.0
 41
1.0
 10
514.3692516469879
 20
70.79804603488935
 30
0.0
 41
1.0
 10
514.3714779272768
 20
70.81653522490495
 30
0.0
 41
1.0
 10
514.3732871420145
 20
70.83566820167513
 30
0.0
 41
1.0
 10
514.3744652483008
 20
70.85427548860699
 30
0.0
 41
1.0
 10
514.3748614395353
 20
70.87137156251654
 30
0.0
 41
1.0
 10
514.3744480316159
 20
70.88653321817933
 30
0.0
 41
1.0
 10
514.3733964783359
 20
70.90036029890602
 30
0.0
 41
1.0
 10
514.3720025916583
 20
70.91409618778069
 30
0.0
 41
1.0
 10
514.370579109117
 20
70.92906712339313
 30
0.0
 41
1.0
 10
514.3693700400039
 20
70.94623727903232
 30
0.0
 41
1.0
 10
514.3684304356038
 20
70.96558689336702
 30
0.0
 41
1.0
 10
514.3676559477291
 20
70.9862464445425
 30
0.0
 41
1.0
 10
514.366882435624
 20
71.00698119263191
 30
0.0
 41
1.0
 10
514.3659609326223
 20
71.02655613928151
 30
0.0
 41
1.0
 10
514.3648485213539
 20
71.04417081234105
 30
0.0
 41
1.0
 10
514.3636761373365
 20
71.05980607871664
 30
0.0
 41
1.0
 10
514.362653409003
 20
71.07397897216742
 30
0.0
 41
1.0
 10
514.3619850183869
 20
71.08754475492029
 30
0.0
 41
1.0
 10
514.3617869850161
 20
71.10148424126762
 30
0.0
 41
1.0
 10
514.3619916420176
 20
71.11668989083639
 30
0.0
 41
1.0
 10
514.3624131248554
 20
71.1338279282395
 30
0.0
 41
1.0
 10
514.3628368046627
 20
71.15319603487442
 30
0.0
 41
1.0
 10
514.3630908132554
 20
71.17461065457181
 30
0.0
 41
1.0
 10
514.363147543605
 20
71.19721381123969
 30
0.0
 41
1.0
 10
514.3631197212634
 20
71.2195950096016
 30
0.0
 41
1.0
 10
514.3631697042045
 20
71.24018015714773
 30
0.0
 41
1.0
 10
514.3634408421951
 20
71.25754904489001
 30
0.0
 41
1.0
 10
514.363985026094
 20
71.27077320880191
 30
0.0
 41
1.0
 10
514.3646781334543
 20
71.27976948787209
 30
0.0
 41
1.0
 10
514.3653177465662
 20
71.28526874624488
 30
0.0
 41
1.0
 10
514.36573238036
 20
71.28871814453027
 30
0.0
 41
1.0
 10
514.3659037048543
 20
71.29225204745957
 30
0.0
 41
1.0
 10
514.3660306275462
 20
71.29849356226981
 30
0.0
 41
1.0
 10
514.3663774488492
 20
71.30970939337285
 30
0.0
 41
1.0
 10
514.3671721141521
 20
71.3271797316804
 30
0.0
 41
1.0
 10
514.3684544184464
 20
71.35024257229391
 30
0.0
 41
1.0
 10
514.3700799381029
 20
71.37654185909503
 30
0.0
 41
1.0
 10
514.3718202742888
 20
71.40304431111433
 30
0.0
 41
1.0
 10
514.3734386569299
 20
71.42687018265029
 30
0.0
 41
1.0
 10
514.374767556271
 20
71.44610844295785
 30
0.0
 41
1.0
 10
514.3758060452277
 20
71.46087266154399
 30
0.0
 41
1.0
 10
514.3766946976659
 20
71.47295885582915
 30
0.0
 41
1.0
 10
514.3776306107419
 20
71.48482420462046
 30
0.0
 41
1.0
 10
514.3788081724279
 20
71.49886115959482
 30
0.0
 41
1.0
 10
514.3803337300993
 20
71.51636532296445
 30
0.0
 41
1.0
 10
514.3822165271693
 20
71.53741024814026
 30
0.0
 41
1.0
 10
514.3844154907592
 20
71.56138976049977
 30
0.0
 41
1.0
 10
514.3868711658329
 20
71.58738103310748
 30
0.0
 41
1.0
 10
514.3895415215162
 20
71.61455808125842
 30
0.0
 41
1.0
 10
514.3924418627754
 20
71.64264353217037
 30
0.0
 41
1.0
 10
514.3956325337937
 20
71.67181911221106
 30
0.0
 41
1.0
 10
514.3991958098715
 20
71.70252223754238
 30
0.0
 41
1.0
 10
514.4032161145592
 20
71.73527888532999
 30
0.0
 41
1.0
 10
514.4077598956557
 20
71.77052970790112
 30
0.0
 41
1.0
 10
514.4128531183326
 20
71.80843878120794
 30
0.0
 41
1.0
 10
514.4184676469309
 20
71.84877292830236
 30
0.0
 41
1.0
 10
514.4245381902292
 20
71.89102675169507
 30
0.0
 41
1.0
 10
514.4309742275886
 20
71.9345070759187
 30
0.0
 41
1.0
 10
514.4376736928421
 20
71.97843196631573
 30
0.0
 41
1.0
 10
514.4445363787131
 20
72.02202653936327
 30
0.0
 41
1.0
 10
514.4514763509223
 20
72.06461303218408
 30
0.0
 41
1.0
 10
514.458437537714
 20
72.10572096618702
 30
0.0
 41
1.0
 10
514.4653970084219
 20
72.14511854598164
 30
0.0
 41
1.0
 10
514.4723561497984
 20
72.18276664340743
 30
0.0
 41
1.0
 10
514.4793351803442
 20
72.21879390499092
 30
0.0
 41
1.0
 10
514.4863662563166
 20
72.25346349609856
 30
0.0
 41
1.0
 10
514.4934873001581
 20
72.28714297039471
 30
0.0
 41
1.0
 10
514.5007352469593
 20
72.32027404072717
 30
0.0
 41
1.0
 10
514.5081403576845
 20
72.35333878327209
 30
0.0
 41
1.0
 10
514.5157256351315
 20
72.38680148552595
 30
0.0
 41
1.0
 10
514.5235056430546
 20
72.42105425094864
 30
0.0
 41
1.0
 10
514.5314855109167
 20
72.4563597689359
 30
0.0
 41
1.0
 10
514.5396599521865
 20
72.49279834997207
 30
0.0
 41
1.0
 10
514.5480120456173
 20
72.53020569951472
 30
0.0
 41
1.0
 10
514.5565127865101
 20
72.56813633250615
 30
0.0
 41
1.0
 10
514.5651256751403
 20
72.60598914544813
 30
0.0
 41
1.0
 10
514.5738107591134
 20
72.64311583609721
 30
0.0
 41
1.0
 10
514.5825288589555
 20
72.67893445238977
 30
0.0
 41
1.0
 10
514.5912457743139
 20
72.71304408200309
 30
0.0
 41
1.0
 10
514.5999363614158
 20
72.74533131225378
 30
0.0
 41
1.0
 10
514.6085890380772
 20
72.77610105143134
 30
0.0
 41
1.0
 10
514.6172055726297
 20
72.80594756152921
 30
0.0
 41
1.0
 10
514.6258002379012
 20
72.83559408824676
 30
0.0
 41
1.0
 10
514.6343992580807
 20
72.86574051439294
 30
0.0
 41
1.0
 10
514.6430399933852
 20
72.89691478695726
 30
0.0
 41
1.0
 10
514.6517705816246
 20
72.92930565138886
 30
0.0
 41
1.0
 10
514.6606483563564
 20
72.96265455636926
 30
0.0
 41
1.0
 10
514.6697319421252
 20
72.99645333919676
 30
0.0
 41
1.0
 10
514.6790743499442
 20
73.03009966846895
 30
0.0
 41
1.0
 10
514.6887153079774
 20
73.06307388472689
 30
0.0
 41
1.0
 10
514.6986747737993
 20
73.09509520928933
 30
0.0
 41
1.0
 10
514.7089438367445
 20
73.12631459088551
 30
0.0
 41
1.0
 10
514.7194840403723
 20
73.15740442877151
 30
0.0
 41
1.0
 10
514.7302697715856
 20
73.1892915946716
 30
0.0
 41
1.0
 10
514.741309910931
 20
73.2229672389121
 30
0.0
 41
1.0
 10
514.7527058777646
 20
73.25923005632666
 30
0.0
 41
1.0
 10
514.7646294634797
 20
73.29854130905163
 30
0.0
 41
1.0
 10
514.7774916825201
 20
73.34063017181583
 30
0.0
 41
1.0
 10
514.7915131160011
 20
73.38486636868475
 30
0.0
 41
1.0
 10
514.8066190386946
 20
73.43053690996729
 30
0.0
 41
1.0
 10
514.8225661092273
 20
73.47681145415944
 30
0.0
 41
1.0
 10
514.8389740691454
 20
73.52283464121369
 30
0.0
 41
1.0
 10
514.8553978944741
 20
73.56776383354909
 30
0.0
 41
1.0
 10
514.8713829675482
 20
73.6108308428902
 30
0.0
 41
1.0
 10
514.8865264673439
 20
73.6513921850308
 30
0.0
 41
1.0
 10
514.9005390440165
 20
73.68898748051629
 30
0.0
 41
1.0
 10
514.9132287805853
 20
73.72331102960766
 30
0.0
 41
1.0
 10
514.9244805695956
 20
73.7541799257024
 30
0.0
 41
1.0
 10
514.9322858971508
 20
73.77603872186435
 30
0.0
 41
1.0
 10
514.9374585961534
 20
73.79082401453823
 30
0.0
 41
1.0
 10
514.940604289137
 20
73.79996590893114
 30
0.0
 41
1.0
 10
514.9421014422557
 20
73.80435811419651
 30
0.0
 41
1.0
  0
SPLINE
  5
17A
330
70
100
AcDbEntity
  8
Untitled v10_Sketch14
100
AcDbSpline
210
0.0
220
0.0
230
1.0
 70
    12
 71
     5
 72
    86
 73
    80
 74
     0
 42
0.000000001
 43
0.0000000001
 40
0.0
 40
0.0
 40
0.0
 40
0.0
 40
0.0
 40
0.0
 40
0.0133333333333333
 40
0.0266666666666667
 40
0.04
 40
0.0533333333333333
 40
0.0666666666666667
 40
0.08
 40
0.0933333333333334
 40
0.1066666666666667
 40
0.12
 40
0.1333333333333333
 40
0.1466666666666667
 40
0.16
 40
0.1733333333333333
 40
0.1866666666666667
 40
0.2
 40
0.2133333333333333
 40
0.2266666666666667
 40
0.24
 40
0.2533333333333334
 40
0.2666666666666666
 40
0.28
 40
0.2933333333333333
 40
0.3066666666666666
 40
0.3199999999999999
 40
0.3333333333333332
 40
0.3466666666666665
 40
0.3599999999999998
 40
0.3733333333333331
 40
0.3866666666666665
 40
0.3999999999999997
 40
0.4133333333333331
 40
0.4266666666666664
 40
0.4399999999999997
 40
0.453333333333333
 40
0.4666666666666663
 40
0.4799999999999997
 40
0.493333333333333
 40
0.5066666666666663
 40
0.5199999999999996
 40
0.5333333333333329
 40
0.5466666666666662
 40
0.5599999999999996
 40
0.5733333333333328
 40
0.5866666666666661
 40
0.5999999999999995
 40
0.6133333333333328
 40
0.6266666666666661
 40
0.6399999999999994
 40
0.6533333333333326
 40
0.666666666666666
 40
0.6799999999999993
 40
0.6933333333333326
 40
0.706666666666666
 40
0.7199999999999993
 40
0.7333333333333325
 40
0.7466666666666658
 40
0.7599999999999991
 40
0.7733333333333325
 40
0.7866666666666658
 40
0.7999999999999991
 40
0.8133333333333323
 40
0.8266666666666656
 40
0.8399999999999989
 40
0.8533333333333322
 40
0.8666666666666655
 40
0.8799999999999988
 40
0.8933333333333322
 40
0.9066666666666655
 40
0.9199999999999988
 40
0.9333333333333321
 40
0.9466666666666654
 40
0.9599999999999987
 40
0.973333333333332
 40
0.9866666666666652
 40
1.0
 40
1.0
 40
1.0
 40
1.0
 40
1.0
 40
1.0
 10
498.9138118216177
 20
64.55048813474554
 30
0.0
 41
1.0
 10
498.9319196389361
 20
64.54742800930667
 30
0.0
 41
1.0
 10
498.9675588114634
 20
64.54137255650707
 30
0.0
 41
1.0
 10
499.0192881789559
 20
64.53248377224284
 30
0.0
 41
1.0
 10
499.0848009282976
 20
64.52102095619764
 30
0.0
 41
1.0
 10
499.1609619147168
 20
64.50733462644109
 30
0.0
 41
1.0
 10
499.2315126751322
 20
64.49427132848981
 30
0.0
 41
1.0
 10
499.2966989063728
 20
64.4817920797211
 30
0.0
 41
1.0
 10
499.3569400838965
 20
64.46983068721699
 30
0.0
 41
1.0
 10
499.4128655337913
 20
64.45828802746
 30
0.0
 41
1.0
 10
499.4653799584783
 20
64.44702213891964
 30
0.0
 41
1.0
 10
499.5156146124926
 20
64.43585455870909
 30
0.0
 41
1.0
 10
499.5647880582137
 20
64.42458949521501
 30
0.0
 41
1.0
 10
499.6140902825312
 20
64.4130296922512
 30
0.0
 41
1.0
 10
499.6645630284707
 20
64.40099279570581
 30
0.0
 41
1.0
 10
499.7169678161395
 20
64.38832954001469
 30
0.0
 41
1.0
 10
499.7717014008842
 20
64.37493496097154
 30
0.0
 41
1.0
 10
499.8289053018146
 20
64.36073095693473
 30
0.0
 41
1.0
 10
499.8885434410285
 20
64.34565369326001
 30
0.0
 41
1.0
 10
499.9504956663753
 20
64.32963829631091
 30
0.0
 41
1.0
 10
500.0146359787278
 20
64.31260663909732
 30
0.0
 41
1.0
 10
500.0809380317966
 20
64.2944490158603
 30
0.0
 41
1.0
 10
500.1494836465016
 20
64.27502805891172
 30
0.0
 41
1.0
 10
500.2203867601222
 20
64.25420215624541
 30
0.0
 41
1.0
 10
500.2937411180701
 20
64.23184339112616
 30
0.0
 41
1.0
 10
500.3695580077918
 20
64.20785780107429
 30
0.0
 41
1.0
 10
500.4477086450288
 20
64.18220455723869
 30
0.0
 41
1.0
 10
500.5278632564595
 20
64.15491598167236
 30
0.0
 41
1.0
 10
500.6094345323379
 20
64.12611643965441
 30
0.0
 41
1.0
 10
500.691650885179
 20
64.09600654138706
 30
0.0
 41
1.0
 10
500.7736260843038
 20
64.06484831734339
 30
0.0
 41
1.0
 10
500.854430224519
 20
64.03295013230703
 30
0.0
 41
1.0
 10
500.933159709732
 20
64.00065174368059
 30
0.0
 41
1.0
 10
501.0090084589773
 20
63.9683094295492
 30
0.0
 41
1.0
 10
501.0813368313586
 20
63.93628091991075
 30
0.0
 41
1.0
 10
501.1497467760239
 20
63.90491096846638
 30
0.0
 41
1.0
 10
501.2140489414704
 20
63.87450337502436
 30
0.0
 41
1.0
 10
501.2742225000351
 20
63.84529137109055
 30
0.0
 41
1.0
 10
501.3303784617279
 20
63.8174098542872
 30
0.0
 41
1.0
 10
501.3827203214132
 20
63.79086371642408
 30
0.0
 41
1.0
 10
501.4315092612798
 20
63.76550473263044
 30
0.0
 41
1.0
 10
501.4770190820287
 20
63.7409863688817
 30
0.0
 41
1.0
 10
501.5195535973699
 20
63.71685399343014
 30
0.0
 41
1.0
 10
501.5594791206792
 20
63.69266890646251
 30
0.0
 41
1.0
 10
501.5972559302083
 20
63.66812764423521
 30
0.0
 41
1.0
 10
501.6334613411198
 20
63.64316836099554
 30
0.0
 41
1.0
 10
501.6688388593411
 20
63.61812056025172
 30
0.0
 41
1.0
 10
501.7042327691629
 20
63.59366204743345
 30
0.0
 41
1.0
 10
501.7404522993192
 20
63.57065551090279
 30
0.0
 41
1.0
 10
501.7781538213558
 20
63.55001903519273
 30
0.0
 41
1.0
 10
501.8177225918974
 20
63.53258860349477
 30
0.0
 41
1.0
 10
501.8591361417665
 20
63.51896889510108
 30
0.0
 41
1.0
 10
501.9019460577903
 20
63.50948010911878
 30
0.0
 41
1.0
 10
501.9453087918097
 20
63.50414488450695
 30
0.0
 41
1.0
 10
501.9879930543104
 20
63.50265755416806
 30
0.0
 41
1.0
 10
502.0284119477898
 20
63.50436954644344
 30
0.0
 41
1.0
 10
502.0646021497169
 20
63.50824279684069
 30
0.0
 41
1.0
 10
502.0947103695651
 20
63.51308649541948
 30
0.0
 41
1.0
 10
502.1176290903136
 20
63.51786474712405
 30
0.0
 41
1.0
 10
502.1334599678753
 20
63.52193445518402
 30
0.0
 41
1.0
 10
502.1443408848833
 20
63.52542103185058
 30
0.0
 41
1.0
 10
502.1539150372574
 20
63.52908703951214
 30
0.0
 41
1.0
 10
502.1656089964558
 20
63.53375919092812
 30
0.0
 41
1.0
 10
502.1812932106688
 20
63.53989466494162
 30
0.0
 41
1.0
 10
502.1996661744249
 20
63.5470526922365
 30
0.0
 41
1.0
 10
502.2178209281861
 20
63.55437219479782
 30
0.0
 41
1.0
 10
502.2328480311188
 20
63.56105885806655
 30
0.0
 41
1.0
 10
502.2435840443927
 20
63.56692042291221
 30
0.0
 41
1.0
 10
502.2518345073365
 20
63.57273091506286
 30
0.0
 41
1.0
 10
502.2605365493129
 20
63.57959226530169
 30
0.0
 41
1.0
 10
502.2724688733275
 20
63.58848080280132
 30
0.0
 41
1.0
 10
502.2884030587195
 20
63.5995959522841
 30
0.0
 41
1.0
 10
502.307087796119
 20
63.61237362683162
 30
0.0
 41
1.0
 10
502.326355161347
 20
63.62591004281135
 30
0.0
 41
1.0
 10
502.3438287342373
 20
63.6392381360914
 30
0.0
 41
1.0
 10
502.3579456768296
 20
63.65172346205078
 30
0.0
 41
1.0
 10
502.3659597409134
 20
63.66079569313932
 30
0.0
 41
1.0
 10
502.3700095770837
 20
63.66703732721177
 30
0.0
 41
1.0
 10
502.3718389765507
 20
63.67094874133265
 30
0.0
 41
1.0
 10
502.3725360140211
 20
63.67284201402227
 30
0.0
 41
1.0
  0
SPLINE
  5
17B
330
70
100
AcDbEntity
  8
Untitled v10_Sketch14
100
AcDbSpline
210
0.0
220
0.0
230
1.0
 70
    12
 71
     5
 72
    86
 73
    80
 74
     0
 42
0.000000001
 43
0.0000000001
 40
0.0
 40
0.0
 40
0.0
 40
0.0
 40
0.0
 40
0.0
 40
0.0133333333333333
 40
0.0266666666666667
 40
0.04
 40
0.0533333333333333
 40
0.0666666666666667
 40
0.08
 40
0.0933333333333334
 40
0.1066666666666667
 40
0.12
 40
0.1333333333333333
 40
0.1466666666666667
 40
0.16
 40
0.1733333333333333
 40
0.1866666666666667
 40
0.2
 40
0.2133333333333333
 40
0.2266666666666667
 40
0.24
 40
0.2533333333333334
 40
0.2666666666666666
 40
0.28
 40
0.2933333333333333
 40
0.3066666666666666
 40
0.3199999999999999
 40
0.3333333333333332
 40
0.3466666666666665
 40
0.3599999999999998
 40
0.3733333333333331
 40
0.3866666666666665
 40
0.3999999999999997
 40
0.4133333333333331
 40
0.4266666666666664
 40
0.4399999999999997
 40
0.453333333333333
 40
0.4666666666666663
 40
0.4799999999999997
 40
0.493333333333333
 40
0.5066666666666663
 40
0.5199999999999996
 40
0.5333333333333329
 40
0.5466666666666662
 40
0.5599999999999996
 40
0.5733333333333328
 40
0.5866666666666661
 40
0.5999999999999995
 40
0.6133333333333328
 40
0.6266666666666661
 40
0.6399999999999994
 40
0.6533333333333326
 40
0.666666666666666
 40
0.6799999999999993
 40
0.6933333333333326
 40
0.706666666666666
 40
0.7199999999999993
 40
0.7333333333333325
 40
0.7466666666666658
 40
0.7599999999999991
 40
0.7733333333333325
 40
0.7866666666666658
 40
0.7999999999999991
 40
0.8133333333333323
 40
0.8266666666666656
 40
0.8399999999999989
 40
0.8533333333333322
 40
0.8666666666666655
 40
0.8799999999999988
 40
0.8933333333333322
 40
0.9066666666666655
 40
0.9199999999999988
 40
0.9333333333333321
 40
0.9466666666666654
 40
0.9599999999999987
 40
0.973333333333332
 40
0.9866666666666652
 40
1.0
 40
1.0
 40
1.0
 40
1.0
 40
1.0
 40
1.0
 10
511.1115127813363
 20
72.9901767904833
 30
0.0
 41
1.0
 10
511.1243636166747
 20
72.9770575890274
 30
0.0
 41
1.0
 10
511.1496370070631
 20
72.95121044478847
 30
0.0
 41
1.0
 10
511.1862622481717
 20
72.91361350793677
 30
0.0
 41
1.0
 10
511.2325255015162
 20
72.86583246705268
 30
0.0
 41
1.0
 10
511.2860964110487
 20
72.80999368907174
 30
0.0
 41
1.0
 10
511.3354947613089
 20
72.75795656251638
 30
0.0
 41
1.0
 10
511.3808964117958
 20
72.70954513280972
 30
0.0
 41
1.0
 10
511.4226018180628
 20
72.66445928726833
 30
0.0
 41
1.0
 10
511.4610618522684
 20
72.62224892468864
 30
0.0
 41
1.0
 10
511.4969249911519
 20
72.58226742503916
 30
0.0
 41
1.0
 10
511.5310015410045
 20
72.54370547407916
 30
0.0
 41
1.0
 10
511.564162256077
 20
72.50568842007041
 30
0.0
 41
1.0
 10
511.5972539117088
 20
72.46735722266208
 30
0.0
 41
1.0
 10
511.6310121106538
 20
72.42795203309137
 30
0.0
 41
1.0
 10
511.6659651995233
 20
72.38690448269185
 30
0.0
 41
1.0
 10
511.7023724637226
 20
72.34389644669545
 30
0.0
 41
1.0
 10
511.7403024876233
 20
72.29878155670109
 30
0.0
 41
1.0
 10
511.7796885625274
 20
72.25152937545534
 30
0.0
 41
1.0
 10
511.820395351536
 20
72.20215804274634
 30
0.0
 41
1.0
 10
511.8622749973215
 20
72.15067841294001
 30
0.0
 41
1.0
 10
511.9052417018607
 20
72.09701721817317
 30
0.0
 41
1.0
 10
511.949280916967
 20
72.04101523252188
 30
0.0
 41
1.0
 10
511.9944015823874
 20
71.98249091881383
 30
0.0
 41
1.0
 10
512.040604352182
 20
71.92128568806596
 30
0.0
 41
1.0
 10
512.0878431283276
 20
71.85731688844078
 30
0.0
 41
1.0
 10
512.1359897235736
 20
71.79062718619177
 30
0.0
 41
1.0
 10
512.1847963441246
 20
71.72143656630407
 30
0.0
 41
1.0
 10
512.2338609464921
 20
71.6501908544094
 30
0.0
 41
1.0
 10
512.2826772190064
 20
71.57750587531499
 30
0.0
 41
1.0
 10
512.3306822036352
 20
71.50411452944982
 30
0.0
 41
1.0
 10
512.3773048435459
 20
71.43081287372294
 30
0.0
 41
1.0
 10
512.4220138185343
 20
71.35840689810449
 30
0.0
 41
1.0
 10
512.4643664104042
 20
71.28765864012354
 30
0.0
 41
1.0
 10
512.5040554072178
 20
71.21923348091354
 30
0.0
 41
1.0
 10
512.5409614202123
 20
71.15364430049779
 30
0.0
 41
1.0
 10
512.5751098298507
 20
71.09124817610524
 30
0.0
 41
1.0
 10
512.6066208762392
 20
71.03224603818088
 30
0.0
 41
1.0
 10
512.6356636591956
 20
70.97668177114655
 30
0.0
 41
1.0
 10
512.662405684857
 20
70.92443972127973
 30
0.0
 41
1.0
 10
512.6869711296595
 20
70.87524645310203
 30
0.0
 41
1.0
 10
512.7093778154345
 20
70.82866067868437
 30
0.0
 41
1.0
 10
512.7296043067999
 20
70.78413601599845
 30
0.0
 41
1.0
 10
512.7476890962214
 20
70.74110223583989
 30
0.0
 41
1.0
 10
512.7638261851139
 20
70.6990432861148
 30
0.0
 41
1.0
 10
512.7784462792335
 20
70.65756979521947
 30
0.0
 41
1.0
 10
512.7923445648138
 20
70.61651131527279
 30
0.0
 41
1.0
 10
512.8066024862294
 20
70.57591994453154
 30
0.0
 41
1.0
 10
512.8223817987751
 20
70.53601795982557
 30
0.0
 41
1.0
 10
512.8407531547347
 20
70.49716230163006
 30
0.0
 41
1.0
 10
512.8625196118563
 20
70.45980284639151
 30
0.0
 41
1.0
 10
512.8880184137635
 20
70.42444199698443
 30
0.0
 41
1.0
 10
512.917074994892
 20
70.39160237057814
 30
0.0
 41
1.0
 10
512.9490202172917
 20
70.36179810764264
 30
0.0
 41
1.0
 10
512.9826782802086
 20
70.33550565211925
 30
0.0
 41
1.0
 10
513.0163841357387
 20
70.31313305346319
 30
0.0
 41
1.0
 10
513.0479392635897
 20
70.29499451188771
 30
0.0
 41
1.0
 10
513.0751443797085
 20
70.28121597875409
 30
0.0
 41
1.0
 10
513.096494600167
 20
70.27161037952905
 30
0.0
 41
1.0
 10
513.111694163529
 20
70.26559768615015
 30
0.0
 41
1.0
 10
513.1225463686486
 20
70.26202274337684
 30
0.0
 41
1.0
 10
513.132446845864
 20
70.25936106030797
 30
0.0
 41
1.0
 10
513.1446536792859
 20
70.25626737344602
 30
0.0
 41
1.0
 10
513.1609488162687
 20
70.25201212638328
 30
0.0
 41
1.0
 10
513.1800202390637
 20
70.2470037349743
 30
0.0
 41
1.0
 10
513.1990100390449
 20
70.24225424041695
 30
0.0
 41
1.0
 10
513.2150975427501
 20
70.2388311551484
 30
0.0
 41
1.0
 10
513.2272285013121
 20
70.23726279045138
 30
0.0
 41
1.0
 10
513.2373185876398
 20
70.23711407690406
 30
0.0
 41
1.0
 10
513.2483916879657
 20
70.23755009391307
 30
0.0
 41
1.0
 10
513.2632696921326
 20
70.23772742772405
 30
0.0
 41
1.0
 10
513.2826940398493
 20
70.23735389336986
 30
0.0
 41
1.0
 10
513.3053208385986
 20
70.23670863614102
 30
0.0
 41
1.0
 10
513.3288649701865
 20
70.23633475358005
 30
0.0
 41
1.0
 10
513.3508354442787
 20
70.23684669909634
 30
0.0
 41
1.0
 10
513.3695949812134
 20
70.23864980931465
 30
0.0
 41
1.0
 10
513.3814110188904
 20
70.2412788497628
 30
0.0
 41
1.0
 10
513.3883561456346
 20
70.24394800382495
 30
0.0
 41
1.0
 10
513.3921352324287
 20
70.24603711029356
 30
0.0
 41
1.0
 10
513.3938119853535
 20
70.24715909172903
 30
0.0
 41
1.0
  0
ARC
  5
17C
330
70
100
AcDbEntity
  8
Untitled v10_Sketch14
100
AcDbCircle
 10
518.1888525851856
 20
50.32831591083585
 30
0.0
 40
24.37862958253659
100
AcDbArc
 50
238.7016270909379
 51
241.3010552526094
  0
SPLINE
  5
17D
330
70
100
AcDbEntity
  8
Untitled v10_Sketch14
100
AcDbSpline
210
0.0
220
0.0
230
1.0
 70
    12
 71
     5
 72
    86
 73
    80
 74
     0
 42
0.000000001
 43
0.0000000001
 40
0.0
 40
0.0
 40
0.0
 40
0.0
 40
0.0
 40
0.0
 40
0.0133333333333333
 40
0.0266666666666667
 40
0.04
 40
0.0533333333333333
 40
0.0666666666666667
 40
0.08
 40
0.0933333333333334
 40
0.1066666666666667
 40
0.12
 40
0.1333333333333333
 40
0.1466666666666667
 40
0.16
 40
0.1733333333333333
 40
0.1866666666666667
 40
0.2
 40
0.2133333333333333
 40
0.2266666666666667
 40
0.24
 40
0.2533333333333334
 40
0.2666666666666666
 40
0.28
 40
0.2933333333333333
 40
0.3066666666666666
 40
0.3199999999999999
 40
0.3333333333333332
 40
0.3466666666666665
 40
0.3599999999999998
 40
0.3733333333333331
 40
0.3866666666666665
 40
0.3999999999999997
 40
0.4133333333333331
 40
0.4266666666666664
 40
0.4399999999999997
 40
0.453333333333333
 40
0.4666666666666663
 40
0.4799999999999997
 40
0.493333333333333
 40
0.5066666666666663
 40
0.5199999999999996
 40
0.5333333333333329
 40
0.5466666666666662
 40
0.5599999999999996
 40
0.5733333333333328
 40
0.5866666666666661
 40
0.5999999999999995
 40
0.6133333333333328
 40
0.6266666666666661
 40
0.6399999999999994
 40
0.6533333333333326
 40
0.666666666666666
 40
0.6799999999999993
 40
0.6933333333333326
 40
0.706666666666666
 40
0.7199999999999993
 40
0.7333333333333325
 40
0.7466666666666658
 40
0.7599999999999991
 40
0.7733333333333325
 40
0.7866666666666658
 40
0.7999999999999991
 40
0.8133333333333323
 40
0.8266666666666656
 40
0.8399999999999989
 40
0.8533333333333322
 40
0.8666666666666655
 40
0.8799999999999988
 40
0.8933333333333322
 40
0.9066666666666655
 40
0.9199999999999988
 40
0.9333333333333321
 40
0.9466666666666654
 40
0.9599999999999987
 40
0.973333333333332
 40
0.9866666666666652
 40
1.0
 40
1.0
 40
1.0
 40
1.0
 40
1.0
 40
1.0
 10
510.0596307617678
 20
27.35160188590385
 30
0.0
 41
1.0
 10
510.0569454907247
 20
27.36976907432592
 30
0.0
 41
1.0
 10
510.0516914585925
 20
27.40553517941699
 30
0.0
 41
1.0
 10
510.0441599411254
 20
27.45747951685171
 30
0.0
 41
1.0
 10
510.0348171741256
 20
27.52332804897481
 30
0.0
 41
1.0
 10
510.0242986081128
 20
27.59999075988162
 30
0.0
 41
1.0
 10
510.0149211588191
 20
27.67112530137393
 30
0.0
 41
1.0
 10
510.0066459764266
 20
27.73697739131446
 30
0.0
 41
1.0
 10
509.9994063890956
 20
27.79796642930783
 30
0.0
 41
1.0
 10
509.9931021964373
 20
27.85472157088225
 30
0.0
 41
1.0
 10
509.9875888434674
 20
27.90814710769599
 30
0.0
 41
1.0
 10
509.9826864816008
 20
27.95937407481123
 30
0.0
 41
1.0
 10
509.9782047632436
 20
28.00962189685538
 30
0.0
 41
1.0
 10
509.9739635640048
 20
28.0600832741278
 30
0.0
 41
1.0
 10
509.9698143966523
 20
28.11180531364091
 30
0.0
 41
1.0
 10
509.9656638985185
 20
28.16555838965112
 30
0.0
 41
1.0
 10
509.9614892923512
 20
28.22175227463955
 30
0.0
 41
1.0
 10
509.957321125416
 20
28.28054569601235
 30
0.0
 41
1.0
 10
509.9532312567518
 20
28.34192406763577
 30
0.0
 41
1.0
 10
509.9493185139098
 20
28.4057931650797
 30
0.0
 41
1.0
 10
509.9456961359445
 20
28.47205729862111
 30
0.0
 41
1.0
 10
509.9424766006844
 20
28.54072531239371
 30
0.0
 41
1.0
 10
509.9397652685093
 20
28.61191747166643
 30
0.0
 41
1.0
 10
509.9376616118849
 20
28.68578589774795
 30
0.0
 41
1.0
 10
509.9362583179305
 20
28.76245927626801
 30
0.0
 41
1.0
 10
509.935641262262
 20
28.84197737822923
 30
0.0
 41
1.0
 10
509.9358890719485
 20
28.92423033933216
 30
0.0
 41
1.0
 10
509.9370729124516
 20
29.0088945384468
 30
0.0
 41
1.0
 10
509.9392559940548
 20
29.09537297982712
 30
0.0
 41
1.0
 10
509.9424859587636
 20
29.18286984820611
 30
0.0
 41
1.0
 10
509.9467874611296
 20
29.27046131625239
 30
0.0
 41
1.0
 10
509.9521545853241
 20
29.35716770161381
 30
0.0
 41
1.0
 10
509.9585434294039
 20
29.44202464252662
 30
0.0
 41
1.0
 10
509.9658642454918
 20
29.52415541445319
 30
0.0
 41
1.0
 10
509.9739744720493
 20
29.60284113810221
 30
0.0
 41
1.0
 10
509.9826692333005
 20
29.67759670986471
 30
0.0
 41
1.0
 10
509.9917181112902
 20
29.74814816645608
 30
0.0
 41
1.0
 10
510.000905725777
 20
29.81440362709282
 30
0.0
 41
1.0
 10
510.0100694775187
 20
29.87642698291093
 30
0.0
 41
1.0
 10
510.0191418307558
 20
29.93441025737436
 30
0.0
 41
1.0
 10
510.0281830459831
 20
29.98864765350984
 30
0.0
 41
1.0
 10
510.0374380875727
 20
30.0395066561612
 30
0.0
 41
1.0
 10
510.0472454524117
 20
30.08741669827309
 30
0.0
 41
1.0
 10
510.0579091717576
 20
30.13286173026632
 30
0.0
 41
1.0
 10
510.0695756229791
 20
30.17637327822545
 30
0.0
 41
1.0
 10
510.0821252246865
 20
30.21851951288649
 30
0.0
 41
1.0
 10
510.0950148444535
 20
30.25990572822277
 30
0.0
 41
1.0
 10
510.1073389528159
 20
30.30112543291381
 30
0.0
 41
1.0
 10
510.1180270189543
 20
30.34268166385594
 30
0.0
 41
1.0
 10
510.1260030626285
 20
30.3849149637615
 30
0.0
 41
1.0
 10
510.1303529657327
 20
30.42793340044071
 30
0.0
 41
1.0
 10
510.1305085874438
 20
30.47152874825876
 30
0.0
 41
1.0
 10
510.1263039676047
 20
30.51517559397968
 30
0.0
 41
1.0
 10
510.1179782460032
 20
30.55806467980712
 30
0.0
 41
1.0
 10
510.1062026187088
 20
30.59911943615273
 30
0.0
 41
1.0
 10
510.0920842923205
 20
30.63703105347034
 30
0.0
 41
1.0
 10
510.0772172248656
 20
30.67025308064302
 30
0.0
 41
1.0
 10
510.0633066421657
 20
30.69739091414718
 30
0.0
 41
1.0
 10
510.051679980545
 20
30.71771135188015
 30
0.0
 41
1.0
 10
510.0429174479728
 20
30.73150980219111
 30
0.0
 41
1.0
 10
510.0362391282446
 20
30.74078075777272
 30
0.0
 41
1.0
 10
510.0297939719789
 20
30.74875345910705
 30
0.0
 41
1.0
 10
510.0217368598058
 20
30.75843130101621
 30
0.0
 41
1.0
 10
510.0110549885295
 20
30.77145190940772
 30
0.0
 41
1.0
 10
509.9985697419892
 20
30.7867136842313
 30
0.0
 41
1.0
 10
509.9859983539413
 20
30.80171803041583
 30
0.0
 41
1.0
 10
509.9749953290849
 20
30.81394336199541
 30
0.0
 41
1.0
 10
509.9661030390894
 20
30.82234259422751
 30
0.0
 41
1.0
 10
509.9580273994055
 20
30.82839370995238
 30
0.0
 41
1.0
 10
509.9488127886937
 20
30.83454956985101
 30
0.0
 41
1.0
 10
509.9366719962815
 20
30.84315117521708
 30
0.0
 41
1.0
 10
509.9211769268586
 20
30.85487071598091
 30
0.0
 41
1.0
 10
509.9032507348253
 20
30.86869243865618
 30
0.0
 41
1.0
 10
509.8844228949082
 20
30.88283380932733
 30
0.0
 41
1.0
 10
509.8663474939688
 20
30.89533355736162
 30
0.0
 41
1.0
 10
509.8501108681875
 20
30.90490138970235
 30
0.0
 41
1.0
 10
509.8390061816975
 20
30.90971974398798
 30
0.0
 41
1.0
 10
509.8318185667395
 20
30.91164259606664
 30
0.0
 41
1.0
 10
509.8275332753271
 20
30.91217376491521
 30
0.0
 41
1.0
 10
509.8255172695744
 20
30.91225163350749
 30
0.0
 41
1.0
  0
ARC
  5
17E
330
70
100
AcDbEntity
  8
Untitled v10_Sketch14
100
AcDbCircle
 10
518.0389882802863
 20
50.3767417004447
 30
0.0
 40
24.37862958253658
100
AcDbArc
 50
262.7016270909378
 51
265.3010552526096
  0
ARC
  5
17F
330
70
100
AcDbEntity
  8
Untitled v10_Sketch14
100
AcDbCircle
 10
518.0000077188014
 20
50.00000074505805
 30
0.0
 40
20.76450000000004
100
AcDbArc
 50
65.07480490333289
 51
66.9401844267714
  0
ARC
  5
180
330
70
100
AcDbEntity
  8
Untitled v10_Sketch14
100
AcDbCircle
 10
518.0000077188014
 20
50.00000074505805
 30
0.0
 40
20.76450000000005
100
AcDbArc
 50
41.07480490333499
 51
42.94018442676857
  0
ARC
  5
181
330
70
100
AcDbEntity
  8
Untitled v10_Sketch14
100
AcDbCircle
 10
518.0000077188014
 20
50.00000074505805
 30
0.0
 40
20.76450000000003
100
AcDbArc
 50
29.07480490333794
 51
30.9401844267705
  0
SPLINE
  5
182
330
70
100
AcDbEntity
  8
Untitled v10_Sketch14
100
AcDbSpline
210
0.0
220
0.0
230
1.0
 70
    12
 71
     5
 72
   156
 73
   150
 74
     0
 42
0.000000001
 43
0.0000000001
 40
0.0
 40
0.0
 40
0.0
 40
0.0
 40
0.0
 40
0.0
 40
0.0068965517241379
 40
0.0137931034482759
 40
0.0206896551724138
 40
0.0275862068965517
 40
0.0344827586206897
 40
0.0413793103448276
 40
0.0482758620689655
 40
0.0551724137931035
 40
0.0620689655172414
 40
0.0689655172413793
 40
0.0758620689655173
 40
0.0827586206896552
 40
0.0896551724137931
 40
0.0965517241379311
 40
0.103448275862069
 40
0.1103448275862069
 40
0.1172413793103448
 40
0.1241379310344828
 40
0.1310344827586207
 40
0.1379310344827586
 40
0.1448275862068966
 40
0.1517241379310345
 40
0.1586206896551725
 40
0.1655172413793104
 40
0.1724137931034483
 40
0.1793103448275863
 40
0.1862068965517242
 40
0.1931034482758622
 40
0.2000000000000001
 40
0.2068965517241381
 40
0.213793103448276
 40
0.220689655172414
 40
0.2275862068965519
 40
0.2344827586206899
 40
0.2413793103448278
 40
0.2482758620689657
 40
0.2551724137931037
 40
0.2620689655172416
 40
0.2689655172413796
 40
0.2758620689655175
 40
0.2827586206896555
 40
0.2896551724137934
 40
0.2965517241379314
 40
0.3034482758620693
 40
0.3103448275862072
 40
0.3172413793103452
 40
0.3241379310344831
 40
0.3310344827586211
 40
0.337931034482759
 40
0.344827586206897
 40
0.3517241379310349
 40
0.3586206896551729
 40
0.3655172413793108
 40
0.3724137931034487
 40
0.3793103448275867
 40
0.3862068965517246
 40
0.3931034482758626
 40
0.4000000000000006
 40
0.4068965517241385
 40
0.4137931034482765
 40
0.4206896551724144
 40
0.4275862068965524
 40
0.4344827586206903
 40
0.4413793103448282
 40
0.4482758620689661
 40
0.4551724137931041
 40
0.462068965517242
 40
0.46896551724138
 40
0.4758620689655179
 40
0.4827586206896559
 40
0.4896551724137938
 40
0.4965517241379318
 40
0.5034482758620697
 40
0.5103448275862076
 40
0.5172413793103456
 40
0.5241379310344835
 40
0.5310344827586215
 40
0.5379310344827594
 40
0.5448275862068974
 40
0.5517241379310353
 40
0.5586206896551733
 40
0.5655172413793112
 40
0.5724137931034491
 40
0.579310344827587
 40
0.586206896551725
 40
0.5931034482758629
 40
0.6000000000000009
 40
0.6068965517241388
 40
0.6137931034482768
 40
0.6206896551724147
 40
0.6275862068965527
 40
0.6344827586206906
 40
0.6413793103448286
 40
0.6482758620689665
 40
0.6551724137931045
 40
0.6620689655172424
 40
0.6689655172413804
 40
0.6758620689655183
 40
0.6827586206896563
 40
0.6896551724137942
 40
0.6965517241379322
 40
0.7034482758620701
 40
0.710344827586208
 40
0.7172413793103459
 40
0.7241379310344839
 40
0.7310344827586218
 40
0.7379310344827598
 40
0.7448275862068977
 40
0.7517241379310357
 40
0.7586206896551736
 40
0.7655172413793116
 40
0.7724137931034495
 40
0.7793103448275875
 40
0.7862068965517254
 40
0.7931034482758634
 40
0.8000000000000012
 40
0.8068965517241391
 40
0.8137931034482772
 40
0.8206896551724151
 40
0.827586206896553
 40
0.8344827586206909
 40
0.841379310344829
 40
0.8482758620689669
 40
0.8551724137931048
 40
0.8620689655172427
 40
0.8689655172413807
 40
0.8758620689655186
 40
0.8827586206896565
 40
0.8896551724137944
 40
0.8965517241379325
 40
0.9034482758620704
 40
0.9103448275862083
 40
0.9172413793103462
 40
0.9241379310344843
 40
0.9310344827586222
 40
0.9379310344827601
 40
0.944827586206898
 40
0.9517241379310361
 40
0.958620689655174
 40
0.9655172413793119
 40
0.9724137931034498
 40
0.9793103448275878
 40
0.9862068965517257
 40
0.9931034482758636
 40
1.0
 40
1.0
 40
1.0
 40
1.0
 40
1.0
 40
1.0
 10
518.2453926015964
 20
70.76305077411922
 30
0.0
 41
1.0
 10
518.2489635479602
 20
70.76221470453578
 30
0.0
 41
1.0
 10
518.2563502864704
 20
70.76073909490237
 30
0.0
 41
1.0
 10
518.2681649386163
 20
70.75911527125661
 30
0.0
 41
1.0
 10
518.2853869497228
 20
70.75812942686749
 30
0.0
 41
1.0
 10
518.3092952445021
 20
70.75884032168559
 30
0.0
 41
1.0
 10
518.3353786658033
 20
70.76142647388384
 30
0.0
 41
1.0
 10
518.3632270013654
 20
70.76575192269181
 30
0.0
 41
1.0
 10
518.3921513216871
 20
70.7715880487354
 30
0.0
 41
1.0
 10
518.4211303271935
 20
70.77859536622487
 30
0.0
 41
1.0
 10
518.4490246831647
 20
70.78638965381229
 30
0.0
 41
1.0
 10
518.4747689249708
 20
70.79460093920276
 30
0.0
 41
1.0
 10
518.4975812508221
 20
70.80293831374563
 30
0.0
 41
1.0
 10
518.5171442501839
 20
70.81124511694257
 30
0.0
 41
1.0
 10
518.5338547119222
 20
70.81957714667346
 30
0.0
 41
1.0
 10
518.5485868393763
 20
70.82811627289789
 30
0.0
 41
1.0
 10
518.5623233161719
 20
70.83703659216128
 30
0.0
 41
1.0
 10
518.5758648106481
 20
70.84640300299418
 30
0.0
 41
1.0
 10
518.5894288541011
 20
70.85601826122573
 30
0.0
 41
1.0
 10
518.6025631629536
 20
70.8654227023157
 30
0.0
 41
1.0
 10
518.6146130998444
 20
70.87416888298927
 30
0.0
 41
1.0
 10
518.625047835939
 20
70.88202192790551
 30
0.0
 41
1.0
 10
518.6338817916672
 20
70.88921792167038
 30
0.0
 41
1.0
 10
518.6419411881088
 20
70.89661398388677
 30
0.0
 41
1.0
 10
518.6503548284362
 20
70.90526427009965
 30
0.0
 41
1.0
 10
518.6601579065902
 20
70.91608297966039
 30
0.0
 41
1.0
 10
518.6718054377717
 20
70.92943347094861
 30
0.0
 41
1.0
 10
518.684862234372
 20
70.94486770407013
 30
0.0
 41
1.0
 10
518.6984023818212
 20
70.96147891259338
 30
0.0
 41
1.0
 10
518.711327036519
 20
70.97818218238998
 30
0.0
 41
1.0
 10
518.7226836430247
 20
70.99399948406812
 30
0.0
 41
1.0
 10
518.7320591120758
 20
71.00840065629991
 30
0.0
 41
1.0
 10
518.7395886918229
 20
71.02134874873882
 30
0.0
 41
1.0
 10
518.7457176006095
 20
71.03316113223229
 30
0.0
 41
1.0
 10
518.751046806758
 20
71.04442291889842
 30
0.0
 41
1.0
 10
518.7561239664695
 20
71.05588809086566
 30
0.0
 41
1.0
 10
518.7613277502378
 20
71.06835150994145
 30
0.0
 41
1.0
 10
518.7668650420935
 20
71.08243820883261
 30
0.0
 41
1.0
 10
518.7727491402206
 20
71.09843547909718
 30
0.0
 41
1.0
 10
518.7787708897017
 20
71.11605776625137
 30
0.0
 41
1.0
 10
518.7845185383072
 20
71.13439648467885
 30
0.0
 41
1.0
 10
518.7895395726322
 20
71.15235221567743
 30
0.0
 41
1.0
 10
518.7934815797705
 20
71.16899232656459
 30
0.0
 41
1.0
 10
518.7962294912702
 20
71.18390861601385
 30
0.0
 41
1.0
 10
518.7980757286855
 20
71.19765217207221
 30
0.0
 41
1.0
 10
518.799568153657
 20
71.21137770415488
 30
0.0
 41
1.0
 10
518.8012884101608
 20
71.22631744756692
 30
0.0
 41
1.0
 10
518.8036756381992
 20
71.24336377371325
 30
0.0
 41
1.0
 10
518.8067795774427
 20
71.26248590728939
 30
0.0
 41
1.0
 10
518.8103173762025
 20
71.28285502278747
 30
0.0
 41
1.0
 10
518.8138717637269
 20
71.30329748909256
 30
0.0
 41
1.0
 10
518.8170402580322
 20
71.32263626743955
 30
0.0
 41
1.0
 10
518.8196144520779
 20
71.34009730093817
 30
0.0
 41
1.0
 10
518.8217184421327
 20
71.35563465157365
 30
0.0
 41
1.0
 10
518.8236647731083
 20
71.36971047047504
 30
0.0
 41
1.0
 10
518.8258314732602
 20
71.38311877454994
 30
0.0
 41
1.0
 10
518.8285359495693
 20
71.39679482312903
 30
0.0
 41
1.0
 10
518.8318975666362
 20
71.41162564218906
 30
0.0
 41
1.0
 10
518.8358730373964
 20
71.42830154114675
 30
0.0
 41
1.0
 10
518.8403143145818
 20
71.44715832019736
 30
0.0
 41
1.0
 10
518.845015122267
 20
71.46805216771899
 30
0.0
 41
1.0
 10
518.8497700734428
 20
71.4901495962798
 30
0.0
 41
1.0
 10
518.8543961718802
 20
71.51204749634911
 30
0.0
 41
1.0
 10
518.8587249554061
 20
71.53217241699431
 30
0.0
 41
1.0
 10
518.8626013631992
 20
71.54910538010878
 30
0.0
 41
1.0
 10
518.8658831136528
 20
71.56192742211638
 30
0.0
 41
1.0
 10
518.8684315065469
 20
71.5705830057812
 30
0.0
 41
1.0
 10
518.8702005026843
 20
71.57582910912079
 30
0.0
 41
1.0
 10
518.8713232459646
 20
71.57911692256451
 30
0.0
 41
1.0
 10
518.8722255663409
 20
71.58253798087073
 30
0.0
 41
1.0
 10
518.8736473993649
 20
71.58861671489583
 30
0.0
 41
1.0
 10
518.8763185441989
 20
71.59951534497598
 30
0.0
 41
1.0
 10
518.880728131735
 20
71.61643869426876
 30
0.0
 41
1.0
 10
518.8867774487909
 20
71.638730950427
 30
0.0
 41
1.0
 10
518.8938353761291
 20
71.66411757017225
 30
0.0
 41
1.0
 10
518.9010478514038
 20
71.68967904378954
 30
0.0
 41
1.0
 10
518.9075845457375
 20
71.71264778219654
 30
0.0
 41
1.0
 10
518.9128842646685
 20
71.73118934664973
 30
0.0
 41
1.0
 10
518.9169697137998
 20
71.74541501764157
 30
0.0
 41
1.0
 10
518.9203518081395
 20
71.75705233835263
 30
0.0
 41
1.0
 10
518.9237342139985
 20
71.76846381353465
 30
0.0
 41
1.0
 10
518.9278044901791
 20
71.78194919852325
 30
0.0
 41
1.0
 10
518.9329360309577
 20
71.79875367265116
 30
0.0
 41
1.0
 10
518.9391531703709
 20
71.81894726019724
 30
0.0
 41
1.0
 10
518.9462897022901
 20
71.84194557244044
 30
0.0
 41
1.0
 10
518.9540956044061
 20
71.86685830982501
 30
0.0
 41
1.0
 10
518.9623580324431
 20
71.8928862761037
 30
0.0
 41
1.0
 10
518.9710342878738
 20
71.91975497767356
 30
0.0
 41
1.0
 10
518.9802211792517
 20
71.94762962348417
 30
0.0
 41
1.0
 10
518.9900901278991
 20
71.97692096510781
 30
0.0
 41
1.0
 10
519.0008330693106
 20
72.00812593320415
 30
0.0
 41
1.0
 10
519.012606616012
 20
72.04166173551548
 30
0.0
 41
1.0
 10
519.025470279082
 20
72.07768346407812
 30
0.0
 41
1.0
 10
519.0393480574797
 20
72.11596888715217
 30
0.0
 41
1.0
 10
519.0540710087072
 20
72.15603722620425
 30
0.0
 41
1.0
 10
519.0694064709352
 20
72.19722927361314
 30
0.0
 41
1.0
 10
519.0850920350306
 20
72.23880140261906
 30
0.0
 41
1.0
 10
519.1008685761424
 20
72.28001649702759
 30
0.0
 41
1.0
 10
519.1165111230366
 20
72.32022947144765
 30
0.0
 41
1.0
 10
519.1318670112596
 20
72.3589917863478
 30
0.0
 41
1.0
 10
519.1468656182642
 20
72.39608147917654
 30
0.0
 41
1.0
 10
519.1615001652966
 20
72.43145998849557
 30
0.0
 41
1.0
 10
519.1758171761518
 20
72.46524894593338
 30
0.0
 41
1.0
 10
519.1899028195519
 20
72.49769908040005
 30
0.0
 41
1.0
 10
519.203870607947
 20
72.52916202911134
 30
0.0
 41
1.0
 10
519.2178485065723
 20
72.56006217319238
 30
0.0
 41
1.0
 10
519.2319663443903
 20
72.59086476269001
 30
0.0
 41
1.0
 10
519.2463431523308
 20
72.62201915675439
 30
0.0
 41
1.0
 10
519.2610746987887
 20
72.6539058624692
 30
0.0
 41
1.0
 10
519.2762206173321
 20
72.68678076236141
 30
0.0
 41
1.0
 10
519.2917924344418
 20
72.72072351107017
 30
0.0
 41
1.0
 10
519.3077394398847
 20
72.75557692240806
 30
0.0
 41
1.0
 10
519.3239406412325
 20
72.79091127665073
 30
0.0
 41
1.0
 10
519.3402353599225
 20
72.82614619457302
 30
0.0
 41
1.0
 10
519.3564497270004
 20
72.86065584746085
 30
0.0
 41
1.0
 10
519.3724244245198
 20
72.89387914617015
 30
0.0
 41
1.0
 10
519.3880426451296
 20
72.92543104992744
 30
0.0
 41
1.0
 10
519.4032562146855
 20
72.95520585207296
 30
0.0
 41
1.0
 10
519.4181171981003
 20
72.9835042059899
 30
0.0
 41
1.0
 10
519.4327508790787
 20
73.01090701996462
 30
0.0
 41
1.0
 10
519.4473215897899
 20
73.03811876755488
 30
0.0
 41
1.0
 10
519.4620004951794
 20
73.06581858513557
 30
0.0
 41
1.0
 10
519.4769339054049
 20
73.09451511516191
 30
0.0
 41
1.0
 10
519.4922081487353
 20
73.12438297012866
 30
0.0
 41
1.0
 10
519.5078255500105
 20
73.15515732836718
 30
0.0
 41
1.0
 10
519.5237377997216
 20
73.18632894302172
 30
0.0
 41
1.0
 10
519.5398715187235
 20
73.21729762346688
 30
0.0
 41
1.0
 10
519.5561575237481
 20
73.24754680609988
 30
0.0
 41
1.0
 10
519.5725569590783
 20
73.27679769851425
 30
0.0
 41
1.0
 10
519.5890924927739
 20
73.30519980347891
 30
0.0
 41
1.0
 10
519.6058663084259
 20
73.33341882225649
 30
0.0
 41
1.0
 10
519.623046060112
 20
73.3623666974626
 30
0.0
 41
1.0
 10
519.6408465060578
 20
73.39301107404143
 30
0.0
 41
1.0
 10
519.6595329073566
 20
73.42611210715848
 30
0.0
 41
1.0
 10
519.6793692031381
 20
73.46208526182659
 30
0.0
 41
1.0
 10
519.7007011184547
 20
73.50058017624864
 30
0.0
 41
1.0
 10
519.7236133724593
 20
73.54093448613887
 30
0.0
 41
1.0
 10
519.7478846339574
 20
73.58246631859
 30
0.0
 41
1.0
 10
519.7731042414625
 20
73.62441407056858
 30
0.0
 41
1.0
 10
519.7987224067266
 20
73.66602013387439
 30
0.0
 41
1.0
 10
519.8241286364122
 20
73.70655281026635
 30
0.0
 41
1.0
 10
519.8487185320178
 20
73.74535521855347
 30
0.0
 41
1.0
 10
519.8719642872361
 20
73.7818816874034
 30
0.0
 41
1.0
 10
519.8934871569397
 20
73.81574205697271
 30
0.0
 41
1.0
 10
519.9130358594446
 20
73.84667720957906
 30
0.0
 41
1.0
 10
519.9304597742497
 20
73.87453216775357
 30
0.0
 41
1.0
 10
519.9426392359403
 20
73.89429047792491
 30
0.0
 41
1.0
 10
519.9507729342578
 20
73.90767721188433
 30
0.0
 41
1.0
 10
519.955750593023
 20
73.9159653076039
 30
0.0
 41
1.0
 10
519.9581282205772
 20
73.91995025700982
 30
0.0
 41
1.0
  0
ARC
  5
183
330
70
100
AcDbEntity
  8
Untitled v10_Sketch14
100
AcDbCircle
 10
518.0000077188014
 20
50.00000074505805
 30
0.0
 40
20.76450000000008
100
AcDbArc
 50
5.074804903335412
 51
6.940184426771174
  0
ARC
  5
184
330
70
100
AcDbEntity
  8
Untitled v10_Sketch14
100
AcDbCircle
 10
518.306063897085
 20
50.22312144641446
 30
0.0
 40
24.3786295825366
100
AcDbArc
 50
214.7016270909379
 51
217.3010552526095
  0
ARC
  5
185
330
70
100
AcDbEntity
  8
Untitled v10_Sketch14
100
AcDbCircle
 10
518.0000077188014
 20
50.00000074505805
 30
0.0
 40
20.76450000000009
100
AcDbArc
 50
329.0748049033354
 51
330.9401844267709
  0
ARC
  5
186
330
70
100
AcDbEntity
  8
Untitled v10_Sketch14
100
AcDbCircle
 10
518.0000077188014
 20
50.00000074505805
 30
0.0
 40
20.76449999999993
100
AcDbArc
 50
317.0748049033388
 51
318.9401844267739
  0
SPLINE
  5
187
330
70
100
AcDbEntity
  8
Untitled v10_Sketch14
100
AcDbSpline
210
0.0
220
0.0
230
1.0
 70
    12
 71
     5
 72
   156
 73
   150
 74
     0
 42
0.000000001
 43
0.0000000001
 40
0.0
 40
0.0
 40
0.0
 40
0.0
 40
0.0
 40
0.0
 40
0.0068965517241379
 40
0.0137931034482759
 40
0.0206896551724138
 40
0.0275862068965517
 40
0.0344827586206897
 40
0.0413793103448276
 40
0.0482758620689655
 40
0.0551724137931035
 40
0.0620689655172414
 40
0.0689655172413793
 40
0.0758620689655173
 40
0.0827586206896552
 40
0.0896551724137931
 40
0.0965517241379311
 40
0.103448275862069
 40
0.1103448275862069
 40
0.1172413793103448
 40
0.1241379310344828
 40
0.1310344827586207
 40
0.1379310344827586
 40
0.1448275862068966
 40
0.1517241379310345
 40
0.1586206896551725
 40
0.1655172413793104
 40
0.1724137931034483
 40
0.1793103448275863
 40
0.1862068965517242
 40
0.1931034482758622
 40
0.2000000000000001
 40
0.2068965517241381
 40
0.213793103448276
 40
0.220689655172414
 40
0.2275862068965519
 40
0.2344827586206899
 40
0.2413793103448278
 40
0.2482758620689657
 40
0.2551724137931037
 40
0.2620689655172416
 40
0.2689655172413796
 40
0.2758620689655175
 40
0.2827586206896555
 40
0.2896551724137934
 40
0.2965517241379314
 40
0.3034482758620693
 40
0.3103448275862072
 40
0.3172413793103452
 40
0.3241379310344831
 40
0.3310344827586211
 40
0.337931034482759
 40
0.344827586206897
 40
0.3517241379310349
 40
0.3586206896551729
 40
0.3655172413793108
 40
0.3724137931034487
 40
0.3793103448275867
 40
0.3862068965517246
 40
0.3931034482758626
 40
0.4000000000000006
 40
0.4068965517241385
 40
0.4137931034482765
 40
0.4206896551724144
 40
0.4275862068965524
 40
0.4344827586206903
 40
0.4413793103448282
 40
0.4482758620689661
 40
0.4551724137931041
 40
0.462068965517242
 40
0.46896551724138
 40
0.4758620689655179
 40
0.4827586206896559
 40
0.4896551724137938
 40
0.4965517241379318
 40
0.5034482758620697
 40
0.5103448275862076
 40
0.5172413793103456
 40
0.5241379310344835
 40
0.5310344827586215
 40
0.5379310344827594
 40
0.5448275862068974
 40
0.5517241379310353
 40
0.5586206896551733
 40
0.5655172413793112
 40
0.5724137931034491
 40
0.579310344827587
 40
0.586206896551725
 40
0.5931034482758629
 40
0.6000000000000009
 40
0.6068965517241388
 40
0.6137931034482768
 40
0.6206896551724147
 40
0.6275862068965527
 40
0.6344827586206906
 40
0.6413793103448286
 40
0.6482758620689665
 40
0.6551724137931045
 40
0.6620689655172424
 40
0.6689655172413804
 40
0.6758620689655183
 40
0.6827586206896563
 40
0.6896551724137942
 40
0.6965517241379322
 40
0.7034482758620701
 40
0.710344827586208
 40
0.7172413793103459
 40
0.7241379310344839
 40
0.7310344827586218
 40
0.7379310344827598
 40
0.7448275862068977
 40
0.7517241379310357
 40
0.7586206896551736
 40
0.7655172413793116
 40
0.7724137931034495
 40
0.7793103448275875
 40
0.7862068965517254
 40
0.7931034482758634
 40
0.8000000000000012
 40
0.8068965517241391
 40
0.8137931034482772
 40
0.8206896551724151
 40
0.827586206896553
 40
0.8344827586206909
 40
0.841379310344829
 40
0.8482758620689669
 40
0.8551724137931048
 40
0.8620689655172427
 40
0.8689655172413807
 40
0.8758620689655186
 40
0.8827586206896565
 40
0.8896551724137944
 40
0.8965517241379325
 40
0.9034482758620704
 40
0.9103448275862083
 40
0.9172413793103462
 40
0.9241379310344843
 40
0.9310344827586222
 40
0.9379310344827601
 40
0.944827586206898
 40
0.9517241379310361
 40
0.958620689655174
 40
0.9655172413793119
 40
0.9724137931034498
 40
0.9793103448275878
 40
0.9862068965517257
 40
0.9931034482758636
 40
1.0
 40
1.0
 40
1.0
 40
1.0
 40
1.0
 40
1.0
 10
499.8959864921898
 20
39.83098527273256
 30
0.0
 41
1.0
 10
499.8949250765065
 20
39.83449583779084
 30
0.0
 41
1.0
 10
499.8925096226799
 20
39.84163074580849
 30
0.0
 41
1.0
 10
499.8880085691355
 20
39.85267444652663
 30
0.0
 41
1.0
 10
499.8802513298675
 20
39.86808206784367
 30
0.0
 41
1.0
 10
499.8676815295058
 20
39.88843181107469
 30
0.0
 41
1.0
 10
499.8524001453535
 20
39.90972764043995
 30
0.0
 41
1.0
 10
499.8347300290221
 20
39.93168228208574
 30
0.0
 41
1.0
 10
499.8152136354478
 20
39.9538134152499
 30
0.0
 41
1.0
 10
499.7946556177363
 20
39.97540631145007
 30
0.0
 41
1.0
 10
499.7739583886954
 20
39.99566638854979
 30
0.0
 41
1.0
 10
499.7539750860466
 20
40.01385591325963
 30
0.0
 41
1.0
 10
499.7353485449661
 20
40.02944327969487
 30
0.0
 41
1.0
 10
499.7183731426924
 20
40.04223193251789
 30
0.0
 41
1.0
 10
499.7028021624112
 20
40.0525376020267
 30
0.0
 41
1.0
 10
499.6880409984476
 20
40.06102643554157
 30
0.0
 41
1.0
 10
499.6734475369579
 20
40.06846241377338
 30
0.0
 41
1.0
 10
499.6585652399963
 20
40.07550648657847
 30
0.0
 41
1.0
 10
499.6434561603772
 20
40.0824456636711
 30
0.0
 41
1.0
 10
499.6287445210587
 20
40.08911808825359
 30
0.0
 41
1.0
 10
499.6151451379638
 20
40.09518054937821
 30
0.0
 41
1.0
 10
499.603126833522
 20
40.1002907734599
 30
0.0
 41
1.0
 10
499.592477942252
 20
40.10434320665389
 30
0.0
 41
1.0
 10
499.5820430662639
 20
40.1076248176033
 30
0.0
 41
1.0
 10
499.5703448784898
 20
40.11058610075878
 30
0.0
 41
1.0
 10
499.556074062097
 20
40.11366646069497
 30
0.0
 41
1.0
 10
499.5386884318977
 20
40.11707827294536
 30
0.0
 41
1.0
 10
499.5187935956265
 20
40.12066867393244
 30
0.0
 41
1.0
 10
499.4976377933331
 20
40.12408918133303
 30
0.0
 41
1.0
 10
499.4767100100141
 20
40.12693062573802
 30
0.0
 41
1.0
 10
499.4573335216887
 20
40.12885708463379
 30
0.0
 41
1.0
 10
499.4401740061661
 20
40.12977589288844
 30
0.0
 41
1.0
 10
499.42519583931
 20
40.12982265400971
 30
0.0
 41
1.0
 10
499.4119015607321
 20
40.1292242529697
 30
0.0
 41
1.0
 10
499.3994839643129
 20
40.12820858754324
 30
0.0
 41
1.0
 10
499.3870162542748
 20
40.12687295084887
 30
0.0
 41
1.0
 10
499.373620724853
 20
40.12514785025011
 30
0.0
 41
1.0
 10
499.3586526398299
 20
40.12289993621976
 30
0.0
 41
1.0
 10
499.3418565483262
 20
40.1199970795438
 30
0.0
 41
1.0
 10
499.3235843252373
 20
40.11640092399261
 30
0.0
 41
1.0
 10
499.3048287049033
 20
40.11220917448333
 30
0.0
 41
1.0
 10
499.2867680685526
 20
40.10757965226282
 30
0.0
 41
1.0
 10
499.2703863062334
 20
40.10267347514279
 30
0.0
 41
1.0
 10
499.2560944648903
 20
40.09759509158435
 30
0.0
 41
1.0
 10
499.2432690774977
 20
40.09232220205824
 30
0.0
 41
1.0
 10
499.2306362055479
 20
40.08675191395539
 30
0.0
 41
1.0
 10
499.2168378799752
 20
40.08077182808271
 30
0.0
 41
1.0
 10
499.2008817144721
 20
40.07431606513549
 30
0.0
 41
1.0
 10
499.182769491399
 20
40.06744308858401
 30
0.0
 41
1.0
 10
499.1633604205449
 20
40.06032235443448
 30
0.0
 41
1.0
 10
499.1438795316465
 20
40.05317931117303
 30
0.0
 41
1.0
 10
499.1255474111673
 20
40.0462539185596
 30
0.0
 41
1.0
 10
499.1091386155583
 20
40.03975271924815
 30
0.0
 41
1.0
 10
499.094630880173
 20
40.03380615276718
 30
0.0
 41
1.0
 10
499.0814676979375
 20
40.02845381538548
 30
0.0
 41
1.0
 10
499.0687724159112
 20
40.02362608072196
 30
0.0
 41
1.0
 10
499.0555763722637
 20
40.01913020162
 30
0.0
 41
1.0
 10
499.0410516976653
 20
40.01462603786777
 30
0.0
 41
1.0
 10
499.0246222101569
 20
40.00973094705926
 30
0.0
 41
1.0
 10
499.0060711218728
 20
40.00414881640175
 30
0.0
 41
1.0
 10
498.9856261152937
 20
39.9977729115146
 30
0.0
 41
1.0
 10
498.9641117052139
 20
39.99084210574622
 30
0.0
 41
1.0
 10
498.9428345182455
 20
39.98389947447883
 30
0.0
 41
1.0
 10
498.9232414339547
 20
39.97758585065711
 30
0.0
 41
1.0
 10
498.9066388538397
 20
39.97247643672409
 30
0.0
 41
1.0
 10
498.8938937645059
 20
39.96890749498199
 30
0.0
 41
1.0
 10
498.8851236127206
 20
39.96678667613466
 30
0.0
 41
1.0
 10
498.8796958558889
 20
39.96569562005909
 30
0.0
 41
1.0
 10
498.8762871542835
 20
39.96502403754
 30
0.0
 41
1.0
 10
498.8728732706944
 20
39.96409494075507
 30
0.0
 41
1.0
 10
498.8668980160938
 20
39.96228691726117
 30
0.0
 41
1.0
 10
498.856123953161
 20
39.95915088150454
 30
0.0
 41
1.0
 10
498.8392631089882
 20
39.95450802168463
 30
0.0
 41
1.0
 10
498.8169327903196
 20
39.94860075585137
 30
0.0
 41
1.0
 10
498.7914183690349
 20
39.94201979035175
 30
0.0
 41
1.0
 10
498.7656752458867
 20
39.93548524035525
 30
0.0
 41
1.0
 10
498.7425153877666
 20
39.92966181450143
 30
0.0
 41
1.0
 10
498.7238080624587
 20
39.92498072350216
 30
0.0
 41
1.0
 10
498.7094455454283
 20
39.92140599073977
 30
0.0
 41
1.0
 10
498.6976762828907
 20
39.91851631000031
 30
0.0
 41
1.0
 10
498.6861024525587
 20
39.91573982180924
 30
0.0
 41
1.0
 10
498.6723886284886
 20
39.91252209188765
 30
0.0
 41
1.0
 10
498.6552697566073
 20
39.90856389949862
 30
0.0
 41
1.0
 10
498.6346730270923
 20
39.90385130639616
 30
0.0
 41
1.0
 10
498.6111876384859
 20
39.89853256821156
 30
0.0
 41
1.0
 10
498.585709623975
 20
39.89283630905113
 30
0.0
 41
1.0
 10
498.5590375299503
 20
39.88697779848884
 30
0.0
 41
1.0
 10
498.5314304241087
 20
39.88105730531657
 30
0.0
 41
1.0
 10
498.5026968270262
 20
39.87507606372645
 30
0.0
 41
1.0
 10
498.4723953067457
 20
39.86897715315187
 30
0.0
 41
1.0
 10
498.4399995409443
 20
39.8626783292773
 30
0.0
 41
1.0
 10
498.4050699108556
 20
39.8561066186577
 30
0.0
 41
1.0
 10
498.3674423472972
 20
39.84923601338075
 30
0.0
 41
1.0
 10
498.3273473091214
 20
39.84211181048423
 30
0.0
 41
1.0
 10
498.2852856340013
 20
39.83482809073983
 30
0.0
 41
1.0
 10
498.2419445433973
 20
39.82751296690367
 30
0.0
 41
1.0
 10
498.1980992415412
 20
39.82031099937998
 30
0.0
 41
1.0
 10
498.154517652208
 20
39.8133663375625
 30
0.0
 41
1.0
 10
498.1118709213514
 20
39.80680669334262
 30
0.0
 41
1.0
 10
498.0706238278269
 20
39.80072412519142
 30
0.0
 41
1.0
 10
498.0310039081161
 20
39.79516845346445
 30
0.0
 41
1.0
 10
497.9930479467817
 20
39.79015308830782
 30
0.0
 41
1.0
 10
497.9566273458456
 20
39.78565750469578
 30
0.0
 41
1.0
 10
497.9214818833412
 20
39.78163096247556
 30
0.0
 41
1.0
 10
497.8872502762818
 20
39.77799594770474
 30
0.0
 41
1.0
 10
497.8535010172143
 20
39.77465109096528
 30
0.0
 41
1.0
 10
497.819766273298
 20
39.77147620241339
 30
0.0
 41
1.0
 10
497.7855973726285
 20
39.76834968628296
 30
0.0
 41
1.0
 10
497.7506169022075
 20
39.76516422689514
 30
0.0
 41
1.0
 10
497.7145734444824
 20
39.76184352717126
 30
0.0
 41
1.0
 10
497.6773922532713
 20
39.75835774201691
 30
0.0
 41
1.0
 10
497.6392348109227
 20
39.75474154817576
 30
0.0
 41
1.0
 10
497.6005337618484
 20
39.75110502299344
 30
0.0
 41
1.0
 10
497.5618720684825
 20
39.74759920436533
 30
0.0
 41
1.0
 10
497.5238786488668
 20
39.74438643171716
 30
0.0
 41
1.0
 10
497.4871190794273
 20
39.74160927623224
 30
0.0
 41
1.0
 10
497.4519852189309
 20
39.73935910016351
 30
0.0
 41
1.0
 10
497.4185926991022
 20
39.7376470368085
 30
0.0
 41
1.0
 10
497.3866551140176
 20
39.73636784901231
 30
0.0
 41
1.0
 10
497.355606740491
 20
39.7353395815032
 30
0.0
 41
1.0
 10
497.3247553204409
 20
39.73435231333525
 30
0.0
 41
1.0
 10
497.2934271220411
 20
39.73321470951184
 30
0.0
 41
1.0
 10
497.2611084929251
 20
39.73179915711917
 30
0.0
 41
1.0
 10
497.2276050501021
 20
39.7300931123835
 30
0.0
 41
1.0
 10
497.1931449734448
 20
39.72823099950965
 30
0.0
 41
1.0
 10
497.1581934384214
 20
39.72642560466347
 30
0.0
 41
1.0
 10
497.1233069149333
 20
39.72491347495421
 30
0.0
 41
1.0
 10
497.0889673518171
 20
39.72389297771507
 30
0.0
 41
1.0
 10
497.0554356182377
 20
39.72346985911166
 30
0.0
 41
1.0
 10
497.0225709069695
 20
39.72358899887482
 30
0.0
 41
1.0
 10
496.9897456120123
 20
39.72400603995901
 30
0.0
 41
1.0
 10
496.9560861408552
 20
39.72441020374681
 30
0.0
 41
1.0
 10
496.9206471092819
 20
39.72450365384517
 30
0.0
 41
1.0
 10
496.8826375730617
 20
39.72413603551672
 30
0.0
 41
1.0
 10
496.841565759374
 20
39.72332819424658
 30
0.0
 41
1.0
 10
496.7975622279098
 20
39.72255471761087
 30
0.0
 41
1.0
 10
496.7511582433904
 20
39.72222015669168
 30
0.0
 41
1.0
 10
496.7030549906729
 20
39.72247376950548
 30
0.0
 41
1.0
 10
496.6541173680752
 20
39.72334071428911
 30
0.0
 41
1.0
 10
496.6052763776689
 20
39.72472366455321
 30
0.0
 41
1.0
 10
496.5574709353872
 20
39.72645976667941
 30
0.0
 41
1.0
 10
496.5115721162797
 20
39.72835403680669
 30
0.0
 41
1.0
 10
496.4683163887361
 20
39.73022221693085
 30
0.0
 41
1.0
 10
496.4282310136558
 20
39.7319313840719
 30
0.0
 41
1.0
 10
496.3916660343762
 20
39.73339348074908
 30
0.0
 41
1.0
 10
496.3588309755731
 20
39.7345555545165
 30
0.0
 41
1.0
 10
496.3356300461837
 20
39.73522412265907
 30
0.0
 41
1.0
 10
496.3199699453423
 20
39.73557474504922
 30
0.0
 41
1.0
 10
496.3103034145176
 20
39.73574147613135
 30
0.0
 41
1.0
 10
496.3056635333223
 20
39.7358080872911
 30
0.0
 41
1.0
  0
ARC
  5
188
330
70
100
AcDbEntity
  8
Untitled v10_Sketch14
100
AcDbCircle
 10
518.0000077188014
 20
50.00000074505805
 30
0.0
 40
20.76450000000014
100
AcDbArc
 50
305.0748049033304
 51
306.9401844267679
  0
SPLINE
  5
189
330
70
100
AcDbEntity
  8
Untitled v10_Sketch14
100
AcDbSpline
210
0.0
220
0.0
230
1.0
 70
    12
 71
     5
 72
   156
 73
   150
 74
     0
 42
0.000000001
 43
0.0000000001
 40
0.0
 40
0.0
 40
0.0
 40
0.0
 40
0.0
 40
0.0
 40
0.0068965517241379
 40
0.0137931034482759
 40
0.0206896551724138
 40
0.0275862068965517
 40
0.0344827586206897
 40
0.0413793103448276
 40
0.0482758620689655
 40
0.0551724137931035
 40
0.0620689655172414
 40
0.0689655172413793
 40
0.0758620689655173
 40
0.0827586206896552
 40
0.0896551724137931
 40
0.0965517241379311
 40
0.103448275862069
 40
0.1103448275862069
 40
0.1172413793103448
 40
0.1241379310344828
 40
0.1310344827586207
 40
0.1379310344827586
 40
0.1448275862068966
 40
0.1517241379310345
 40
0.1586206896551725
 40
0.1655172413793104
 40
0.1724137931034483
 40
0.1793103448275863
 40
0.1862068965517242
 40
0.1931034482758622
 40
0.2000000000000001
 40
0.2068965517241381
 40
0.213793103448276
 40
0.220689655172414
 40
0.2275862068965519
 40
0.2344827586206899
 40
0.2413793103448278
 40
0.2482758620689657
 40
0.2551724137931037
 40
0.2620689655172416
 40
0.2689655172413796
 40
0.2758620689655175
 40
0.2827586206896555
 40
0.2896551724137934
 40
0.2965517241379314
 40
0.3034482758620693
 40
0.3103448275862072
 40
0.3172413793103452
 40
0.3241379310344831
 40
0.3310344827586211
 40
0.337931034482759
 40
0.344827586206897
 40
0.3517241379310349
 40
0.3586206896551729
 40
0.3655172413793108
 40
0.3724137931034487
 40
0.3793103448275867
 40
0.3862068965517246
 40
0.3931034482758626
 40
0.4000000000000006
 40
0.4068965517241385
 40
0.4137931034482765
 40
0.4206896551724144
 40
0.4275862068965524
 40
0.4344827586206903
 40
0.4413793103448282
 40
0.4482758620689661
 40
0.4551724137931041
 40
0.462068965517242
 40
0.46896551724138
 40
0.4758620689655179
 40
0.4827586206896559
 40
0.4896551724137938
 40
0.4965517241379318
 40
0.5034482758620697
 40
0.5103448275862076
 40
0.5172413793103456
 40
0.5241379310344835
 40
0.5310344827586215
 40
0.5379310344827594
 40
0.5448275862068974
 40
0.5517241379310353
 40
0.5586206896551733
 40
0.5655172413793112
 40
0.5724137931034491
 40
0.579310344827587
 40
0.586206896551725
 40
0.5931034482758629
 40
0.6000000000000009
 40
0.6068965517241388
 40
0.6137931034482768
 40
0.6206896551724147
 40
0.6275862068965527
 40
0.6344827586206906
 40
0.6413793103448286
 40
0.6482758620689665
 40
0.6551724137931045
 40
0.6620689655172424
 40
0.6689655172413804
 40
0.6758620689655183
 40
0.6827586206896563
 40
0.6896551724137942
 40
0.6965517241379322
 40
0.7034482758620701
 40
0.710344827586208
 40
0.7172413793103459
 40
0.7241379310344839
 40
0.7310344827586218
 40
0.7379310344827598
 40
0.7448275862068977
 40
0.7517241379310357
 40
0.7586206896551736
 40
0.7655172413793116
 40
0.7724137931034495
 40
0.7793103448275875
 40
0.7862068965517254
 40
0.7931034482758634
 40
0.8000000000000012
 40
0.8068965517241391
 40
0.8137931034482772
 40
0.8206896551724151
 40
0.827586206896553
 40
0.8344827586206909
 40
0.841379310344829
 40
0.8482758620689669
 40
0.8551724137931048
 40
0.8620689655172427
 40
0.8689655172413807
 40
0.8758620689655186
 40
0.8827586206896565
 40
0.8896551724137944
 40
0.8965517241379325
 40
0.9034482758620704
 40
0.9103448275862083
 40
0.9172413793103462
 40
0.9241379310344843
 40
0.9310344827586222
 40
0.9379310344827601
 40
0.944827586206898
 40
0.9517241379310361
 40
0.958620689655174
 40
0.9655172413793119
 40
0.9724137931034498
 40
0.9793103448275878
 40
0.9862068965517257
 40
0.9931034482758636
 40
1.0
 40
1.0
 40
1.0
 40
1.0
 40
1.0
 40
1.0
 10
509.7790846950176
 20
69.06779780940252
 30
0.0
 41
1.0
 10
509.7826869769835
 20
69.06848645656886
 30
0.0
 41
1.0
 10
509.7900352829051
 20
69.07014287731596
 30
0.0
 41
1.0
 10
509.8014889732852
 20
69.0734648925533
 30
0.0
 41
1.0
 10
509.8176230423404
 20
69.07956910187412
 30
0.0
 41
1.0
 10
509.8391752094642
 20
69.08994291616631
 30
0.0
 41
1.0
 10
509.86195171765
 20
69.10291456697975
 30
0.0
 41
1.0
 10
509.8856331195777
 20
69.11819299961226
 30
0.0
 41
1.0
 10
509.9096830347075
 20
69.13528914700055
 30
0.0
 41
1.0
 10
509.9333065407622
 20
69.15347747348267
 30
0.0
 41
1.0
 10
509.9556190805852
 20
69.17194356621225
 30
0.0
 41
1.0
 10
509.9757977850925
 20
69.18991607517279
 30
0.0
 41
1.0
 10
509.9932467660186
 20
69.20681125465264
 30
0.0
 41
1.0
 10
510.0077397739764
 20
69.22235688566963
 30
0.0
 41
1.0
 10
510.0196165985898
 20
69.23676533069489
 30
0.0
 41
1.0
 10
510.0296018911716
 20
69.25055830673549
 30
0.0
 41
1.0
 10
510.0385225664398
 20
69.26429455233884
 30
0.0
 41
1.0
 10
510.0470836747083
 20
69.27835901641508
 30
0.0
 41
1.0
 10
510.0555641671368
 20
69.29265998539722
 30
0.0
 41
1.0
 10
510.0637378245293
 20
69.30659357452841
 30
0.0
 41
1.0
 10
510.0711885974739
 20
69.31948475903471
 30
0.0
 41
1.0
 10
510.0775270821077
 20
69.33090306207714
 30
0.0
 41
1.0
 10
510.0826704278887
 20
69.34107002299223
 30
0.0
 41
1.0
 10
510.0870248033813
 20
69.3511047138883
 30
0.0
 41
1.0
 10
510.0911926579089
 20
69.36242927938824
 30
0.0
 41
1.0
 10
510.0957478498182
 20
69.37629993346516
 30
0.0
 41
1.0
 10
510.1009582650117
 20
69.39323369187167
 30
0.0
 41
1.0
 10
510.1066085740689
 20
69.41264424305052
 30
0.0
 41
1.0
 10
510.112221727075
 20
69.43332661126326
 30
0.0
 41
1.0
 10
510.1172351547802
 20
69.45384273817833
 30
0.0
 41
1.0
 10
510.1211764548806
 20
69.47291171028544
 30
0.0
 41
1.0
 10
510.1238838875956
 20
69.48988118257161
 30
0.0
 41
1.0
 10
510.1254960373187
 20
69.50477240959441
 30
0.0
 41
1.0
 10
510.1262905448922
 20
69.5180564106644
 30
0.0
 41
1.0
 10
510.1265784356582
 20
69.53051214813726
 30
0.0
 41
1.0
 10
510.1265533462922
 20
69.54305117080642
 30
0.0
 41
1.0
 10
510.1262379100802
 20
69.55655364023103
 30
0.0
 41
1.0
 10
510.1255669012836
 20
69.57167469951736
 30
0.0
 41
1.0
 10
510.124435616394
 20
69.58868221142195
 30
0.0
 41
1.0
 10
510.1227691283591
 20
69.60723023797434
 30
0.0
 41
1.0
 10
510.1205608378635
 20
69.62632127019216
 30
0.0
 41
1.0
 10
510.1178445272134
 20
69.64476688533068
 30
0.0
 41
1.0
 10
510.1146775870859
 20
69.6615717417967
 30
0.0
 41
1.0
 10
510.1111209276568
 20
69.67631612656687
 30
0.0
 41
1.0
 10
510.1072175416062
 20
69.68962242218445
 30
0.0
 41
1.0
 10
510.1029982628159
 20
69.70276834359518
 30
0.0
 41
1.0
 10
510.0984932542472
 20
69.71711616968324
 30
0.0
 41
1.0
 10
510.0937407301045
 20
69.73365973662229
 30
0.0
 41
1.0
 10
510.0887986472819
 20
69.75239116071939
 30
0.0
 41
1.0
 10
510.083745721609
 20
69.77243822605038
 30
0.0
 41
1.0
 10
510.0786781160655
 20
69.79255904793625
 30
0.0
 41
1.0
 10
510.0737068898595
 20
69.81151464378882
 30
0.0
 41
1.0
 10
510.0689564909873
 20
69.82851311067202
 30
0.0
 41
1.0
 10
510.064558971705
 20
69.8435629566208
 30
0.0
 41
1.0
 10
510.0606118821983
 20
69.85721350116808
 30
0.0
 41
1.0
 10
510.0571376126914
 20
69.87034387279675
 30
0.0
 41
1.0
 10
510.0540457246492
 20
69.88393757446988
 30
0.0
 41
1.0
 10
510.0510844770924
 20
69.89885349469642
 30
0.0
 41
1.0
 10
510.0479335511852
 20
69.91570465607299
 30
0.0
 41
1.0
 10
510.0443211167737
 20
69.93473761109379
 30
0.0
 41
1.0
 10
510.0401172248798
 20
69.95573708132744
 30
0.0
 41
1.0
 10
510.0354732550144
 20
69.97785809969403
 30
0.0
 41
1.0
 10
510.030792727864
 20
69.99974443058322
 30
0.0
 41
1.0
 10
510.0265617257258
 20
70.01989013530398
 30
0.0
 41
1.0
 10
510.0232157438825
 20
70.03693584393459
 30
0.0
 41
1.0
 10
510.0209985777791
 20
70.04998417033124
 30
0.0
 41
1.0
 10
510.019806107488
 20
70.05892796424248
 30
0.0
 41
1.0
 10
510.0192883834124
 20
70.06444003366922
 30
0.0
 41
1.0
 10
510.0189767862331
 20
70.06790026153919
 30
0.0
 41
1.0
 10
510.018409627143
 20
70.07139256057598
 30
0.0
 41
1.0
 10
510.017236092372
 20
70.07752407202403
 30
0.0
 41
1.0
 10
510.0152434323889
 20
70.08856691851123
 30
0.0
 41
1.0
 10
510.0123884447716
 20
70.10582070821754
 30
0.0
 41
1.0
 10
510.0088476934535
 20
70.12864617648372
 30
0.0
 41
1.0
 10
510.0049697624195
 20
70.15470872530949
 30
0.0
 41
1.0
 10
510.0011618984739
 20
70.18099387140472
 30
0.0
 41
1.0
 10
509.997791238335
 20
70.20463557115431
 30
0.0
 41
1.0
 10
509.9950912388083
 20
70.22372972302537
 30
0.0
 41
1.0
 10
509.9930373806398
 20
70.23838722200702
 30
0.0
 41
1.0
 10
509.9913937528007
 20
70.25039406518001
 30
0.0
 41
1.0
 10
509.9898422692012
 20
70.26219471490221
 30
0.0
 41
1.0
 10
509.9880756512964
 20
70.27616975757317
 30
0.0
 41
1.0
 10
509.9859285516699
 20
70.29360859425089
 30
0.0
 41
1.0
 10
509.9833947191302
 20
70.31458509284153
 30
0.0
 41
1.0
 10
509.9805600091301
 20
70.33849778556078
 30
0.0
 41
1.0
 10
509.9775581323774
 20
70.36443165005874
 30
0.0
 41
1.0
 10
509.9745197083494
 20
70.39157001266776
 30
0.0
 41
1.0
 10
509.9715173766071
 20
70.41964474394802
 30
0.0
 41
1.0
 10
509.9685723796313
 20
70.44884614537105
 30
0.0
 41
1.0
 10
509.9656742508766
 20
70.47961918050311
 30
0.0
 41
1.0
 10
509.962796212234
 20
70.51249588528984
 30
0.0
 41
1.0
 10
509.9599116426885
 20
70.54792109802218
 30
0.0
 41
1.0
 10
509.9570118267013
 20
70.58606070766174
 30
0.0
 41
1.0
 10
509.954117723659
 20
70.62668078300383
 30
0.0
 41
1.0
 10
509.9512705471561
 20
70.66927339589856
 30
0.0
 41
1.0
 10
509.9485258739309
 20
70.71314169812659
 30
0.0
 41
1.0
 10
509.9459464415633
 20
70.75749962142936
 30
0.0
 41
1.0
 10
509.9435953398898
 20
70.80156838108381
 30
0.0
 41
1.0
 10
509.9415294273272
 20
70.84466715821645
 30
0.0
 41
1.0
 10
509.939791675421
 20
70.88632409734845
 30
0.0
 41
1.0
 10
509.9384078475671
 20
70.9263077008214
 30
0.0
 41
1.0
 10
509.9373874354158
 20
70.96457998384083
 30
0.0
 41
1.0
 10
509.9367234685283
 20
71.00127098536077
 30
0.0
 41
1.0
 10
509.9363926853142
 20
71.03664480561484
 30
0.0
 41
1.0
 10
509.9363557608157
 20
71.07106885085705
 30
0.0
 41
1.0
 10
509.9365569857382
 20
71.1049828606869
 30
0.0
 41
1.0
 10
509.9369257304982
 20
71.13886466836766
 30
0.0
 41
1.0
 10
509.9373879644288
 20
71.17317319815064
 30
0.0
 41
1.0
 10
509.9378764101384
 20
71.20829501306923
 30
0.0
 41
1.0
 10
509.9383414688018
 20
71.24448812860084
 30
0.0
 41
1.0
 10
509.9387612719231
 20
71.28183000112142
 30
0.0
 41
1.0
 10
509.9391534267811
 20
71.32015640819344
 30
0.0
 41
1.0
 10
509.9395821840507
 20
71.35902556926055
 30
0.0
 41
1.0
 10
509.9401368180588
 20
71.3978419276587
 30
0.0
 41
1.0
 10
509.9409130390821
 20
71.43596304153405
 30
0.0
 41
1.0
 10
509.9419935184493
 20
71.47281153000107
 30
0.0
 41
1.0
 10
509.9434281575269
 20
71.50798813098018
 30
0.0
 41
1.0
 10
509.9452159418163
 20
71.54137668244276
 30
0.0
 41
1.0
 10
509.9472821482343
 20
71.57327302162926
 30
0.0
 41
1.0
 10
509.9495049524538
 20
71.60425879213955
 30
0.0
 41
1.0
 10
509.9517479441716
 20
71.63504440250704
 30
0.0
 41
1.0
 10
509.9538912606967
 20
71.66631989373754
 30
0.0
 41
1.0
 10
509.9558616794845
 20
71.69860944353802
 30
0.0
 41
1.0
 10
509.9576670440329
 20
71.73210768123015
 30
0.0
 41
1.0
 10
509.9594171908651
 20
71.76657362577902
 30
0.0
 41
1.0
 10
509.9612751164058
 20
71.80152240778537
 30
0.0
 41
1.0
 10
509.9634179049902
 20
71.8363758798424
 30
0.0
 41
1.0
 10
509.9659924599036
 20
71.87063399824696
 30
0.0
 41
1.0
 10
509.9690766797698
 20
71.90402626941869
 30
0.0
 41
1.0
 10
509.9726304646376
 20
71.93669849086347
 30
0.0
 41
1.0
 10
509.9764763987653
 20
71.96930037275667
 30
0.0
 41
1.0
 10
509.980396721296
 20
72.00273320718932
 30
0.0
 41
1.0
 10
509.984194046975
 20
72.03796833184448
 30
0.0
 41
1.0
 10
509.9878015209088
 20
72.07580807442724
 30
0.0
 41
1.0
 10
509.991291278646
 20
72.11673933482865
 30
0.0
 41
1.0
 10
509.9951216607187
 20
72.16058266066744
 30
0.0
 41
1.0
 10
509.9996394697504
 20
72.20676741044307
 30
0.0
 41
1.0
 10
510.0049198523315
 20
72.25458063875141
 30
0.0
 41
1.0
 10
510.010897422387
 20
72.30315955552601
 30
0.0
 41
1.0
 10
510.0173780703764
 20
72.35158843221071
 30
0.0
 41
1.0
 10
510.0241016913711
 20
72.39895051919027
 30
0.0
 41
1.0
 10
510.0307833175155
 20
72.44439989461874
 30
0.0
 41
1.0
 10
510.0371627182812
 20
72.48722338476354
 30
0.0
 41
1.0
 10
510.0430525850823
 20
72.52691051135028
 30
0.0
 41
1.0
 10
510.0483287533345
 20
72.56312235312869
 30
0.0
 41
1.0
 10
510.0529166593782
 20
72.59565606825891
 30
0.0
 41
1.0
 10
510.0560067225301
 20
72.61866001612907
 30
0.0
 41
1.0
 10
510.0579923504495
 20
72.63419767927986
 30
0.0
 41
1.0
 10
510.0591685957737
 20
72.64379382769348
 30
0.0
 41
1.0
 10
510.0597198416815
 20
72.64840132837207
 30
0.0
 41
1.0
  0
ARC
  5
18A
330
70
100
AcDbEntity
  8
Untitled v10_Sketch14
100
AcDbCircle
 10
518.3706102696261
 20
49.92185357005098
 30
0.0
 40
24.37862958253663
100
AcDbArc
 50
166.7016270909378
 51
169.3010552526095
  0
ARC
  5
18B
330
70
100
AcDbEntity
  8
Untitled v10_Sketch14
100
AcDbCircle
 10
518.3457652375547
 20
50.15461306625155
 30
0.0
 40
24.37862958253651
100
AcDbArc
 50
202.7016270909378
 51
205.3010552526092
  0
SPLINE
  5
18C
330
70
100
AcDbEntity
  8
Untitled v10_Sketch14
100
AcDbSpline
210
0.0
220
0.0
230
1.0
 70
    12
 71
     5
 72
   156
 73
   150
 74
     0
 42
0.000000001
 43
0.0000000001
 40
0.0
 40
0.0
 40
0.0
 40
0.0
 40
0.0
 40
0.0
 40
0.0068965517241379
 40
0.0137931034482759
 40
0.0206896551724138
 40
0.0275862068965517
 40
0.0344827586206897
 40
0.0413793103448276
 40
0.0482758620689655
 40
0.0551724137931035
 40
0.0620689655172414
 40
0.0689655172413793
 40
0.0758620689655173
 40
0.0827586206896552
 40
0.0896551724137931
 40
0.0965517241379311
 40
0.103448275862069
 40
0.1103448275862069
 40
0.1172413793103448
 40
0.1241379310344828
 40
0.1310344827586207
 40
0.1379310344827586
 40
0.1448275862068966
 40
0.1517241379310345
 40
0.1586206896551725
 40
0.1655172413793104
 40
0.1724137931034483
 40
0.1793103448275863
 40
0.1862068965517242
 40
0.1931034482758622
 40
0.2000000000000001
 40
0.2068965517241381
 40
0.213793103448276
 40
0.220689655172414
 40
0.2275862068965519
 40
0.2344827586206899
 40
0.2413793103448278
 40
0.2482758620689657
 40
0.2551724137931037
 40
0.2620689655172416
 40
0.2689655172413796
 40
0.2758620689655175
 40
0.2827586206896555
 40
0.2896551724137934
 40
0.2965517241379314
 40
0.3034482758620693
 40
0.3103448275862072
 40
0.3172413793103452
 40
0.3241379310344831
 40
0.3310344827586211
 40
0.337931034482759
 40
0.344827586206897
 40
0.3517241379310349
 40
0.3586206896551729
 40
0.3655172413793108
 40
0.3724137931034487
 40
0.3793103448275867
 40
0.3862068965517246
 40
0.3931034482758626
 40
0.4000000000000006
 40
0.4068965517241385
 40
0.4137931034482765
 40
0.4206896551724144
 40
0.4275862068965524
 40
0.4344827586206903
 40
0.4413793103448282
 40
0.4482758620689661
 40
0.4551724137931041
 40
0.462068965517242
 40
0.46896551724138
 40
0.4758620689655179
 40
0.4827586206896559
 40
0.4896551724137938
 40
0.4965517241379318
 40
0.5034482758620697
 40
0.5103448275862076
 40
0.5172413793103456
 40
0.5241379310344835
 40
0.5310344827586215
 40
0.5379310344827594
 40
0.5448275862068974
 40
0.5517241379310353
 40
0.5586206896551733
 40
0.5655172413793112
 40
0.5724137931034491
 40
0.579310344827587
 40
0.586206896551725
 40
0.5931034482758629
 40
0.6000000000000009
 40
0.6068965517241388
 40
0.6137931034482768
 40
0.6206896551724147
 40
0.6275862068965527
 40
0.6344827586206906
 40
0.6413793103448286
 40
0.6482758620689665
 40
0.6551724137931045
 40
0.6620689655172424
 40
0.6689655172413804
 40
0.6758620689655183
 40
0.6827586206896563
 40
0.6896551724137942
 40
0.6965517241379322
 40
0.7034482758620701
 40
0.710344827586208
 40
0.7172413793103459
 40
0.7241379310344839
 40
0.7310344827586218
 40
0.7379310344827598
 40
0.7448275862068977
 40
0.7517241379310357
 40
0.7586206896551736
 40
0.7655172413793116
 40
0.7724137931034495
 40
0.7793103448275875
 40
0.7862068965517254
 40
0.7931034482758634
 40
0.8000000000000012
 40
0.8068965517241391
 40
0.8137931034482772
 40
0.8206896551724151
 40
0.827586206896553
 40
0.8344827586206909
 40
0.841379310344829
 40
0.8482758620689669
 40
0.8551724137931048
 40
0.8620689655172427
 40
0.8689655172413807
 40
0.8758620689655186
 40
0.8827586206896565
 40
0.8896551724137944
 40
0.8965517241379325
 40
0.9034482758620704
 40
0.9103448275862083
 40
0.9172413793103462
 40
0.9241379310344843
 40
0.9310344827586222
 40
0.9379310344827601
 40
0.944827586206898
 40
0.9517241379310361
 40
0.958620689655174
 40
0.9655172413793119
 40
0.9724137931034498
 40
0.9793103448275878
 40
0.9862068965517257
 40
0.9931034482758636
 40
1.0
 40
1.0
 40
1.0
 40
1.0
 40
1.0
 40
1.0
 10
517.7546228360065
 20
29.23695071599692
 30
0.0
 41
1.0
 10
517.7510518896428
 20
29.23778678558037
 30
0.0
 41
1.0
 10
517.7436651511325
 20
29.23926239521377
 30
0.0
 41
1.0
 10
517.7318504989866
 20
29.24088621885953
 30
0.0
 41
1.0
 10
517.7146284878802
 20
29.24187206324864
 30
0.0
 41
1.0
 10
517.6907201931008
 20
29.24116116843056
 30
0.0
 41
1.0
 10
517.6646367717997
 20
29.2385750162323
 30
0.0
 41
1.0
 10
517.6367884362377
 20
29.23424956742433
 30
0.0
 41
1.0
 10
517.6078641159158
 20
29.22841344138074
 30
0.0
 41
1.0
 10
517.5788851104096
 20
29.22140612389127
 30
0.0
 41
1.0
 10
517.5509907544381
 20
29.21361183630384
 30
0.0
 41
1.0
 10
517.5252465126321
 20
29.20540055091338
 30
0.0
 41
1.0
 10
517.5024341867809
 20
29.19706317637052
 30
0.0
 41
1.0
 10
517.4828711874191
 20
29.18875637317358
 30
0.0
 41
1.0
 10
517.4661607256808
 20
29.18042434344269
 30
0.0
 41
1.0
 10
517.4514285982268
 20
29.17188521721826
 30
0.0
 41
1.0
 10
517.4376921214311
 20
29.16296489795487
 30
0.0
 41
1.0
 10
517.424150626955
 20
29.15359848712197
 30
0.0
 41
1.0
 10
517.4105865835018
 20
29.14398322889042
 30
0.0
 41
1.0
 10
517.3974522746493
 20
29.13457878780045
 30
0.0
 41
1.0
 10
517.3854023377587
 20
29.12583260712688
 30
0.0
 41
1.0
 10
517.3749676016639
 20
29.11797956221063
 30
0.0
 41
1.0
 10
517.3661336459357
 20
29.11078356844576
 30
0.0
 41
1.0
 10
517.3580742494941
 20
29.10338750622937
 30
0.0
 41
1.0
 10
517.3496606091667
 20
29.0947372200165
 30
0.0
 41
1.0
 10
517.3398575310127
 20
29.08391851045575
 30
0.0
 41
1.0
 10
517.3282099998313
 20
29.07056801916754
 30
0.0
 41
1.0
 10
517.3151532032311
 20
29.05513378604602
 30
0.0
 41
1.0
 10
517.3016130557816
 20
29.03852257752274
 30
0.0
 41
1.0
 10
517.288688401084
 20
29.02181930772617
 30
0.0
 41
1.0
 10
517.2773317945781
 20
29.00600200604803
 30
0.0
 41
1.0
 10
517.2679563255271
 20
28.99160083381623
 30
0.0
 41
1.0
 10
517.2604267457802
 20
28.97865274137731
 30
0.0
 41
1.0
 10
517.2542978369936
 20
28.96684035788383
 30
0.0
 41
1.0
 10
517.248968630845
 20
28.95557857121774
 30
0.0
 41
1.0
 10
517.2438914711335
 20
28.94411339925048
 30
0.0
 41
1.0
 10
517.2386876873652
 20
28.93164998017471
 30
0.0
 41
1.0
 10
517.2331503955095
 20
28.91756328128354
 30
0.0
 41
1.0
 10
517.2272662973824
 20
28.90156601101896
 30
0.0
 41
1.0
 10
517.2212445479013
 20
28.88394372386477
 30
0.0
 41
1.0
 10
517.2154968992957
 20
28.86560500543731
 30
0.0
 41
1.0
 10
517.2104758649708
 20
28.84764927443871
 30
0.0
 41
1.0
 10
517.2065338578326
 20
28.83100916355155
 30
0.0
 41
1.0
 10
517.2037859463326
 20
28.8160928741023
 30
0.0
 41
1.0
 10
517.2019397089175
 20
28.80234931804393
 30
0.0
 41
1.0
 10
517.2004472839461
 20
28.78862378596128
 30
0.0
 41
1.0
 10
517.1987270274421
 20
28.77368404254923
 30
0.0
 41
1.0
 10
517.1963397994038
 20
28.75663771640289
 30
0.0
 41
1.0
 10
517.1932358601602
 20
28.73751558282677
 30
0.0
 41
1.0
 10
517.1896980614006
 20
28.71714646732865
 30
0.0
 41
1.0
 10
517.1861436738761
 20
28.69670400102359
 30
0.0
 41
1.0
 10
517.1829751795708
 20
28.67736522267659
 30
0.0
 41
1.0
 10
517.1804009855249
 20
28.65990418917798
 30
0.0
 41
1.0
 10
517.1782969954703
 20
28.64436683854251
 30
0.0
 41
1.0
 10
517.1763506644947
 20
28.63029101964109
 30
0.0
 41
1.0
 10
517.1741839643427
 20
28.6168827155662
 30
0.0
 41
1.0
 10
517.1714794880338
 20
28.60320666698712
 30
0.0
 41
1.0
 10
517.1681178709668
 20
28.58837584792706
 30
0.0
 41
1.0
 10
517.1641424002066
 20
28.57169994896939
 30
0.0
 41
1.0
 10
517.1597011230212
 20
28.55284316991877
 30
0.0
 41
1.0
 10
517.155000315336
 20
28.53194932239717
 30
0.0
 41
1.0
 10
517.1502453641602
 20
28.50985189383634
 30
0.0
 41
1.0
 10
517.1456192657228
 20
28.48795399376705
 30
0.0
 41
1.0
 10
517.1412904821968
 20
28.46782907312184
 30
0.0
 41
1.0
 10
517.1374140744038
 20
28.45089611000736
 30
0.0
 41
1.0
 10
517.1341323239501
 20
28.43807406799975
 30
0.0
 41
1.0
 10
517.1315839310562
 20
28.42941848433494
 30
0.0
 41
1.0
 10
517.1298149349187
 20
28.42417238099536
 30
0.0
 41
1.0
 10
517.1286921916383
 20
28.42088456755164
 30
0.0
 41
1.0
 10
517.127789871262
 20
28.41746350924541
 30
0.0
 41
1.0
 10
517.126368038238
 20
28.4113847752203
 30
0.0
 41
1.0
 10
517.1236968934041
 20
28.40048614514014
 30
0.0
 41
1.0
 10
517.119287305868
 20
28.38356279584738
 30
0.0
 41
1.0
 10
517.1132379888121
 20
28.36127053968914
 30
0.0
 41
1.0
 10
517.1061800614738
 20
28.33588391994388
 30
0.0
 41
1.0
 10
517.0989675861992
 20
28.31032244632661
 30
0.0
 41
1.0
 10
517.0924308918655
 20
28.28735370791961
 30
0.0
 41
1.0
 10
517.0871311729345
 20
28.26881214346642
 30
0.0
 41
1.0
 10
517.0830457238031
 20
28.25458647247458
 30
0.0
 41
1.0
 10
517.0796636294635
 20
28.24294915176349
 30
0.0
 41
1.0
 10
517.0762812236043
 20
28.23153767658152
 30
0.0
 41
1.0
 10
517.0722109474239
 20
28.2180522915929
 30
0.0
 41
1.0
 10
517.0670794066452
 20
28.20124781746497
 30
0.0
 41
1.0
 10
517.0608622672321
 20
28.18105422991891
 30
0.0
 41
1.0
 10
517.0537257353129
 20
28.15805591767571
 30
0.0
 41
1.0
 10
517.0459198331969
 20
28.13314318029114
 30
0.0
 41
1.0
 10
517.0376574051598
 20
28.10711521401245
 30
0.0
 41
1.0
 10
517.0289811497291
 20
28.08024651244258
 30
0.0
 41
1.0
 10
517.0197942583512
 20
28.05237186663199
 30
0.0
 41
1.0
 10
517.0099253097039
 20
28.02308052500834
 30
0.0
 41
1.0
 10
516.9991823682924
 20
27.991875556912
 30
0.0
 41
1.0
 10
516.987408821591
 20
27.95833975460066
 30
0.0
 41
1.0
 10
516.974545158521
 20
27.92231802603805
 30
0.0
 41
1.0
 10
516.9606673801233
 20
27.88403260296398
 30
0.0
 41
1.0
 10
516.9459444288959
 20
27.8439642639119
 30
0.0
 41
1.0
 10
516.9306089666679
 20
27.80277221650298
 30
0.0
 41
1.0
 10
516.9149234025725
 20
27.76120008749707
 30
0.0
 41
1.0
 10
516.8991468614605
 20
27.71998499308856
 30
0.0
 41
1.0
 10
516.8835043145663
 20
27.6797720186685
 30
0.0
 41
1.0
 10
516.8681484263434
 20
27.64100970376834
 30
0.0
 41
1.0
 10
516.8531498193386
 20
27.60392001093962
 30
0.0
 41
1.0
 10
516.8385152723065
 20
27.56854150162059
 30
0.0
 41
1.0
 10
516.824198261451
 20
27.53475254418277
 30
0.0
 41
1.0
 10
516.8101126180511
 20
27.50230240971609
 30
0.0
 41
1.0
 10
516.7961448296559
 20
27.47083946100478
 30
0.0
 41
1.0
 10
516.7821669310306
 20
27.43993931692376
 30
0.0
 41
1.0
 10
516.7680490932127
 20
27.40913672742613
 30
0.0
 41
1.0
 10
516.7536722852721
 20
27.37798233336175
 30
0.0
 41
1.0
 10
516.7389407388143
 20
27.34609562764692
 30
0.0
 41
1.0
 10
516.723794820271
 20
27.31322072775471
 30
0.0
 41
1.0
 10
516.7082230031613
 20
27.27927797904595
 30
0.0
 41
1.0
 10
516.6922759977183
 20
27.24442456770806
 30
0.0
 41
1.0
 10
516.6760747963706
 20
27.20909021346541
 30
0.0
 41
1.0
 10
516.6597800776806
 20
27.17385529554313
 30
0.0
 41
1.0
 10
516.6435657106027
 20
27.1393456426553
 30
0.0
 41
1.0
 10
516.6275910130832
 20
27.10612234394599
 30
0.0
 41
1.0
 10
516.6119727924734
 20
27.07457044018868
 30
0.0
 41
1.0
 10
516.5967592229175
 20
27.0447956380432
 30
0.0
 41
1.0
 10
516.5818982395028
 20
27.01649728412622
 30
0.0
 41
1.0
 10
516.5672645585242
 20
26.98909447015151
 30
0.0
 41
1.0
 10
516.552693847813
 20
26.96188272256125
 30
0.0
 41
1.0
 10
516.5380149424236
 20
26.93418290498057
 30
0.0
 41
1.0
 10
516.523081532198
 20
26.90548637495425
 30
0.0
 41
1.0
 10
516.5078072888677
 20
26.87561851998748
 30
0.0
 41
1.0
 10
516.4921898875925
 20
26.84484416174897
 30
0.0
 41
1.0
 10
516.4762776378815
 20
26.81367254709441
 30
0.0
 41
1.0
 10
516.4601439188794
 20
26.78270386664927
 30
0.0
 41
1.0
 10
516.4438579138549
 20
26.75245468401627
 30
0.0
 41
1.0
 10
516.4274584785245
 20
26.72320379160189
 30
0.0
 41
1.0
 10
516.410922944829
 20
26.69480168663723
 30
0.0
 41
1.0
 10
516.3941491291771
 20
26.66658266785966
 30
0.0
 41
1.0
 10
516.376969377491
 20
26.63763479265354
 30
0.0
 41
1.0
 10
516.3591689315451
 20
26.6069904160747
 30
0.0
 41
1.0
 10
516.3404825302463
 20
26.57388938295767
 30
0.0
 41
1.0
 10
516.3206462344647
 20
26.53791622828955
 30
0.0
 41
1.0
 10
516.2993143191483
 20
26.4994213138675
 30
0.0
 41
1.0
 10
516.2764020651438
 20
26.45906700397727
 30
0.0
 41
1.0
 10
516.2521308036456
 20
26.41753517152614
 30
0.0
 41
1.0
 10
516.2269111961405
 20
26.37558741954756
 30
0.0
 41
1.0
 10
516.2012930308764
 20
26.33398135624176
 30
0.0
 41
1.0
 10
516.1758868011907
 20
26.2934486798498
 30
0.0
 41
1.0
 10
516.1512969055852
 20
26.25464627156267
 30
0.0
 41
1.0
 10
516.1280511503669
 20
26.21811980271275
 30
0.0
 41
1.0
 10
516.1065282806633
 20
26.18425943314346
 30
0.0
 41
1.0
 10
516.0869795781583
 20
26.15332428053707
 30
0.0
 41
1.0
 10
516.0695556633531
 20
26.12546932236256
 30
0.0
 41
1.0
 10
516.0573762016627
 20
26.10571101219124
 30
0.0
 41
1.0
 10
516.0492425033451
 20
26.09232427823183
 30
0.0
 41
1.0
 10
516.04426484458
 20
26.08403618251225
 30
0.0
 41
1.0
 10
516.0418872170258
 20
26.08005123310633
 30
0.0
 41
1.0
  0
ARC
  5
18D
330
70
100
AcDbEntity
  8
Untitled v10_Sketch14
100
AcDbCircle
 10
518.3067846760698
 20
49.777872110865
 30
0.0
 40
24.37862958253657
100
AcDbArc
 50
142.7016270909378
 51
145.3010552526094
  0
ARC
  5
18E
330
70
100
AcDbEntity
  8
Untitled v10_Sketch14
100
AcDbCircle
 10
518.3462640034281
 20
49.84650867035746
 30
0.0
 40
24.37862958253664
100
AcDbArc
 50
154.701627090938
 51
157.3010552526096
  0
SPLINE
  5
18F
330
70
100
AcDbEntity
  8
Untitled v10_Sketch14
100
AcDbSpline
210
0.0
220
0.0
230
1.0
 70
    12
 71
     5
 72
   156
 73
   150
 74
     0
 42
0.000000001
 43
0.0000000001
 40
0.0
 40
0.0
 40
0.0
 40
0.0
 40
0.0
 40
0.0
 40
0.0068965517241379
 40
0.0137931034482759
 40
0.0206896551724138
 40
0.0275862068965517
 40
0.0344827586206897
 40
0.0413793103448276
 40
0.0482758620689655
 40
0.0551724137931035
 40
0.0620689655172414
 40
0.0689655172413793
 40
0.0758620689655173
 40
0.0827586206896552
 40
0.0896551724137931
 40
0.0965517241379311
 40
0.103448275862069
 40
0.1103448275862069
 40
0.1172413793103448
 40
0.1241379310344828
 40
0.1310344827586207
 40
0.1379310344827586
 40
0.1448275862068966
 40
0.1517241379310345
 40
0.1586206896551725
 40
0.1655172413793104
 40
0.1724137931034483
 40
0.1793103448275863
 40
0.1862068965517242
 40
0.1931034482758622
 40
0.2000000000000001
 40
0.2068965517241381
 40
0.213793103448276
 40
0.220689655172414
 40
0.2275862068965519
 40
0.2344827586206899
 40
0.2413793103448278
 40
0.2482758620689657
 40
0.2551724137931037
 40
0.2620689655172416
 40
0.2689655172413796
 40
0.2758620689655175
 40
0.2827586206896555
 40
0.2896551724137934
 40
0.2965517241379314
 40
0.3034482758620693
 40
0.3103448275862072
 40
0.3172413793103452
 40
0.3241379310344831
 40
0.3310344827586211
 40
0.337931034482759
 40
0.344827586206897
 40
0.3517241379310349
 40
0.3586206896551729
 40
0.3655172413793108
 40
0.3724137931034487
 40
0.3793103448275867
 40
0.3862068965517246
 40
0.3931034482758626
 40
0.4000000000000006
 40
0.4068965517241385
 40
0.4137931034482765
 40
0.4206896551724144
 40
0.4275862068965524
 40
0.4344827586206903
 40
0.4413793103448282
 40
0.4482758620689661
 40
0.4551724137931041
 40
0.462068965517242
 40
0.46896551724138
 40
0.4758620689655179
 40
0.4827586206896559
 40
0.4896551724137938
 40
0.4965517241379318
 40
0.5034482758620697
 40
0.5103448275862076
 40
0.5172413793103456
 40
0.5241379310344835
 40
0.5310344827586215
 40
0.5379310344827594
 40
0.5448275862068974
 40
0.5517241379310353
 40
0.5586206896551733
 40
0.5655172413793112
 40
0.5724137931034491
 40
0.579310344827587
 40
0.586206896551725
 40
0.5931034482758629
 40
0.6000000000000009
 40
0.6068965517241388
 40
0.6137931034482768
 40
0.6206896551724147
 40
0.6275862068965527
 40
0.6344827586206906
 40
0.6413793103448286
 40
0.6482758620689665
 40
0.6551724137931045
 40
0.6620689655172424
 40
0.6689655172413804
 40
0.6758620689655183
 40
0.6827586206896563
 40
0.6896551724137942
 40
0.6965517241379322
 40
0.7034482758620701
 40
0.710344827586208
 40
0.7172413793103459
 40
0.7241379310344839
 40
0.7310344827586218
 40
0.7379310344827598
 40
0.7448275862068977
 40
0.7517241379310357
 40
0.7586206896551736
 40
0.7655172413793116
 40
0.7724137931034495
 40
0.7793103448275875
 40
0.7862068965517254
 40
0.7931034482758634
 40
0.8000000000000012
 40
0.8068965517241391
 40
0.8137931034482772
 40
0.8206896551724151
 40
0.827586206896553
 40
0.8344827586206909
 40
0.841379310344829
 40
0.8482758620689669
 40
0.8551724137931048
 40
0.8620689655172427
 40
0.8689655172413807
 40
0.8758620689655186
 40
0.8827586206896565
 40
0.8896551724137944
 40
0.8965517241379325
 40
0.9034482758620704
 40
0.9103448275862083
 40
0.9172413793103462
 40
0.9241379310344843
 40
0.9310344827586222
 40
0.9379310344827601
 40
0.944827586206898
 40
0.9517241379310361
 40
0.958620689655174
 40
0.9655172413793119
 40
0.9724137931034498
 40
0.9793103448275878
 40
0.9862068965517257
 40
0.9931034482758636
 40
1.0
 40
1.0
 40
1.0
 40
1.0
 40
1.0
 40
1.0
 10
497.376349554981
 20
52.41437109607716
 30
0.0
 41
1.0
 10
497.3775543100235
 20
52.41783508735437
 30
0.0
 41
1.0
 10
497.379793960538
 20
52.42502711733074
 30
0.0
 41
1.0
 10
497.3826438561408
 20
52.43660731178579
 30
0.0
 41
1.0
 10
497.3854244903265
 20
52.45363193011435
 30
0.0
 41
1.0
 10
497.3872165871773
 20
52.47748356149628
 30
0.0
 41
1.0
 10
497.3873710621368
 20
52.50369442160149
 30
0.0
 41
1.0
 10
497.3859802523108
 20
52.53184233358425
 30
0.0
 41
1.0
 10
497.3831995119306
 20
52.56121824473972
 30
0.0
 41
1.0
 10
497.3792597121721
 20
52.59077096435063
 30
0.0
 41
1.0
 10
497.3744238766711
 20
52.61932723702507
 30
0.0
 41
1.0
 10
497.3689485795953
 20
52.64578876222408
 30
0.0
 41
1.0
 10
497.3630414154272
 20
52.6693476127162
 30
0.0
 41
1.0
 10
497.3568250080274
 20
52.68967174129336
 30
0.0
 41
1.0
 10
497.3502853409133
 20
52.7071615956374
 30
0.0
 41
1.0
 10
497.3433329195592
 20
52.72270560069777
 30
0.0
 41
1.0
 10
497.3358973195482
 20
52.73729925490073
 30
0.0
 41
1.0
 10
497.3279976905018
 20
52.75174562418385
 30
0.0
 41
1.0
 10
497.3198529342788
 20
52.76624043055456
 30
0.0
 41
1.0
 10
497.3118729208215
 20
52.78028582006399
 30
0.0
 41
1.0
 10
497.3044342140265
 20
52.79318397096503
 30
0.0
 41
1.0
 10
497.2977149158406
 20
52.80438241120052
 30
0.0
 41
1.0
 10
497.2914817422993
 20
52.81392015976486
 30
0.0
 41
1.0
 10
497.2849686328106
 20
52.82270850500715
 30
0.0
 41
1.0
 10
497.2772451986645
 20
52.83198025565731
 30
0.0
 41
1.0
 10
497.2675104558215
 20
52.84286049460831
 30
0.0
 41
1.0
 10
497.2554505984567
 20
52.85583972573348
 30
0.0
 41
1.0
 10
497.241465722563
 20
52.87043831250564
 30
0.0
 41
1.0
 10
497.2263608427834
 20
52.88564062971062
 30
0.0
 41
1.0
 10
497.2111000695401
 20
52.90024044892085
 30
0.0
 41
1.0
 10
497.1965565053216
 20
52.91318820098531
 30
0.0
 41
1.0
 10
497.1832142275904
 20
52.92401764263857
 30
0.0
 41
1.0
 10
497.1711241215567
 20
52.9328594187649
 30
0.0
 41
1.0
 10
497.160017092953
 20
52.94018948304199
 30
0.0
 41
1.0
 10
497.1493740532617
 20
52.94666667249551
 30
0.0
 41
1.0
 10
497.1385023964085
 20
52.95291445580161
 30
0.0
 41
1.0
 10
497.1266511967669
 20
52.95939251474109
 30
0.0
 41
1.0
 10
497.1132204708945
 20
52.96637193372021
 30
0.0
 41
1.0
 10
497.0979258910853
 20
52.97389596821929
 30
0.0
 41
1.0
 10
497.0810295848833
 20
52.9817267605221
 30
0.0
 41
1.0
 10
497.0633921207505
 20
52.98935984096289
 30
0.0
 41
1.0
 10
497.046059594127
 20
52.99623025450451
 30
0.0
 41
1.0
 10
497.0299226914567
 20
53.00189003213489
 30
0.0
 41
1.0
 10
497.0153753499681
 20
53.00618206710176
 30
0.0
 41
1.0
 10
497.0019000669076
 20
53.00945478342988
 30
0.0
 41
1.0
 10
496.9884057256146
 20
53.01237374151725
 30
0.0
 41
1.0
 10
496.9737276394489
 20
53.01564620269651
 30
0.0
 41
1.0
 10
496.9570242281391
 20
53.01980217952632
 30
0.0
 41
1.0
 10
496.9383312976106
 20
53.02488792230299
 30
0.0
 41
1.0
 10
496.9184435669263
 20
53.03053549297231
 30
0.0
 41
1.0
 10
496.8984846212563
 20
53.03620722877809
 30
0.0
 41
1.0
 10
496.8795829806012
 20
53.04137981852221
 30
0.0
 41
1.0
 10
496.8624866770188
 20
53.04576508586229
 30
0.0
 41
1.0
 10
496.847254368463
 20
53.04948164542452
 30
0.0
 41
1.0
 10
496.8334591053562
 20
53.05288863791439
 30
0.0
 41
1.0
 10
496.8203507352112
 20
53.05644501807606
 30
0.0
 41
1.0
 10
496.8070323002097
 20
53.06056421532254
 30
0.0
 41
1.0
 10
496.7926341105943
 20
53.06545765982477
 30
0.0
 41
1.0
 10
496.7764651138053
 20
53.07115445863196
 30
0.0
 41
1.0
 10
496.7581758740425
 20
53.07754247617253
 30
0.0
 41
1.0
 10
496.7378878534072
 20
53.08440153411439
 30
0.0
 41
1.0
 10
496.7164085046114
 20
53.09144024741989
 30
0.0
 41
1.0
 10
496.6951141224905
 20
53.09832995744912
 30
0.0
 41
1.0
 10
496.6755519293561
 20
53.10473865447427
 30
0.0
 41
1.0
 10
496.6591169217349
 20
53.11036380351282
 30
0.0
 41
1.0
 10
496.6467081565467
 20
53.11496784454107
 30
0.0
 41
1.0
 10
496.6383663686679
 20
53.11840703193141
 30
0.0
 41
1.0
 10
496.6333339144791
 20
53.12071470444308
 30
0.0
 41
1.0
 10
496.6301814706512
 20
53.12217496730511
 30
0.0
 41
1.0
 10
496.6268734714226
 20
53.12342994264341
 30
0.0
 41
1.0
 10
496.6209766593595
 20
53.12547938744359
 30
0.0
 41
1.0
 10
496.61041694378
 20
53.1292751165207
 30
0.0
 41
1.0
 10
496.5940472297742
 20
53.13542951956982
 30
0.0
 41
1.0
 10
496.5725094187432
 20
53.14377587311284
 30
0.0
 41
1.0
 10
496.5479996238558
 20
53.15344876073623
 30
0.0
 41
1.0
 10
496.5233320876223
 20
53.16329362687277
 30
0.0
 41
1.0
 10
496.5011724449811
 20
53.17219539943984
 30
0.0
 41
1.0
 10
496.4832864246337
 20
53.17940420719494
 30
0.0
 41
1.0
 10
496.4695657290755
 20
53.18495426333619
 30
0.0
 41
1.0
 10
496.4583456839488
 20
53.18953426145959
 30
0.0
 41
1.0
 10
496.4473502797085
 20
53.19409096210996
 30
0.0
 41
1.0
 10
496.4343642287841
 20
53.19954854746114
 30
0.0
 41
1.0
 10
496.4181882033954
 20
53.20640852297906
 30
0.0
 41
1.0
 10
496.3987551064636
 20
53.21470240892594
 30
0.0
 41
1.0
 10
496.3766287520958
 20
53.22420382441315
 30
0.0
 41
1.0
 10
496.3526684282459
 20
53.23457105513526
 30
0.0
 41
1.0
 10
496.3276467047954
 20
53.24550888404409
 30
0.0
 41
1.0
 10
496.3018321084311
 20
53.2569461541248
 30
0.0
 41
1.0
 10
496.2750704544848
 20
53.2689964126412
 30
0.0
 41
1.0
 10
496.2469711599315
 20
53.28187307708226
 30
0.0
 41
1.0
 10
496.2170600790722
 20
53.29581897489802
 30
0.0
 41
1.0
 10
496.1849386601387
 20
53.31103347075881
 30
0.0
 41
1.0
 10
496.1504588813069
 20
53.32759196126737
 30
0.0
 41
1.0
 10
496.1138338126358
 20
53.3453956321825
 30
0.0
 41
1.0
 10
496.075523939604
 20
53.36422621144947
 30
0.0
 41
1.0
 10
496.036160538841
 20
53.38378340582529
 30
0.0
 41
1.0
 10
495.9964557342179
 20
53.40372851351901
 30
0.0
 41
1.0
 10
495.957115518007
 20
53.42372677957001
 30
0.0
 41
1.0
 10
495.918757925857
 20
53.44348703537512
 30
0.0
 41
1.0
 10
495.8818130823716
 20
53.46281056764496
 30
0.0
 41
1.0
 10
495.8464943521023
 20
53.48160393930555
 30
0.0
 41
1.0
 10
495.8128393766709
 20
53.49985637796983
 30
0.0
 41
1.0
 10
495.7807320538206
 20
53.51762686653799
 30
0.0
 41
1.0
 10
495.7499320352447
 20
53.53502730999842
 30
0.0
 41
1.0
 10
495.7201014753146
 20
53.55220735506584
 30
0.0
 41
1.0
 10
495.690831693719
 20
53.56933862587546
 30
0.0
 41
1.0
 10
495.6616735599213
 20
53.58659887204552
 30
0.0
 41
1.0
 10
495.6321926185281
 20
53.60415344326348
 30
0.0
 41
1.0
 10
495.6020204574364
 20
53.62213735711556
 30
0.0
 41
1.0
 10
495.5709088292755
 20
53.64063666749821
 30
0.0
 41
1.0
 10
495.5387797206086
 20
53.6596711639261
 30
0.0
 41
1.0
 10
495.5057841558773
 20
53.67917398353135
 30
0.0
 41
1.0
 10
495.4723368536043
 20
53.69897987875255
 30
0.0
 41
1.0
 10
495.4389982181531
 20
53.71886838509233
 30
0.0
 41
1.0
 10
495.4063724756282
 20
53.73860116915508
 30
0.0
 41
1.0
 10
495.3750009882083
 20
53.75796113596891
 30
0.0
 41
1.0
 10
495.3452544776804
 20
53.77679187034495
 30
0.0
 41
1.0
 10
495.3172330360629
 20
53.79503441268731
 30
0.0
 41
1.0
 10
495.2906430992486
 20
53.81277196952801
 30
0.0
 41
1.0
 10
495.2649200369407
 20
53.83018985970494
 30
0.0
 41
1.0
 10
495.2393804121503
 20
53.84752515269667
 30
0.0
 41
1.0
 10
495.2133667004915
 20
53.86501906487104
 30
0.0
 41
1.0
 10
495.1863883394814
 20
53.88287027249759
 30
0.0
 41
1.0
 10
495.1582806969321
 20
53.90118288290565
 30
0.0
 41
1.0
 10
495.1293073868035
 20
53.91993152679724
 30
0.0
 41
1.0
 10
495.099969816525
 20
53.93901492851696
 30
0.0
 41
1.0
 10
495.0708572186058
 20
53.95829737389448
 30
0.0
 41
1.0
 10
495.0424760952382
 20
53.97765606305519
 30
0.0
 41
1.0
 10
495.0150996500466
 20
53.99702321139614
 30
0.0
 41
1.0
 10
494.9885815687111
 20
54.01643699009348
 30
0.0
 41
1.0
 10
494.9622704778443
 20
54.03606860769592
 30
0.0
 41
1.0
 10
494.9352769551706
 20
54.05618012381488
 30
0.0
 41
1.0
 10
494.9066611049532
 20
54.077086266647
 30
0.0
 41
1.0
 10
494.8756946635707
 20
54.09913030200854
 30
0.0
 41
1.0
 10
494.8419920311228
 20
54.12261815106269
 30
0.0
 41
1.0
 10
494.8059377881963
 20
54.1478570221632
 30
0.0
 41
1.0
 10
494.768199526139
 20
54.17486193444204
 30
0.0
 41
1.0
 10
494.7294322470776
 20
54.20334149405306
 30
0.0
 41
1.0
 10
494.6903504560902
 20
54.23280767996125
 30
0.0
 41
1.0
 10
494.6516501425993
 20
54.26263452409557
 30
0.0
 41
1.0
 10
494.6139951825961
 20
54.29213839417215
 30
0.0
 41
1.0
 10
494.5779756819611
 20
54.32064953986596
 30
0.0
 41
1.0
 10
494.5440791519998
 20
54.3475860080624
 30
0.0
 41
1.0
 10
494.5126540255731
 20
54.37253034563049
 30
0.0
 41
1.0
 10
494.4839317348012
 20
54.39520556226064
 30
0.0
 41
1.0
 10
494.4580506640408
 20
54.41544566300976
 30
0.0
 41
1.0
 10
494.4396736923739
 20
54.42962371013372
 30
0.0
 41
1.0
 10
494.4272104953296
 20
54.43911214592986
 30
0.0
 41
1.0
 10
494.4194881096869
 20
54.44492887846841
 30
0.0
 41
1.0
 10
494.4157735200053
 20
54.44771002176764
 30
0.0
 41
1.0
  0
SPLINE
  5
190
330
70
100
AcDbEntity
  8
Untitled v10_Sketch14
100
AcDbSpline
210
0.0
220
0.0
230
1.0
 70
    12
 71
     5
 72
    86
 73
    80
 74
     0
 42
0.000000001
 43
0.0000000001
 40
0.0
 40
0.0
 40
0.0
 40
0.0
 40
0.0
 40
0.0
 40
0.0133333333333333
 40
0.0266666666666667
 40
0.04
 40
0.0533333333333333
 40
0.0666666666666667
 40
0.08
 40
0.0933333333333334
 40
0.1066666666666667
 40
0.12
 40
0.1333333333333333
 40
0.1466666666666667
 40
0.16
 40
0.1733333333333333
 40
0.1866666666666667
 40
0.2
 40
0.2133333333333333
 40
0.2266666666666667
 40
0.24
 40
0.2533333333333334
 40
0.2666666666666666
 40
0.28
 40
0.2933333333333333
 40
0.3066666666666666
 40
0.3199999999999999
 40
0.3333333333333332
 40
0.3466666666666665
 40
0.3599999999999998
 40
0.3733333333333331
 40
0.3866666666666665
 40
0.3999999999999997
 40
0.4133333333333331
 40
0.4266666666666664
 40
0.4399999999999997
 40
0.453333333333333
 40
0.4666666666666663
 40
0.4799999999999997
 40
0.493333333333333
 40
0.5066666666666663
 40
0.5199999999999996
 40
0.5333333333333329
 40
0.5466666666666662
 40
0.5599999999999996
 40
0.5733333333333328
 40
0.5866666666666661
 40
0.5999999999999995
 40
0.6133333333333328
 40
0.6266666666666661
 40
0.6399999999999994
 40
0.6533333333333326
 40
0.666666666666666
 40
0.6799999999999993
 40
0.6933333333333326
 40
0.706666666666666
 40
0.7199999999999993
 40
0.7333333333333325
 40
0.7466666666666658
 40
0.7599999999999991
 40
0.7733333333333325
 40
0.7866666666666658
 40
0.7999999999999991
 40
0.8133333333333323
 40
0.8266666666666656
 40
0.8399999999999989
 40
0.8533333333333322
 40
0.8666666666666655
 40
0.8799999999999988
 40
0.8933333333333322
 40
0.9066666666666655
 40
0.9199999999999988
 40
0.9333333333333321
 40
0.9466666666666654
 40
0.9599999999999987
 40
0.973333333333332
 40
0.9866666666666652
 40
1.0
 40
1.0
 40
1.0
 40
1.0
 40
1.0
 40
1.0
 10
494.6456837572542
 20
55.52947715808542
 30
0.0
 41
1.0
 10
494.6634707366616
 20
55.53404670722045
 30
0.0
 41
1.0
 10
494.698491715382
 20
55.54301053321708
 30
0.0
 41
1.0
 10
494.7493642383543
 20
55.55593045401096
 30
0.0
 41
1.0
 10
494.8138754602514
 20
55.57210508622695
 30
0.0
 41
1.0
 10
494.8890187152654
 20
55.59057946579557
 30
0.0
 41
1.0
 10
494.9587833639324
 20
55.60734112874825
 30
0.0
 41
1.0
 10
495.0234097171353
 20
55.62245439659022
 30
0.0
 41
1.0
 10
495.0833079078589
 20
55.63602941512186
 30
0.0
 41
1.0
 10
495.1390931712587
 20
55.64823160048455
 30
0.0
 41
1.0
 10
495.1916497350782
 20
55.65929923999242
 30
0.0
 41
1.0
 10
495.2420836391554
 20
55.66952942235808
 30
0.0
 41
1.0
 10
495.2915877312403
 20
55.67923891701411
 30
0.0
 41
1.0
 10
495.3413293497692
 20
55.68873153274033
 30
0.0
 41
1.0
 10
495.3923343444508
 20
55.6982643958274
 30
0.0
 41
1.0
 10
495.4453591102947
 20
55.70801088352936
 30
0.0
 41
1.0
 10
495.5008087941341
 20
55.71803648120997
 30
0.0
 41
1.0
 10
495.5588444469086
 20
55.72832740047708
 30
0.0
 41
1.0
 10
495.6194590737037
 20
55.7388106512765
 30
0.0
 41
1.0
 10
495.6825692965526
 20
55.74937809830991
 30
0.0
 41
1.0
 10
495.7480917866351
 20
55.75990712055848
 30
0.0
 41
1.0
 10
495.8160470967702
 20
55.77028678082292
 30
0.0
 41
1.0
 10
495.8865658465598
 20
55.78042486704212
 30
0.0
 41
1.0
 10
495.9598097216801
 20
55.79023835267769
 30
0.0
 41
1.0
 10
496.0359163912496
 20
55.79964850967122
 30
0.0
 41
1.0
 10
496.1149343848473
 20
55.80857409004423
 30
0.0
 41
1.0
 10
496.1967626587888
 20
55.81692541350854
 30
0.0
 41
1.0
 10
496.2810868035908
 20
55.82459787683468
 30
0.0
 41
1.0
 10
496.367319701186
 20
55.83146621296428
 30
0.0
 41
1.0
 10
496.4546748758124
 20
55.83739985553243
 30
0.0
 41
1.0
 10
496.5422361380639
 20
55.84227771879668
 30
0.0
 41
1.0
 10
496.6290285540183
 20
55.84600328148745
 30
0.0
 41
1.0
 10
496.7140884557838
 20
55.84851940179525
 30
0.0
 41
1.0
 10
496.7965345404038
 20
55.84982369328038
 30
0.0
 41
1.0
 10
496.8756369649445
 20
55.84998279316664
 30
0.0
 41
1.0
 10
496.9508918678951
 20
55.84914974776431
 30
0.0
 41
1.0
 10
497.0220027015359
 20
55.84752507581377
 30
0.0
 41
1.0
 10
497.0888555750503
 20
55.84531337352387
 30
0.0
 41
1.0
 10
497.1514970333229
 20
55.84268302784359
 30
0.0
 41
1.0
 10
497.2101109884841
 20
55.83972127648159
 30
0.0
 41
1.0
 10
497.2649963308224
 20
55.83639894164697
 30
0.0
 41
1.0
 10
497.3165441378106
 20
55.83251081353395
 30
0.0
 41
1.0
 10
497.3652168724742
 20
55.82776513754275
 30
0.0
 41
1.0
 10
497.411527614023
 20
55.82191013452465
 30
0.0
 41
1.0
 10
497.4560202773878
 20
55.81485578858611
 30
0.0
 41
1.0
 10
497.4992474211465
 20
55.80678041605175
 30
0.0
 41
1.0
 10
497.5417542506114
 20
55.79828744446004
 30
0.0
 41
1.0
 10
497.5840363695555
 20
55.79033948124042
 30
0.0
 41
1.0
 10
497.6264821582451
 20
55.78405377440624
 30
0.0
 41
1.0
 10
497.669317823303
 20
55.78053600627164
 30
0.0
 41
1.0
 10
497.7125552891719
 20
55.78070658346995
 30
0.0
 41
1.0
 10
497.7559280840114
 20
55.78510876898405
 30
0.0
 41
1.0
 10
497.7988963252943
 20
55.79385269318528
 30
0.0
 41
1.0
 10
497.8406801853373
 20
55.80661593584522
 30
0.0
 41
1.0
 10
497.880279151207
 20
55.82261844561188
 30
0.0
 41
1.0
 10
497.9165073177568
 20
55.84062227342919
 30
0.0
 41
1.0
 10
497.9479933194743
 20
55.85888054497999
 30
0.0
 41
1.0
 10
497.9735284372543
 20
55.87555160008498
 30
0.0
 41
1.0
 10
497.992522240431
 20
55.88923863376599
 30
0.0
 41
1.0
 10
498.0053291673233
 20
55.89939549507441
 30
0.0
 41
1.0
 10
498.0138512611418
 20
55.90700630900833
 30
0.0
 41
1.0
 10
498.021106584904
 20
55.91424953225214
 30
0.0
 41
1.0
 10
498.0298892130288
 20
55.92327411666431
 30
0.0
 41
1.0
 10
498.0417219335759
 20
55.93525849571811
 30
0.0
 41
1.0
 10
498.0555950391657
 20
55.94927063664052
 30
0.0
 41
1.0
 10
498.069203122098
 20
55.96334153855835
 30
0.0
 41
1.0
 10
498.0802113527525
 20
55.97556218281624
 30
0.0
 41
1.0
 10
498.0876350757036
 20
55.9852837187546
 30
0.0
 41
1.0
 10
498.0928089085773
 20
55.99394763306719
 30
0.0
 41
1.0
 10
498.0979678569339
 20
56.00375522775252
 30
0.0
 41
1.0
 10
498.1052532834321
 20
56.01672862422418
 30
0.0
 41
1.0
 10
498.1152889475304
 20
56.03336383562172
 30
0.0
 41
1.0
 10
498.1271611560572
 20
56.05263658953042
 30
0.0
 41
1.0
 10
498.139257013647
 20
56.07283946431522
 30
0.0
 41
1.0
 10
498.1497988928706
 20
56.09212242577022
 30
0.0
 41
1.0
 10
498.1576171220831
 20
56.10927021642808
 30
0.0
 41
1.0
 10
498.1612483251059
 20
56.12081772545252
 30
0.0
 41
1.0
 10
498.1624093332536
 20
56.12816695867657
 30
0.0
 41
1.0
 10
498.1624896573776
 20
56.13248429707773
 30
0.0
 41
1.0
 10
498.1623563694143
 20
56.13449739842415
 30
0.0
 41
1.0
  0
SPLINE
  5
191
330
70
100
AcDbEntity
  8
Untitled v10_Sketch14
100
AcDbSpline
210
0.0
220
0.0
230
1.0
 70
    12
 71
     5
 72
   156
 73
   150
 74
     0
 42
0.000000001
 43
0.0000000001
 40
0.0
 40
0.0
 40
0.0
 40
0.0
 40
0.0
 40
0.0
 40
0.0068965517241379
 40
0.0137931034482759
 40
0.0206896551724138
 40
0.0275862068965517
 40
0.0344827586206897
 40
0.0413793103448276
 40
0.0482758620689655
 40
0.0551724137931035
 40
0.0620689655172414
 40
0.0689655172413793
 40
0.0758620689655173
 40
0.0827586206896552
 40
0.0896551724137931
 40
0.0965517241379311
 40
0.103448275862069
 40
0.1103448275862069
 40
0.1172413793103448
 40
0.1241379310344828
 40
0.1310344827586207
 40
0.1379310344827586
 40
0.1448275862068966
 40
0.1517241379310345
 40
0.1586206896551725
 40
0.1655172413793104
 40
0.1724137931034483
 40
0.1793103448275863
 40
0.1862068965517242
 40
0.1931034482758622
 40
0.2000000000000001
 40
0.2068965517241381
 40
0.213793103448276
 40
0.220689655172414
 40
0.2275862068965519
 40
0.2344827586206899
 40
0.2413793103448278
 40
0.2482758620689657
 40
0.2551724137931037
 40
0.2620689655172416
 40
0.2689655172413796
 40
0.2758620689655175
 40
0.2827586206896555
 40
0.2896551724137934
 40
0.2965517241379314
 40
0.3034482758620693
 40
0.3103448275862072
 40
0.3172413793103452
 40
0.3241379310344831
 40
0.3310344827586211
 40
0.337931034482759
 40
0.344827586206897
 40
0.3517241379310349
 40
0.3586206896551729
 40
0.3655172413793108
 40
0.3724137931034487
 40
0.3793103448275867
 40
0.3862068965517246
 40
0.3931034482758626
 40
0.4000000000000006
 40
0.4068965517241385
 40
0.4137931034482765
 40
0.4206896551724144
 40
0.4275862068965524
 40
0.4344827586206903
 40
0.4413793103448282
 40
0.4482758620689661
 40
0.4551724137931041
 40
0.462068965517242
 40
0.46896551724138
 40
0.4758620689655179
 40
0.4827586206896559
 40
0.4896551724137938
 40
0.4965517241379318
 40
0.5034482758620697
 40
0.5103448275862076
 40
0.5172413793103456
 40
0.5241379310344835
 40
0.5310344827586215
 40
0.5379310344827594
 40
0.5448275862068974
 40
0.5517241379310353
 40
0.5586206896551733
 40
0.5655172413793112
 40
0.5724137931034491
 40
0.579310344827587
 40
0.586206896551725
 40
0.5931034482758629
 40
0.6000000000000009
 40
0.6068965517241388
 40
0.6137931034482768
 40
0.6206896551724147
 40
0.6275862068965527
 40
0.6344827586206906
 40
0.6413793103448286
 40
0.6482758620689665
 40
0.6551724137931045
 40
0.6620689655172424
 40
0.6689655172413804
 40
0.6758620689655183
 40
0.6827586206896563
 40
0.6896551724137942
 40
0.6965517241379322
 40
0.7034482758620701
 40
0.710344827586208
 40
0.7172413793103459
 40
0.7241379310344839
 40
0.7310344827586218
 40
0.7379310344827598
 40
0.7448275862068977
 40
0.7517241379310357
 40
0.7586206896551736
 40
0.7655172413793116
 40
0.7724137931034495
 40
0.7793103448275875
 40
0.7862068965517254
 40
0.7931034482758634
 40
0.8000000000000012
 40
0.8068965517241391
 40
0.8137931034482772
 40
0.8206896551724151
 40
0.827586206896553
 40
0.8344827586206909
 40
0.841379310344829
 40
0.8482758620689669
 40
0.8551724137931048
 40
0.8620689655172427
 40
0.8689655172413807
 40
0.8758620689655186
 40
0.8827586206896565
 40
0.8896551724137944
 40
0.8965517241379325
 40
0.9034482758620704
 40
0.9103448275862083
 40
0.9172413793103462
 40
0.9241379310344843
 40
0.9310344827586222
 40
0.9379310344827601
 40
0.944827586206898
 40
0.9517241379310361
 40
0.958620689655174
 40
0.9655172413793119
 40
0.9724137931034498
 40
0.9793103448275878
 40
0.9862068965517257
 40
0.9931034482758636
 40
1.0
 40
1.0
 40
1.0
 40
1.0
 40
1.0
 40
1.0
 10
497.3250501455656
 20
48.07371167150279
 30
0.0
 41
1.0
 10
497.3255083695366
 20
48.07735044891749
 30
0.0
 41
1.0
 10
497.326203771201
 20
48.08485096530866
 30
0.0
 41
1.0
 10
497.326583731938
 20
48.09677063134422
 30
0.0
 41
1.0
 10
497.3257639854131
 20
48.11400134727087
 30
0.0
 41
1.0
 10
497.3225578876386
 20
48.13770436116698
 30
0.0
 41
1.0
 10
497.3172594427073
 20
48.16337456824207
 30
0.0
 41
1.0
 10
497.3100467454396
 20
48.19061821519113
 30
0.0
 41
1.0
 10
497.3012191755509
 20
48.2187740437731
 30
0.0
 41
1.0
 10
497.2912211139671
 20
48.24686183512639
 30
0.0
 41
1.0
 10
497.2805537701391
 20
48.27378865799332
 30
0.0
 41
1.0
 10
497.2696964609952
 20
48.29853355710568
 30
0.0
 41
1.0
 10
497.2590202220977
 20
48.32034942170047
 30
0.0
 41
1.0
 10
497.2487140341776
 20
48.33893695553193
 30
0.0
 41
1.0
 10
497.2386809292913
 20
48.35468494134865
 30
0.0
 41
1.0
 10
497.2286486546504
 20
48.36844378292525
 30
0.0
 41
1.0
 10
497.2183413490191
 20
48.3811725825992
 30
0.0
 41
1.0
 10
497.2076107767569
 20
48.39366083882111
 30
0.0
 41
1.0
 10
497.1966303632981
 20
48.40614550885803
 30
0.0
 41
1.0
 10
497.1859045316
 20
48.41822483481735
 30
0.0
 41
1.0
 10
497.1759467020336
 20
48.42929453606778
 30
0.0
 41
1.0
 10
497.1670459499905
 20
48.43885124286927
 30
0.0
 41
1.0
 10
497.1589659768156
 20
48.44688461909377
 30
0.0
 41
1.0
 10
497.150767994677
 20
48.45412676630054
 30
0.0
 41
1.0
 10
497.1412856307432
 20
48.46159011470135
 30
0.0
 41
1.0
 10
497.1295014865107
 20
48.47020862748252
 30
0.0
 41
1.0
 10
497.1150066320753
 20
48.48039684593125
 30
0.0
 41
1.0
 10
497.098292142414
 20
48.49176879936365
 30
0.0
 41
1.0
 10
497.0803566010237
 20
48.50349842836877
 30
0.0
 41
1.0
 10
497.062393839193
 20
48.5146063133321
 30
0.0
 41
1.0
 10
497.0454760977225
 20
48.52424734892174
 30
0.0
 41
1.0
 10
497.0301738132467
 20
48.53206612576975
 30
0.0
 41
1.0
 10
497.0165095964128
 20
48.53820101348617
 30
0.0
 41
1.0
 10
497.0041212769752
 20
48.54306161717516
 30
0.0
 41
1.0
 10
496.9923641298256
 20
48.54718445212093
 30
0.0
 41
1.0
 10
496.9804310575677
 20
48.55103536181339
 30
0.0
 41
1.0
 10
496.9674919708851
 20
48.55490785666674
 30
0.0
 41
1.0
 10
496.952903635796
 20
48.55894235367067
 30
0.0
 41
1.0
 10
496.9363789445169
 20
48.56312204801525
 30
0.0
 41
1.0
 10
496.9182237498761
 20
48.56726877912713
 30
0.0
 41
1.0
 10
496.8993846999909
 20
48.57106802345683
 30
0.0
 41
1.0
 10
496.8810024913635
 20
48.57418466706221
 30
0.0
 41
1.0
 10
496.8640414847964
 20
48.57636571425331
 30
0.0
 41
1.0
 10
496.8489196733752
 20
48.57753939559259
 30
0.0
 41
1.0
 10
496.8350584215951
 20
48.57793892633146
 30
0.0
 41
1.0
 10
496.8212520785246
 20
48.57798846686662
 30
0.0
 41
1.0
 10
496.8062143608213
 20
48.57813767120489
 30
0.0
 41
1.0
 10
496.7890118829548
 20
48.57872999548185
 30
0.0
 41
1.0
 10
496.769670052428
 20
48.57981812378426
 30
0.0
 41
1.0
 10
496.7490427204081
 20
48.58120738977127
 30
0.0
 41
1.0
 10
496.7283407054067
 20
48.5826054864006
 30
0.0
 41
1.0
 10
496.7087766690703
 20
48.58373517058048
 30
0.0
 41
1.0
 10
496.6911422123923
 20
48.58447008792325
 30
0.0
 41
1.0
 10
496.6754700501422
 20
48.58493845671517
 30
0.0
 41
1.0
 10
496.6612678930637
 20
48.58540280176697
 30
0.0
 41
1.0
 10
496.6477065592441
 20
48.5861560830888
 30
0.0
 41
1.0
 10
496.6338227347376
 20
48.58741620765215
 30
0.0
 41
1.0
 10
496.6187217757902
 20
48.58920916670363
 30
0.0
 41
1.0
 10
496.6017216793024
 20
48.59141975332747
 30
0.0
 41
1.0
 10
496.5825039597813
 20
48.59386563059537
 30
0.0
 41
1.0
 10
496.5612332027392
 20
48.59635668499095
 30
0.0
 41
1.0
 10
496.5387597984647
 20
48.5987757777972
 30
0.0
 41
1.0
 10
496.5164982984227
 20
48.60108758014035
 30
0.0
 41
1.0
 10
496.4960311431087
 20
48.60328902310861
 30
0.0
 41
1.0
 10
496.4787857455883
 20
48.60537421892132
 30
0.0
 41
1.0
 10
496.4656909077366
 20
48.60729772325562
 30
0.0
 41
1.0
 10
496.4568163606717
 20
48.60892740092758
 30
0.0
 41
1.0
 10
496.4514140855874
 20
48.61013833919884
 30
0.0
 41
1.0
 10
496.4480269245
 20
48.61091126188725
 30
0.0
 41
1.0
 10
496.4445302889467
 20
48.61145104129057
 30
0.0
 41
1.0
 10
496.4383362328417
 20
48.61222968463827
 30
0.0
 41
1.0
 10
496.4272180959328
 20
48.61374697960727
 30
0.0
 41
1.0
 10
496.4099265271094
 20
48.61636343926662
 30
0.0
 41
1.0
 10
496.3871240644471
 20
48.62004944225169
 30
0.0
 41
1.0
 10
496.3611387609626
 20
48.62441508117598
 30
0.0
 41
1.0
 10
496.3349634068156
 20
48.62891614420036
 30
0.0
 41
1.0
 10
496.3114372229472
 20
48.63301614290968
 30
0.0
 41
1.0
 10
496.2924432596485
 20
48.63634870818707
 30
0.0
 41
1.0
 10
496.2778684726514
 20
48.63892478927283
 30
0.0
 41
1.0
 10
496.2659413772769
 20
48.64107192489534
 30
0.0
 41
1.0
 10
496.2542388576633
 20
48.6432429776169
 30
0.0
 41
1.0
 10
496.2404018873105
 20
48.64588134982916
 30
0.0
 41
1.0
 10
496.2231530777783
 20
48.64922823363386
 30
0.0
 41
1.0
 10
496.2024202447889
 20
48.65330051023263
 30
0.0
 41
1.0
 10
496.178801948992
 20
48.65799396924685
 30
0.0
 41
1.0
 10
496.1532097472368
 20
48.66315301965968
 30
0.0
 41
1.0
 10
496.1264607059752
 20
48.66864952193431
 30
0.0
 41
1.0
 10
496.0988322783168
 20
48.67446970384484
 30
0.0
 41
1.0
 10
496.0701500410945
 20
48.68069257457989
 30
0.0
 41
1.0
 10
496.0399875744689
 20
48.68744568116696
 30
0.0
 41
1.0
 10
496.0078306072961
 20
48.69486796425981
 30
0.0
 41
1.0
 10
495.9732478468749
 20
48.70307156836048
 30
0.0
 41
1.0
 10
495.9360788301776
 20
48.71209946700737
 30
0.0
 41
1.0
 10
495.8965525158076
 20
48.72189930504347
 30
0.0
 41
1.0
 10
495.8551647078427
 20
48.73235332049681
 30
0.0
 41
1.0
 10
495.8125953224793
 20
48.74329903204362
 30
0.0
 41
1.0
 10
495.7696113420355
 20
48.75455319821796
 30
0.0
 41
1.0
 10
495.7269729306284
 20
48.76593516330501
 30
0.0
 41
1.0
 10
495.6853451557013
 20
48.77728861827101
 30
0.0
 41
1.0
 10
495.6451900574199
 20
48.78850862012242
 30
0.0
 41
1.0
 10
495.6067357644679
 20
48.79954813459413
 30
0.0
 41
1.0
 10
495.5700213356127
 20
48.81040445083478
 30
0.0
 41
1.0
 10
495.5349209424759
 20
48.82111112381011
 30
0.0
 41
1.0
 10
495.5011762225823
 20
48.83172764189325
 30
0.0
 41
1.0
 10
495.4684255997399
 20
48.84233013960333
 30
0.0
 41
1.0
 10
495.4362336416182
 20
48.85300152126191
 30
0.0
 41
1.0
 10
495.404124076037
 20
48.86382227274232
 30
0.0
 41
1.0
 10
495.3716375633624
 20
48.87486380208905
 30
0.0
 41
1.0
 10
495.3383856704451
 20
48.88618157924703
 30
0.0
 41
1.0
 10
495.304107683104
 20
48.8978081640981
 30
0.0
 41
1.0
 10
495.2687231782115
 20
48.90974669380277
 30
0.0
 41
1.0
 10
495.232393781535
 20
48.92196316635441
 30
0.0
 41
1.0
 10
495.1955595059019
 20
48.93438217007656
 30
0.0
 41
1.0
 10
495.1588143466428
 20
48.9469045727688
 30
0.0
 41
1.0
 10
495.1227988783708
 20
48.95942287486299
 30
0.0
 41
1.0
 10
495.0880877697851
 20
48.97183728095932
 30
0.0
 41
1.0
 10
495.0550761620586
 20
48.98407187130949
 30
0.0
 41
1.0
 10
495.0238742183481
 20
48.99608978502719
 30
0.0
 41
1.0
 10
494.9941774900159
 20
49.00791137497186
 30
0.0
 41
1.0
 10
494.9653951553386
 20
49.01960051708087
 30
0.0
 41
1.0
 10
494.9368094225496
 20
49.03124700575581
 30
0.0
 41
1.0
 10
494.9077269840451
 20
49.04295007920119
 30
0.0
 41
1.0
 10
494.8776266901906
 20
49.05480207845819
 30
0.0
 41
1.0
 10
494.8463258612755
 20
49.06687060690472
 30
0.0
 41
1.0
 10
494.8140876252359
 20
49.07918565804685
 30
0.0
 41
1.0
 10
494.7814234889385
 20
49.0917524178117
 30
0.0
 41
1.0
 10
494.7489380253111
 20
49.1045606460365
 30
0.0
 41
1.0
 10
494.7171521997876
 20
49.11759553404571
 30
0.0
 41
1.0
 10
494.6863473390489
 20
49.13084758072017
 30
0.0
 41
1.0
 10
494.6563723898605
 20
49.14432370264648
 30
0.0
 41
1.0
 10
494.6265546166471
 20
49.15805593891342
 30
0.0
 41
1.0
 10
494.5959695478872
 20
49.17211570121203
 30
0.0
 41
1.0
 10
494.5636323911495
 20
49.18661542486105
 30
0.0
 41
1.0
 10
494.5287594281435
 20
49.20173945997397
 30
0.0
 41
1.0
 10
494.4909098806656
 20
49.21770687187546
 30
0.0
 41
1.0
 10
494.450396053086
 20
49.23489811447964
 30
0.0
 41
1.0
 10
494.4078678256266
 20
49.25346667876027
 30
0.0
 41
1.0
 10
494.3640264712331
 20
49.27326372112574
 30
0.0
 41
1.0
 10
494.3196723466122
 20
49.29396043893028
 30
0.0
 41
1.0
 10
494.2756163782278
 20
49.31508924734458
 30
0.0
 41
1.0
 10
494.2326500699316
 20
49.33611948067039
 30
0.0
 41
1.0
 10
494.1914898812975
 20
49.35651871414556
 30
0.0
 41
1.0
 10
494.1527336651953
 20
49.37581907102703
 30
0.0
 41
1.0
 10
494.1168090337781
 20
49.39368466380166
 30
0.0
 41
1.0
 10
494.0839999513428
 20
49.409892672506
 30
0.0
 41
1.0
 10
494.0544762905051
 20
49.4243095013104
 30
0.0
 41
1.0
 10
494.0335531180102
 20
49.43435693683632
 30
0.0
 41
1.0
 10
494.0193895149943
 20
49.44104678317465
 30
0.0
 41
1.0
 10
494.0106265153088
 20
49.44513083189519
 30
0.0
 41
1.0
 10
494.0064148661183
 20
49.44707889391928
 30
0.0
 41
1.0
  0
SPLINE
  5
192
330
70
100
AcDbEntity
  8
Untitled v10_Sketch14
100
AcDbSpline
210
0.0
220
0.0
230
1.0
 70
    12
 71
     5
 72
   156
 73
   150
 74
     0
 42
0.000000001
 43
0.0000000001
 40
0.0
 40
0.0
 40
0.0
 40
0.0
 40
0.0
 40
0.0
 40
0.0068965517241379
 40
0.0137931034482759
 40
0.0206896551724138
 40
0.0275862068965517
 40
0.0344827586206897
 40
0.0413793103448276
 40
0.0482758620689655
 40
0.0551724137931035
 40
0.0620689655172414
 40
0.0689655172413793
 40
0.0758620689655173
 40
0.0827586206896552
 40
0.0896551724137931
 40
0.0965517241379311
 40
0.103448275862069
 40
0.1103448275862069
 40
0.1172413793103448
 40
0.1241379310344828
 40
0.1310344827586207
 40
0.1379310344827586
 40
0.1448275862068966
 40
0.1517241379310345
 40
0.1586206896551725
 40
0.1655172413793104
 40
0.1724137931034483
 40
0.1793103448275863
 40
0.1862068965517242
 40
0.1931034482758622
 40
0.2000000000000001
 40
0.2068965517241381
 40
0.213793103448276
 40
0.220689655172414
 40
0.2275862068965519
 40
0.2344827586206899
 40
0.2413793103448278
 40
0.2482758620689657
 40
0.2551724137931037
 40
0.2620689655172416
 40
0.2689655172413796
 40
0.2758620689655175
 40
0.2827586206896555
 40
0.2896551724137934
 40
0.2965517241379314
 40
0.3034482758620693
 40
0.3103448275862072
 40
0.3172413793103452
 40
0.3241379310344831
 40
0.3310344827586211
 40
0.337931034482759
 40
0.344827586206897
 40
0.3517241379310349
 40
0.3586206896551729
 40
0.3655172413793108
 40
0.3724137931034487
 40
0.3793103448275867
 40
0.3862068965517246
 40
0.3931034482758626
 40
0.4000000000000006
 40
0.4068965517241385
 40
0.4137931034482765
 40
0.4206896551724144
 40
0.4275862068965524
 40
0.4344827586206903
 40
0.4413793103448282
 40
0.4482758620689661
 40
0.4551724137931041
 40
0.462068965517242
 40
0.46896551724138
 40
0.4758620689655179
 40
0.4827586206896559
 40
0.4896551724137938
 40
0.4965517241379318
 40
0.5034482758620697
 40
0.5103448275862076
 40
0.5172413793103456
 40
0.5241379310344835
 40
0.5310344827586215
 40
0.5379310344827594
 40
0.5448275862068974
 40
0.5517241379310353
 40
0.5586206896551733
 40
0.5655172413793112
 40
0.5724137931034491
 40
0.579310344827587
 40
0.586206896551725
 40
0.5931034482758629
 40
0.6000000000000009
 40
0.6068965517241388
 40
0.6137931034482768
 40
0.6206896551724147
 40
0.6275862068965527
 40
0.6344827586206906
 40
0.6413793103448286
 40
0.6482758620689665
 40
0.6551724137931045
 40
0.6620689655172424
 40
0.6689655172413804
 40
0.6758620689655183
 40
0.6827586206896563
 40
0.6896551724137942
 40
0.6965517241379322
 40
0.7034482758620701
 40
0.710344827586208
 40
0.7172413793103459
 40
0.7241379310344839
 40
0.7310344827586218
 40
0.7379310344827598
 40
0.7448275862068977
 40
0.7517241379310357
 40
0.7586206896551736
 40
0.7655172413793116
 40
0.7724137931034495
 40
0.7793103448275875
 40
0.7862068965517254
 40
0.7931034482758634
 40
0.8000000000000012
 40
0.8068965517241391
 40
0.8137931034482772
 40
0.8206896551724151
 40
0.827586206896553
 40
0.8344827586206909
 40
0.841379310344829
 40
0.8482758620689669
 40
0.8551724137931048
 40
0.8620689655172427
 40
0.8689655172413807
 40
0.8758620689655186
 40
0.8827586206896565
 40
0.8896551724137944
 40
0.8965517241379325
 40
0.9034482758620704
 40
0.9103448275862083
 40
0.9172413793103462
 40
0.9241379310344843
 40
0.9310344827586222
 40
0.9379310344827601
 40
0.944827586206898
 40
0.9517241379310361
 40
0.958620689655174
 40
0.9655172413793119
 40
0.9724137931034498
 40
0.9793103448275878
 40
0.9862068965517257
 40
0.9931034482758636
 40
1.0
 40
1.0
 40
1.0
 40
1.0
 40
1.0
 40
1.0
 10
513.4431042463634
 20
29.74169156109891
 30
0.0
 41
1.0
 10
513.4397851623861
 20
29.7432518020523
 30
0.0
 41
1.0
 10
513.4328666383289
 20
29.74623095536813
 30
0.0
 41
1.0
 10
513.4216477765985
 20
29.75027569887533
 30
0.0
 41
1.0
 10
513.4050070763289
 20
29.75482065764765
 30
0.0
 41
1.0
 10
513.3814734318091
 20
29.7590961115791
 30
0.0
 41
1.0
 10
513.3554223045682
 20
29.76198952123631
 30
0.0
 41
1.0
 10
513.3272832105786
 20
29.76354858839585
 30
0.0
 41
1.0
 10
513.2977775572194
 20
29.76385370005257
 30
0.0
 41
1.0
 10
513.2679749092845
 20
29.7630245832957
 30
0.0
 41
1.0
 10
513.2390695884059
 20
29.76120018230691
 30
0.0
 41
1.0
 10
513.2121806978215
 20
29.758520862046
 30
0.0
 41
1.0
 10
513.1881334383847
 20
29.75510862837975
 30
0.0
 41
1.0
 10
513.1672708559979
 20
29.75105072503766
 30
0.0
 41
1.0
 10
513.1491932315522
 20
29.74637507050147
 30
0.0
 41
1.0
 10
513.1330076522577
 20
29.74108552620102
 30
0.0
 41
1.0
 10
513.1177167117768
 20
29.73521611143219
 30
0.0
 41
1.0
 10
513.1025237451315
 20
29.72886981416128
 30
0.0
 41
1.0
 10
513.0872569839751
 20
29.7222847956003
 30
0.0
 41
1.0
 10
513.0724543980354
 20
29.71581664047313
 30
0.0
 41
1.0
 10
513.0588493479647
 20
29.70976690758491
 30
0.0
 41
1.0
 10
513.0470098960428
 20
29.70425497416631
 30
0.0
 41
1.0
 10
513.0368728522115
 20
29.69905291280238
 30
0.0
 41
1.0
 10
513.027451845118
 20
29.69349411503163
 30
0.0
 41
1.0
 10
513.0174235673857
 20
29.6867821525133
 30
0.0
 41
1.0
 10
513.0055853738124
 20
29.67823803226764
 30
0.0
 41
1.0
 10
512.9914166459159
 20
29.66760093914722
 30
0.0
 41
1.0
 10
512.9754362141433
 20
29.65521864170807
 30
0.0
 41
1.0
 10
512.9587382869514
 20
29.64178558289589
 30
0.0
 41
1.0
 10
512.942623261903
 20
29.62813450643136
 30
0.0
 41
1.0
 10
512.9282262225608
 20
29.61502402200537
 30
0.0
 41
1.0
 10
512.9160614579343
 20
29.60288681956168
 30
0.0
 41
1.0
 10
512.9060043577784
 20
29.59178716166484
 30
0.0
 41
1.0
 10
512.897553447729
 20
29.58150717888046
 30
0.0
 41
1.0
 10
512.8899992404136
 20
29.57159949353407
 30
0.0
 41
1.0
 10
512.882649285534
 20
29.56144046394247
 30
0.0
 41
1.0
 10
512.8749679263928
 20
29.55033132795847
 30
0.0
 41
1.0
 10
512.8666228482652
 20
29.53770372494809
 30
0.0
 41
1.0
 10
512.8575413122905
 20
29.52327940621103
 30
0.0
 41
1.0
 10
512.8479872729651
 20
29.50729420042801
 30
0.0
 41
1.0
 10
512.8385523903159
 20
29.49055123033748
 30
0.0
 41
1.0
 10
512.829907871246
 20
29.47403180687793
 30
0.0
 41
1.0
 10
512.8225923328317
 20
29.45857491170706
 30
0.0
 41
1.0
 10
512.816803198831
 20
29.44455590189658
 30
0.0
 41
1.0
 10
512.8121398601549
 20
29.43149652985514
 30
0.0
 41
1.0
 10
512.8078263496672
 20
29.41838122617895
 30
0.0
 41
1.0
 10
512.803037537582
 20
29.40412561344324
 30
0.0
 41
1.0
 10
512.7971583457126
 20
29.38794812303971
 30
0.0
 41
1.0
 10
512.7901465198649
 20
29.36988919921763
 30
0.0
 41
1.0
 10
512.7824510532524
 20
29.35070074748601
 30
0.0
 41
1.0
 10
512.7747241098894
 20
29.33144399683662
 30
0.0
 41
1.0
 10
512.7676040966822
 20
29.31318658420377
 30
0.0
 41
1.0
 10
512.7614558019545
 20
29.29664232121727
 30
0.0
 41
1.0
 10
512.756167392289
 20
29.2818819431012
 30
0.0
 41
1.0
 10
512.7513370660076
 20
29.26851837957844
 30
0.0
 41
1.0
 10
512.7464299702812
 20
29.25585356140978
 30
0.0
 41
1.0
 10
512.7409411828844
 20
29.24303865954684
 30
0.0
 41
1.0
 10
512.7345695245489
 20
29.22923084895455
 30
0.0
 41
1.0
 10
512.7272138130148
 20
29.2137459052466
 30
0.0
 41
1.0
 10
512.7189490435759
 20
29.19622458550968
 30
0.0
 41
1.0
 10
512.7100068846514
 20
29.17676467156031
 30
0.0
 41
1.0
 10
512.7007615268322
 20
29.15613873476989
 30
0.0
 41
1.0
 10
512.6916836903161
 20
29.13568117630405
 30
0.0
 41
1.0
 10
512.6832652948174
 20
29.11689603816203
 30
0.0
 41
1.0
 10
512.6759530348433
 20
29.10113905141685
 30
0.0
 41
1.0
 10
512.6700771460774
 20
29.08927951607623
 30
0.0
 41
1.0
 10
512.6657848446475
 20
29.08134291835704
 30
0.0
 41
1.0
 10
512.6629637791045
 20
29.07657924994016
 30
0.0
 41
1.0
 10
512.6611819956064
 20
29.07359671456234
 30
0.0
 41
1.0
 10
512.6595881150784
 20
29.0704380175432
 30
0.0
 41
1.0
 10
512.6569335126482
 20
29.06478773414911
 30
0.0
 41
1.0
 10
512.65205478613
 20
29.05468262752379
 30
0.0
 41
1.0
 10
512.6442229964956
 20
29.03904589881716
 30
0.0
 41
1.0
 10
512.6336710508613
 20
29.01849850567835
 30
0.0
 41
1.0
 10
512.6214891811339
 20
28.99513407009039
 30
0.0
 41
1.0
 10
512.609119786549
 20
28.97163073392978
 30
0.0
 41
1.0
 10
512.5979504654317
 20
28.95052297273636
 30
0.0
 41
1.0
 10
512.5889115500588
 20
28.93348845947646
 30
0.0
 41
1.0
 10
512.5819576944842
 20
28.92042306616357
 30
0.0
 41
1.0
 10
512.5762299719948
 20
28.90974322578373
 30
0.0
 41
1.0
 10
512.5705489007192
 20
28.89928436043483
 30
0.0
 41
1.0
 10
512.5637638006445
 20
28.88693992146606
 30
0.0
 41
1.0
 10
512.5552505497146
 20
28.871569572736
 30
0.0
 41
1.0
 10
512.5449707867838
 20
28.85310987949502
 30
0.0
 41
1.0
 10
512.533208587225
 20
28.83209790397132
 30
0.0
 41
1.0
 10
512.5203936134462
 20
28.80935250797819
 30
0.0
 41
1.0
 10
512.5069002208079
 20
28.78561117059416
 30
0.0
 41
1.0
 10
512.4928272452017
 20
28.76113350955528
 30
0.0
 41
1.0
 10
512.4780456447007
 20
28.73577805375412
 30
0.0
 41
1.0
 10
512.4623023438962
 20
28.70917866802252
 30
0.0
 41
1.0
 10
512.4453062838511
 20
28.68088918646133
 30
0.0
 41
1.0
 10
512.4268175320314
 20
28.65053407989343
 30
0.0
 41
1.0
 10
512.4067456323713
 20
28.61797401846459
 30
0.0
 41
1.0
 10
512.385211129683
 20
28.58341057611309
 30
0.0
 41
1.0
 10
512.3624792341436
 20
28.54727890008743
 30
0.0
 41
1.0
 10
512.338914580334
 20
28.51017541962644
 30
0.0
 41
1.0
 10
512.3149284518156
 20
28.47277295353439
 30
0.0
 41
1.0
 10
512.2909275660132
 20
28.43573863516251
 30
0.0
 41
1.0
 10
512.2672660987949
 20
28.3996566790886
 30
0.0
 41
1.0
 10
512.2441866351415
 20
28.36493408245459
 30
0.0
 41
1.0
 10
512.2218044029376
 20
28.33177327414447
 30
0.0
 41
1.0
 10
512.200134050179
 20
28.30021056355438
 30
0.0
 41
1.0
 10
512.1791047810894
 20
28.27013664983962
 30
0.0
 41
1.0
 10
512.1585801804685
 20
28.24132419860312
 30
0.0
 41
1.0
 10
512.1383761068978
 20
28.21345285731137
 30
0.0
 41
1.0
 10
512.1182791576917
 20
28.18613412405344
 30
0.0
 41
1.0
 10
512.0980656100384
 20
28.15893990857141
 30
0.0
 41
1.0
 10
512.0775256070989
 20
28.13145541921244
 30
0.0
 41
1.0
 10
512.0564863613763
 20
28.10332837525461
 30
0.0
 41
1.0
 10
512.03483634147
 20
28.07432088433405
 30
0.0
 41
1.0
 10
512.01254771165
 20
28.04435742894665
 30
0.0
 41
1.0
 10
511.9897027548552
 20
28.01358121713424
 30
0.0
 41
1.0
 10
511.9665091632933
 20
27.98238742247374
 30
0.0
 41
1.0
 10
511.943244771941
 20
27.95131033456027
 30
0.0
 41
1.0
 10
511.920209767405
 20
27.92092595686061
 30
0.0
 41
1.0
 10
511.8976766431447
 20
27.8917499933112
 30
0.0
 41
1.0
 10
511.8758397084688
 20
27.86413478500695
 30
0.0
 41
1.0
 10
511.8547680624511
 20
27.83817371269574
 30
0.0
 41
1.0
 10
511.8343482685693
 20
27.81358351789613
 30
0.0
 41
1.0
 10
511.8143370032436
 20
27.78982203450855
 30
0.0
 41
1.0
 10
511.7944270570689
 20
27.7662343499917
 30
0.0
 41
1.0
 10
511.7743098050722
 20
27.74219175592332
 30
0.0
 41
1.0
 10
511.753736381611
 20
27.71722714449833
 30
0.0
 41
1.0
 10
511.7325860409171
 20
27.6911876675803
 30
0.0
 41
1.0
 10
511.7109115684749
 20
27.66433284321049
 30
0.0
 41
1.0
 10
511.6888660964894
 20
27.63715074586727
 30
0.0
 41
1.0
 10
511.6666461872429
 20
27.61021319418884
 30
0.0
 41
1.0
 10
511.6444269117956
 20
27.58401107961355
 30
0.0
 41
1.0
 10
511.6223042409741
 20
27.55880902370706
 30
0.0
 41
1.0
 10
511.6002249186969
 20
27.53446550364931
 30
0.0
 41
1.0
 10
511.5779505872546
 20
27.51035061051063
 30
0.0
 41
1.0
 10
511.5551276526819
 20
27.48560718705232
 30
0.0
 41
1.0
 10
511.5313448650393
 20
27.45933338443965
 30
0.0
 41
1.0
 10
511.5061847146795
 20
27.43084080960372
 30
0.0
 41
1.0
 10
511.4793026501422
 20
27.39977795246979
 30
0.0
 41
1.0
 10
511.4504333456109
 20
27.36655939886926
 30
0.0
 41
1.0
 10
511.4196316465279
 20
27.33185065294137
 30
0.0
 41
1.0
 10
511.3872558168189
 20
27.2962726696916
 30
0.0
 41
1.0
 10
511.3538658902066
 20
27.26048502797575
 30
0.0
 41
1.0
 10
511.3201571563481
 20
27.22511447303287
 30
0.0
 41
1.0
 10
511.2868788964553
 20
27.19074978504
 30
0.0
 41
1.0
 10
511.2547588747517
 20
27.15790782924365
 30
0.0
 41
1.0
 10
511.2244268151595
 20
27.12701261564657
 30
0.0
 41
1.0
 10
511.1963343051092
 20
27.09836703262376
 30
0.0
 41
1.0
 10
511.1707810087723
 20
27.0721722911146
 30
0.0
 41
1.0
 10
511.1479464768586
 20
27.04854866619545
 30
0.0
 41
1.0
 10
511.1319251819525
 20
27.03175437498011
 30
0.0
 41
1.0
 10
511.1211859659659
 20
27.0203512642459
 30
0.0
 41
1.0
 10
511.1145938889928
 20
27.01327919675329
 30
0.0
 41
1.0
 10
511.1114397007364
 20
27.00987566461777
 30
0.0
 41
1.0
  0
SPLINE
  5
193
330
70
100
AcDbEntity
  8
Untitled v10_Sketch14
100
AcDbSpline
210
0.0
220
0.0
230
1.0
 70
    12
 71
     5
 72
    86
 73
    80
 74
     0
 42
0.000000001
 43
0.0000000001
 40
0.0
 40
0.0
 40
0.0
 40
0.0
 40
0.0
 40
0.0
 40
0.0133333333333333
 40
0.0266666666666667
 40
0.04
 40
0.0533333333333333
 40
0.0666666666666667
 40
0.08
 40
0.0933333333333334
 40
0.1066666666666667
 40
0.12
 40
0.1333333333333333
 40
0.1466666666666667
 40
0.16
 40
0.1733333333333333
 40
0.1866666666666667
 40
0.2
 40
0.2133333333333333
 40
0.2266666666666667
 40
0.24
 40
0.2533333333333334
 40
0.2666666666666666
 40
0.28
 40
0.2933333333333333
 40
0.3066666666666666
 40
0.3199999999999999
 40
0.3333333333333332
 40
0.3466666666666665
 40
0.3599999999999998
 40
0.3733333333333331
 40
0.3866666666666665
 40
0.3999999999999997
 40
0.4133333333333331
 40
0.4266666666666664
 40
0.4399999999999997
 40
0.453333333333333
 40
0.4666666666666663
 40
0.4799999999999997
 40
0.493333333333333
 40
0.5066666666666663
 40
0.5199999999999996
 40
0.5333333333333329
 40
0.5466666666666662
 40
0.5599999999999996
 40
0.5733333333333328
 40
0.5866666666666661
 40
0.5999999999999995
 40
0.6133333333333328
 40
0.6266666666666661
 40
0.6399999999999994
 40
0.6533333333333326
 40
0.666666666666666
 40
0.6799999999999993
 40
0.6933333333333326
 40
0.706666666666666
 40
0.7199999999999993
 40
0.7333333333333325
 40
0.7466666666666658
 40
0.7599999999999991
 40
0.7733333333333325
 40
0.7866666666666658
 40
0.7999999999999991
 40
0.8133333333333323
 40
0.8266666666666656
 40
0.8399999999999989
 40
0.8533333333333322
 40
0.8666666666666655
 40
0.8799999999999988
 40
0.8933333333333322
 40
0.9066666666666655
 40
0.9199999999999988
 40
0.9333333333333321
 40
0.9466666666666654
 40
0.9599999999999987
 40
0.973333333333332
 40
0.9866666666666652
 40
1.0
 40
1.0
 40
1.0
 40
1.0
 40
1.0
 40
1.0
 10
514.9420139504789
 20
26.19562654164691
 30
0.0
 41
1.0
 10
514.9356101881885
 20
26.21283843417116
 30
0.0
 41
1.0
 10
514.9230347778808
 20
26.24673058934938
 30
0.0
 41
1.0
 10
514.904868007116
 20
26.29597392785183
 30
0.0
 41
1.0
 10
514.8820387223393
 20
26.35844104107603
 30
0.0
 41
1.0
 10
514.8558109383834
 20
26.43124155497063
 30
0.0
 41
1.0
 10
514.8318487060586
 20
26.49887195472237
 30
0.0
 41
1.0
 10
514.8100629368922
 20
26.56156451133796
 30
0.0
 41
1.0
 10
514.7903012179036
 20
26.61971559767945
 30
0.0
 41
1.0
 10
514.7723347295331
 20
26.67391978788494
 30
0.0
 41
1.0
 10
514.7558340628616
 20
26.72503155799916
 30
0.0
 41
1.0
 10
514.7403881440156
 20
26.77411983463113
 30
0.0
 41
1.0
 10
514.7255572523162
 20
26.8223378195643
 30
0.0
 41
1.0
 10
514.7109172231869
 20
26.87081469976817
 30
0.0
 41
1.0
 10
514.6961051084081
 20
26.92054382822324
 30
0.0
 41
1.0
 10
514.680869415697
 20
26.97225933346999
 30
0.0
 41
1.0
 10
514.6651026690489
 20
27.02635729782063
 30
0.0
 41
1.0
 10
514.6488017469151
 20
27.08299933124021
 30
0.0
 41
1.0
 10
514.6320399706699
 20
27.14218610667139
 30
0.0
 41
1.0
 10
514.6149335986063
 20
27.20384600611721
 30
0.0
 41
1.0
 10
514.5976132902454
 20
27.2679089746279
 30
0.0
 41
1.0
 10
514.5801872267067
 20
27.33440704852711
 30
0.0
 41
1.0
 10
514.5627334614374
 20
27.40347977065392
 30
0.0
 41
1.0
 10
514.5453176653928
 20
27.47529661958991
 30
0.0
 41
1.0
 10
514.5280037450094
 20
27.55000273961068
 30
0.0
 41
1.0
 10
514.5108674304583
 20
27.62765488717157
 30
0.0
 41
1.0
 10
514.4940084726909
 20
27.70816194625855
 30
0.0
 41
1.0
 10
514.4775637666491
 20
27.79122216377123
 30
0.0
 41
1.0
 10
514.4617192637147
 20
27.87626473190993
 30
0.0
 41
1.0
 10
514.4466870240992
 20
27.96252113121044
 30
0.0
 41
1.0
 10
514.4326832380953
 20
28.04909284815464
 30
0.0
 41
1.0
 10
514.4199058065637
 20
28.13502037883026
 30
0.0
 41
1.0
 10
514.4085122890092
 20
28.21935130736477
 30
0.0
 41
1.0
 10
514.3985971800414
 20
28.30120940812216
 30
0.0
 41
1.0
 10
514.3901704968429
 20
28.37986187083793
 30
0.0
 41
1.0
 10
514.3831326993766
 20
28.45479159651191
 30
0.0
 41
1.0
 10
514.3773153650422
 20
28.52568270202791
 30
0.0
 41
1.0
 10
514.372526923262
 20
28.59240053434778
 30
0.0
 41
1.0
 10
514.3685950442634
 20
28.65497378214952
 30
0.0
 41
1.0
 10
514.3654137441824
 20
28.71357623124986
 30
0.0
 41
1.0
 10
514.3629807984288
 20
28.76850818449482
 30
0.0
 41
1.0
 10
514.3614594139198
 20
28.82018002725944
 30
0.0
 41
1.0
 10
514.3610914064438
 20
28.86908218580837
 30
0.0
 41
1.0
 10
514.3620735444959
 20
28.91575124673746
 30
0.0
 41
1.0
 10
514.3644384962612
 20
28.96073755457717
 30
0.0
 41
1.0
 10
514.3679511641513
 20
29.00457200180086
 30
0.0
 41
1.0
 10
514.3719544367936
 20
29.0477337316753
 30
0.0
 41
1.0
 10
514.3754391753223
 20
29.09061501312923
 30
0.0
 41
1.0
 10
514.3772536553327
 20
29.1334853146232
 30
0.0
 41
1.0
 10
514.3762746065239
 20
29.17645402832324
 30
0.0
 41
1.0
 10
514.3715854179025
 20
29.21943680465766
 30
0.0
 41
1.0
 10
514.362673656429
 20
29.26211184510206
 30
0.0
 41
1.0
 10
514.3494862281288
 20
29.30393071290364
 30
0.0
 41
1.0
 10
514.3324253011679
 20
29.34415155444794
 30
0.0
 41
1.0
 10
514.3123712357748
 20
29.38186087528489
 30
0.0
 41
1.0
 10
514.2906791602335
 20
29.41600866769313
 30
0.0
 41
1.0
 10
514.2692297260307
 20
29.44541367673158
 30
0.0
 41
1.0
 10
514.2499808500891
 20
29.46906631069339
 30
0.0
 41
1.0
 10
514.234383402353
 20
29.48652537923163
 30
0.0
 41
1.0
 10
514.2229434930063
 20
29.4982004673342
 30
0.0
 41
1.0
 10
514.2144835705368
 20
29.50588032954634
 30
0.0
 41
1.0
 10
514.2065216385844
 20
29.51233878489113
 30
0.0
 41
1.0
 10
514.1966284571687
 20
29.5201299749198
 30
0.0
 41
1.0
 10
514.1834728737022
 20
29.53064516585993
 30
0.0
 41
1.0
 10
514.1680873583458
 20
29.54297760556809
 30
0.0
 41
1.0
 10
514.1526711063039
 20
29.55504033224407
 30
0.0
 41
1.0
 10
514.1393667345803
 20
29.5647108534948
 30
0.0
 41
1.0
 10
514.1289224638812
 20
29.57107773130246
 30
0.0
 41
1.0
 10
514.1197651985983
 20
29.57531759572939
 30
0.0
 41
1.0
 10
514.1094720739991
 20
29.57942311002634
 30
0.0
 41
1.0
 10
514.0958082127146
 20
29.58531253699936
 30
0.0
 41
1.0
 10
514.0782151181996
 20
29.59355437159615
 30
0.0
 41
1.0
 10
514.0578069587404
 20
29.60334699157339
 30
0.0
 41
1.0
 10
514.0364503960118
 20
29.61326481133485
 30
0.0
 41
1.0
 10
514.016171142202
 20
29.62173332271287
 30
0.0
 41
1.0
 10
513.9983000614506
 20
29.6277162906418
 30
0.0
 41
1.0
 10
513.986436246817
 20
29.63012055818163
 30
0.0
 41
1.0
 10
513.979005915064
 20
29.63050700215008
 30
0.0
 41
1.0
 10
513.9747038313371
 20
29.63013560150171
 30
0.0
 41
1.0
 10
513.9727156903565
 20
29.6297926173137
 30
0.0
 41
1.0
  0
ARC
  5
194
330
70
100
AcDbEntity
  8
Untitled v10_Sketch14
100
AcDbCircle
 10
518.0000077188014
 20
50.00000074505805
 30
0.0
 40
20.76450000000005
100
AcDbArc
 50
17.07480490333297
 51
18.94018442677076
  0
ARC
  5
195
330
70
100
AcDbEntity
  8
Untitled v10_Sketch14
100
AcDbCircle
 10
518.0000077188014
 20
50.00000074505805
 30
0.0
 40
20.76450000000008
100
AcDbArc
 50
353.0748049033319
 51
354.940184426771
  0
ARC
  5
196
330
70
100
AcDbEntity
  8
Untitled v10_Sketch14
100
AcDbCircle
 10
517.8835501270749
 20
49.63959699789583
 30
0.0
 40
24.3786295825366
100
AcDbArc
 50
70.70162709093783
 51
73.30105525260946
  0
SPLINE
  5
197
330
70
100
AcDbEntity
  8
Untitled v10_Sketch14
100
AcDbSpline
210
0.0
220
0.0
230
1.0
 70
    12
 71
     5
 72
   156
 73
   150
 74
     0
 42
0.000000001
 43
0.0000000001
 40
0.0
 40
0.0
 40
0.0
 40
0.0
 40
0.0
 40
0.0
 40
0.0068965517241379
 40
0.0137931034482759
 40
0.0206896551724138
 40
0.0275862068965517
 40
0.0344827586206897
 40
0.0413793103448276
 40
0.0482758620689655
 40
0.0551724137931035
 40
0.0620689655172414
 40
0.0689655172413793
 40
0.0758620689655173
 40
0.0827586206896552
 40
0.0896551724137931
 40
0.0965517241379311
 40
0.103448275862069
 40
0.1103448275862069
 40
0.1172413793103448
 40
0.1241379310344828
 40
0.1310344827586207
 40
0.1379310344827586
 40
0.1448275862068966
 40
0.1517241379310345
 40
0.1586206896551725
 40
0.1655172413793104
 40
0.1724137931034483
 40
0.1793103448275863
 40
0.1862068965517242
 40
0.1931034482758622
 40
0.2000000000000001
 40
0.2068965517241381
 40
0.213793103448276
 40
0.220689655172414
 40
0.2275862068965519
 40
0.2344827586206899
 40
0.2413793103448278
 40
0.2482758620689657
 40
0.2551724137931037
 40
0.2620689655172416
 40
0.2689655172413796
 40
0.2758620689655175
 40
0.2827586206896555
 40
0.2896551724137934
 40
0.2965517241379314
 40
0.3034482758620693
 40
0.3103448275862072
 40
0.3172413793103452
 40
0.3241379310344831
 40
0.3310344827586211
 40
0.337931034482759
 40
0.344827586206897
 40
0.3517241379310349
 40
0.3586206896551729
 40
0.3655172413793108
 40
0.3724137931034487
 40
0.3793103448275867
 40
0.3862068965517246
 40
0.3931034482758626
 40
0.4000000000000006
 40
0.4068965517241385
 40
0.4137931034482765
 40
0.4206896551724144
 40
0.4275862068965524
 40
0.4344827586206903
 40
0.4413793103448282
 40
0.4482758620689661
 40
0.4551724137931041
 40
0.462068965517242
 40
0.46896551724138
 40
0.4758620689655179
 40
0.4827586206896559
 40
0.4896551724137938
 40
0.4965517241379318
 40
0.5034482758620697
 40
0.5103448275862076
 40
0.5172413793103456
 40
0.5241379310344835
 40
0.5310344827586215
 40
0.5379310344827594
 40
0.5448275862068974
 40
0.5517241379310353
 40
0.5586206896551733
 40
0.5655172413793112
 40
0.5724137931034491
 40
0.579310344827587
 40
0.586206896551725
 40
0.5931034482758629
 40
0.6000000000000009
 40
0.6068965517241388
 40
0.6137931034482768
 40
0.6206896551724147
 40
0.6275862068965527
 40
0.6344827586206906
 40
0.6413793103448286
 40
0.6482758620689665
 40
0.6551724137931045
 40
0.6620689655172424
 40
0.6689655172413804
 40
0.6758620689655183
 40
0.6827586206896563
 40
0.6896551724137942
 40
0.6965517241379322
 40
0.7034482758620701
 40
0.710344827586208
 40
0.7172413793103459
 40
0.7241379310344839
 40
0.7310344827586218
 40
0.7379310344827598
 40
0.7448275862068977
 40
0.7517241379310357
 40
0.7586206896551736
 40
0.7655172413793116
 40
0.7724137931034495
 40
0.7793103448275875
 40
0.7862068965517254
 40
0.7931034482758634
 40
0.8000000000000012
 40
0.8068965517241391
 40
0.8137931034482772
 40
0.8206896551724151
 40
0.827586206896553
 40
0.8344827586206909
 40
0.841379310344829
 40
0.8482758620689669
 40
0.8551724137931048
 40
0.8620689655172427
 40
0.8689655172413807
 40
0.8758620689655186
 40
0.8827586206896565
 40
0.8896551724137944
 40
0.8965517241379325
 40
0.9034482758620704
 40
0.9103448275862083
 40
0.9172413793103462
 40
0.9241379310344843
 40
0.9310344827586222
 40
0.9379310344827601
 40
0.944827586206898
 40
0.9517241379310361
 40
0.958620689655174
 40
0.9655172413793119
 40
0.9724137931034498
 40
0.9793103448275878
 40
0.9862068965517257
 40
0.9931034482758636
 40
1.0
 40
1.0
 40
1.0
 40
1.0
 40
1.0
 40
1.0
 10
522.5569111912395
 20
70.2583099290172
 30
0.0
 41
1.0
 10
522.5602302752167
 20
70.25674968806377
 30
0.0
 41
1.0
 10
522.567148799274
 20
70.25377053474798
 30
0.0
 41
1.0
 10
522.5783676610042
 20
70.24972579124079
 30
0.0
 41
1.0
 10
522.595008361274
 20
70.24518083246843
 30
0.0
 41
1.0
 10
522.6185420057937
 20
70.24090537853695
 30
0.0
 41
1.0
 10
522.6445931330346
 20
70.2380119688798
 30
0.0
 41
1.0
 10
522.6727322270242
 20
70.23645290172026
 30
0.0
 41
1.0
 10
522.7022378803834
 20
70.23614779006348
 30
0.0
 41
1.0
 10
522.7320405283184
 20
70.23697690682034
 30
0.0
 41
1.0
 10
522.7609458491968
 20
70.23880130780913
 30
0.0
 41
1.0
 10
522.7878347397814
 20
70.24148062807007
 30
0.0
 41
1.0
 10
522.8118819992182
 20
70.24489286173636
 30
0.0
 41
1.0
 10
522.832744581605
 20
70.24895076507846
 30
0.0
 41
1.0
 10
522.8508222060508
 20
70.25362641961464
 30
0.0
 41
1.0
 10
522.8670077853451
 20
70.2589159639151
 30
0.0
 41
1.0
 10
522.882298725826
 20
70.26478537868392
 30
0.0
 41
1.0
 10
522.8974916924712
 20
70.27113167595484
 30
0.0
 41
1.0
 10
522.9127584536278
 20
70.27771669451581
 30
0.0
 41
1.0
 10
522.9275610395673
 20
70.28418484964294
 30
0.0
 41
1.0
 10
522.9411660896381
 20
70.29023458253118
 30
0.0
 41
1.0
 10
522.95300554156
 20
70.29574651594977
 30
0.0
 41
1.0
 10
522.9631425853913
 20
70.30094857731373
 30
0.0
 41
1.0
 10
522.9725635924848
 20
70.30650737508441
 30
0.0
 41
1.0
 10
522.9825918702171
 20
70.31321933760281
 30
0.0
 41
1.0
 10
522.9944300637904
 20
70.32176345784847
 30
0.0
 41
1.0
 10
523.008598791687
 20
70.33240055096889
 30
0.0
 41
1.0
 10
523.0245792234596
 20
70.34478284840805
 30
0.0
 41
1.0
 10
523.0412771506514
 20
70.35821590722022
 30
0.0
 41
1.0
 10
523.0573921756998
 20
70.37186698368476
 30
0.0
 41
1.0
 10
523.071789215042
 20
70.38497746811074
 30
0.0
 41
1.0
 10
523.0839539796684
 20
70.3971146705544
 30
0.0
 41
1.0
 10
523.0940110798244
 20
70.40821432845127
 30
0.0
 41
1.0
 10
523.102461989874
 20
70.41849431123566
 30
0.0
 41
1.0
 10
523.1100161971893
 20
70.42840199658204
 30
0.0
 41
1.0
 10
523.1173661520688
 20
70.43856102617366
 30
0.0
 41
1.0
 10
523.1250475112099
 20
70.44967016215761
 30
0.0
 41
1.0
 10
523.1333925893377
 20
70.46229776516803
 30
0.0
 41
1.0
 10
523.1424741253123
 20
70.47672208390508
 30
0.0
 41
1.0
 10
523.1520281646378
 20
70.4927072896881
 30
0.0
 41
1.0
 10
523.1614630472869
 20
70.5094502597786
 30
0.0
 41
1.0
 10
523.1701075663569
 20
70.52596968323818
 30
0.0
 41
1.0
 10
523.1774231047713
 20
70.54142657840902
 30
0.0
 41
1.0
 10
523.1832122387719
 20
70.55544558821953
 30
0.0
 41
1.0
 10
523.1878755774479
 20
70.56850496026093
 30
0.0
 41
1.0
 10
523.1921890879355
 20
70.58162026393714
 30
0.0
 41
1.0
 10
523.1969779000207
 20
70.59587587667287
 30
0.0
 41
1.0
 10
523.2028570918903
 20
70.61205336707641
 30
0.0
 41
1.0
 10
523.2098689177377
 20
70.63011229089849
 30
0.0
 41
1.0
 10
523.2175643843504
 20
70.6493007426301
 30
0.0
 41
1.0
 10
523.2252913277135
 20
70.66855749327949
 30
0.0
 41
1.0
 10
523.2324113409206
 20
70.68681490591234
 30
0.0
 41
1.0
 10
523.2385596356484
 20
70.70335916889877
 30
0.0
 41
1.0
 10
523.2438480453139
 20
70.71811954701491
 30
0.0
 41
1.0
 10
523.2486783715954
 20
70.73148311053763
 30
0.0
 41
1.0
 10
523.2535854673216
 20
70.74414792870634
 30
0.0
 41
1.0
 10
523.2590742547183
 20
70.75696283056927
 30
0.0
 41
1.0
 10
523.2654459130539
 20
70.77077064116153
 30
0.0
 41
1.0
 10
523.272801624588
 20
70.78625558486951
 30
0.0
 41
1.0
 10
523.2810663940268
 20
70.80377690460643
 30
0.0
 41
1.0
 10
523.2900085529514
 20
70.82323681855577
 30
0.0
 41
1.0
 10
523.2992539107706
 20
70.84386275534619
 30
0.0
 41
1.0
 10
523.3083317472867
 20
70.86432031381207
 30
0.0
 41
1.0
 10
523.3167501427856
 20
70.88310545195409
 30
0.0
 41
1.0
 10
523.3240624027595
 20
70.89886243869926
 30
0.0
 41
1.0
 10
523.3299382915255
 20
70.91072197403988
 30
0.0
 41
1.0
 10
523.3342305929552
 20
70.91865857175907
 30
0.0
 41
1.0
 10
523.3370516584983
 20
70.92342224017592
 30
0.0
 41
1.0
 10
523.3388334419965
 20
70.92640477555377
 30
0.0
 41
1.0
 10
523.3404273225244
 20
70.92956347257288
 30
0.0
 41
1.0
 10
523.3430819249547
 20
70.93521375596694
 30
0.0
 41
1.0
 10
523.3479606514728
 20
70.94531886259233
 30
0.0
 41
1.0
 10
523.3557924411072
 20
70.96095559129896
 30
0.0
 41
1.0
 10
523.3663443867414
 20
70.98150298443769
 30
0.0
 41
1.0
 10
523.3785262564689
 20
71.00486742002573
 30
0.0
 41
1.0
 10
523.3908956510539
 20
71.0283707561863
 30
0.0
 41
1.0
 10
523.4020649721712
 20
71.04947851737975
 30
0.0
 41
1.0
 10
523.4111038875439
 20
71.06651303063967
 30
0.0
 41
1.0
 10
523.4180577431187
 20
71.07957842395251
 30
0.0
 41
1.0
 10
523.423785465608
 20
71.09025826433239
 30
0.0
 41
1.0
 10
523.4294665368837
 20
71.10071712968128
 30
0.0
 41
1.0
 10
523.4362516369583
 20
71.11306156865005
 30
0.0
 41
1.0
 10
523.4447648878882
 20
71.12843191738008
 30
0.0
 41
1.0
 10
523.455044650819
 20
71.14689161062106
 30
0.0
 41
1.0
 10
523.4668068503777
 20
71.16790358614477
 30
0.0
 41
1.0
 10
523.4796218241565
 20
71.19064898213792
 30
0.0
 41
1.0
 10
523.4931152167948
 20
71.21439031952196
 30
0.0
 41
1.0
 10
523.5071881924011
 20
71.23886798056076
 30
0.0
 41
1.0
 10
523.5219697929021
 20
71.264223436362
 30
0.0
 41
1.0
 10
523.5377130937066
 20
71.29082282209353
 30
0.0
 41
1.0
 10
523.5547091537519
 20
71.31911230365474
 30
0.0
 41
1.0
 10
523.5731979055714
 20
71.34946741022265
 30
0.0
 41
1.0
 10
523.5932698052316
 20
71.38202747165149
 30
0.0
 41
1.0
 10
523.6148043079199
 20
71.41659091400303
 30
0.0
 41
1.0
 10
523.6375362034594
 20
71.45272259002865
 30
0.0
 41
1.0
 10
523.6611008572688
 20
71.48982607048967
 30
0.0
 41
1.0
 10
523.6850869857874
 20
71.52722853658173
 30
0.0
 41
1.0
 10
523.7090878715896
 20
71.56426285495356
 30
0.0
 41
1.0
 10
523.7327493388079
 20
71.60034481102748
 30
0.0
 41
1.0
 10
523.7558288024613
 20
71.63506740766152
 30
0.0
 41
1.0
 10
523.7782110346651
 20
71.66822821597162
 30
0.0
 41
1.0
 10
523.7998813874238
 20
71.69979092656174
 30
0.0
 41
1.0
 10
523.8209106565134
 20
71.72986484027649
 30
0.0
 41
1.0
 10
523.8414352571342
 20
71.75867729151299
 30
0.0
 41
1.0
 10
523.8616393307052
 20
71.78654863280474
 30
0.0
 41
1.0
 10
523.8817362799111
 20
71.81386736606263
 30
0.0
 41
1.0
 10
523.9019498275644
 20
71.8410615815447
 30
0.0
 41
1.0
 10
523.922489830504
 20
71.8685460709036
 30
0.0
 41
1.0
 10
523.9435290762266
 20
71.89667311486144
 30
0.0
 41
1.0
 10
523.9651790961328
 20
71.92568060578203
 30
0.0
 41
1.0
 10
523.9874677259527
 20
71.95564406116947
 30
0.0
 41
1.0
 10
524.0103126827476
 20
71.98642027298189
 30
0.0
 41
1.0
 10
524.0335062743095
 20
72.01761406764234
 30
0.0
 41
1.0
 10
524.0567706656618
 20
72.04869115555585
 30
0.0
 41
1.0
 10
524.0798056701978
 20
72.07907553325552
 30
0.0
 41
1.0
 10
524.1023387944583
 20
72.10825149680488
 30
0.0
 41
1.0
 10
524.1241757291341
 20
72.13586670510913
 30
0.0
 41
1.0
 10
524.1452473751516
 20
72.16182777742034
 30
0.0
 41
1.0
 10
524.1656671690335
 20
72.18641797221998
 30
0.0
 41
1.0
 10
524.1856784343593
 20
72.21017945560757
 30
0.0
 41
1.0
 10
524.2055883805339
 20
72.23376714012434
 30
0.0
 41
1.0
 10
524.2257056325306
 20
72.25780973419279
 30
0.0
 41
1.0
 10
524.2462790559918
 20
72.28277434561775
 30
0.0
 41
1.0
 10
524.2674293966856
 20
72.30881382253578
 30
0.0
 41
1.0
 10
524.2891038691279
 20
72.33566864690562
 30
0.0
 41
1.0
 10
524.3111493411134
 20
72.36285074424884
 30
0.0
 41
1.0
 10
524.3333692503598
 20
72.38978829592724
 30
0.0
 41
1.0
 10
524.3555885258073
 20
72.41599041050257
 30
0.0
 41
1.0
 10
524.3777111966287
 20
72.44119246640903
 30
0.0
 41
1.0
 10
524.3997905189059
 20
72.46553598646682
 30
0.0
 41
1.0
 10
524.4220648503483
 20
72.48965087960549
 30
0.0
 41
1.0
 10
524.4448877849209
 20
72.5143943030638
 30
0.0
 41
1.0
 10
524.4686705725635
 20
72.54066810567643
 30
0.0
 41
1.0
 10
524.4938307229233
 20
72.56916068051239
 30
0.0
 41
1.0
 10
524.5207127874607
 20
72.60022353764632
 30
0.0
 41
1.0
 10
524.5495820919918
 20
72.63344209124685
 30
0.0
 41
1.0
 10
524.5803837910749
 20
72.66815083717472
 30
0.0
 41
1.0
 10
524.6127596207839
 20
72.70372882042451
 30
0.0
 41
1.0
 10
524.6461495473962
 20
72.73951646214037
 30
0.0
 41
1.0
 10
524.6798582812547
 20
72.77488701708318
 30
0.0
 41
1.0
 10
524.7131365411474
 20
72.80925170507607
 30
0.0
 41
1.0
 10
524.7452565628511
 20
72.84209366087246
 30
0.0
 41
1.0
 10
524.7755886224432
 20
72.87298887446951
 30
0.0
 41
1.0
 10
524.8036811324936
 20
72.90163445749236
 30
0.0
 41
1.0
 10
524.8292344288304
 20
72.92782919900151
 30
0.0
 41
1.0
 10
524.8520689607443
 20
72.95145282392063
 30
0.0
 41
1.0
 10
524.8680902556503
 20
72.968247115136
 30
0.0
 41
1.0
 10
524.8788294716368
 20
72.97965022587021
 30
0.0
 41
1.0
 10
524.8854215486099
 20
72.98672229336279
 30
0.0
 41
1.0
 10
524.8885757368664
 20
72.99012582549828
 30
0.0
 41
1.0
  0
SPLINE
  5
198
330
70
100
AcDbEntity
  8
Untitled v10_Sketch14
100
AcDbSpline
210
0.0
220
0.0
230
1.0
 70
    12
 71
     5
 72
   156
 73
   150
 74
     0
 42
0.000000001
 43
0.0000000001
 40
0.0
 40
0.0
 40
0.0
 40
0.0
 40
0.0
 40
0.0
 40
0.0068965517241379
 40
0.0137931034482759
 40
0.0206896551724138
 40
0.0275862068965517
 40
0.0344827586206897
 40
0.0413793103448276
 40
0.0482758620689655
 40
0.0551724137931035
 40
0.0620689655172414
 40
0.0689655172413793
 40
0.0758620689655173
 40
0.0827586206896552
 40
0.0896551724137931
 40
0.0965517241379311
 40
0.103448275862069
 40
0.1103448275862069
 40
0.1172413793103448
 40
0.1241379310344828
 40
0.1310344827586207
 40
0.1379310344827586
 40
0.1448275862068966
 40
0.1517241379310345
 40
0.1586206896551725
 40
0.1655172413793104
 40
0.1724137931034483
 40
0.1793103448275863
 40
0.1862068965517242
 40
0.1931034482758622
 40
0.2000000000000001
 40
0.2068965517241381
 40
0.213793103448276
 40
0.220689655172414
 40
0.2275862068965519
 40
0.2344827586206899
 40
0.2413793103448278
 40
0.2482758620689657
 40
0.2551724137931037
 40
0.2620689655172416
 40
0.2689655172413796
 40
0.2758620689655175
 40
0.2827586206896555
 40
0.2896551724137934
 40
0.2965517241379314
 40
0.3034482758620693
 40
0.3103448275862072
 40
0.3172413793103452
 40
0.3241379310344831
 40
0.3310344827586211
 40
0.337931034482759
 40
0.344827586206897
 40
0.3517241379310349
 40
0.3586206896551729
 40
0.3655172413793108
 40
0.3724137931034487
 40
0.3793103448275867
 40
0.3862068965517246
 40
0.3931034482758626
 40
0.4000000000000006
 40
0.4068965517241385
 40
0.4137931034482765
 40
0.4206896551724144
 40
0.4275862068965524
 40
0.4344827586206903
 40
0.4413793103448282
 40
0.4482758620689661
 40
0.4551724137931041
 40
0.462068965517242
 40
0.46896551724138
 40
0.4758620689655179
 40
0.4827586206896559
 40
0.4896551724137938
 40
0.4965517241379318
 40
0.5034482758620697
 40
0.5103448275862076
 40
0.5172413793103456
 40
0.5241379310344835
 40
0.5310344827586215
 40
0.5379310344827594
 40
0.5448275862068974
 40
0.5517241379310353
 40
0.5586206896551733
 40
0.5655172413793112
 40
0.5724137931034491
 40
0.579310344827587
 40
0.586206896551725
 40
0.5931034482758629
 40
0.6000000000000009
 40
0.6068965517241388
 40
0.6137931034482768
 40
0.6206896551724147
 40
0.6275862068965527
 40
0.6344827586206906
 40
0.6413793103448286
 40
0.6482758620689665
 40
0.6551724137931045
 40
0.6620689655172424
 40
0.6689655172413804
 40
0.6758620689655183
 40
0.6827586206896563
 40
0.6896551724137942
 40
0.6965517241379322
 40
0.7034482758620701
 40
0.710344827586208
 40
0.7172413793103459
 40
0.7241379310344839
 40
0.7310344827586218
 40
0.7379310344827598
 40
0.7448275862068977
 40
0.7517241379310357
 40
0.7586206896551736
 40
0.7655172413793116
 40
0.7724137931034495
 40
0.7793103448275875
 40
0.7862068965517254
 40
0.7931034482758634
 40
0.8000000000000012
 40
0.8068965517241391
 40
0.8137931034482772
 40
0.8206896551724151
 40
0.827586206896553
 40
0.8344827586206909
 40
0.841379310344829
 40
0.8482758620689669
 40
0.8551724137931048
 40
0.8620689655172427
 40
0.8689655172413807
 40
0.8758620689655186
 40
0.8827586206896565
 40
0.8896551724137944
 40
0.8965517241379325
 40
0.9034482758620704
 40
0.9103448275862083
 40
0.9172413793103462
 40
0.9241379310344843
 40
0.9310344827586222
 40
0.9379310344827601
 40
0.944827586206898
 40
0.9517241379310361
 40
0.958620689655174
 40
0.9655172413793119
 40
0.9724137931034498
 40
0.9793103448275878
 40
0.9862068965517257
 40
0.9931034482758636
 40
1.0
 40
1.0
 40
1.0
 40
1.0
 40
1.0
 40
1.0
 10
498.329001789447
 20
56.64951095087765
 30
0.0
 41
1.0
 10
498.3309004219847
 20
56.65264876297641
 30
0.0
 41
1.0
 10
498.3345864378748
 20
56.65921798031703
 30
0.0
 41
1.0
 10
498.3397817142301
 20
56.66995259312578
 30
0.0
 41
1.0
 10
498.3460412020696
 20
56.68602705634214
 30
0.0
 41
1.0
 10
498.3527531703138
 20
56.70898487446564
 30
0.0
 41
1.0
 10
498.358353813867
 20
56.73459084724058
 30
0.0
 41
1.0
 10
498.3628456765461
 20
56.76241282543486
 30
0.0
 41
1.0
 10
498.3662332973725
 20
56.79172495088508
 30
0.0
 41
1.0
 10
498.368523947594
 20
56.82145100309689
 30
0.0
 41
1.0
 10
498.3697309696364
 20
56.85038867943482
 30
0.0
 41
1.0
 10
498.3698769813839
 20
56.87741033509276
 30
0.0
 41
1.0
 10
498.3689970633655
 20
56.90168253666776
 30
0.0
 41
1.0
 10
498.3671421233191
 20
56.92285499804583
 30
0.0
 41
1.0
 10
498.3643817088107
 20
56.94132233035674
 30
0.0
 41
1.0
 10
498.3608129949181
 20
56.95797215129132
 30
0.0
 41
1.0
 10
498.3565740719278
 20
56.97379284730637
 30
0.0
 41
1.0
 10
498.3518506377932
 20
56.98956595399195
 30
0.0
 41
1.0
 10
498.3468975037356
 20
57.00543740410424
 30
0.0
 41
1.0
 10
498.3420120733998
 20
57.02083500624482
 30
0.0
 41
1.0
 10
498.3374175965579
 20
57.03499789570976
 30
0.0
 41
1.0
 10
498.3331734178026
 20
57.04734864380512
 30
0.0
 41
1.0
 10
498.3290594634889
 20
57.05797391932982
 30
0.0
 41
1.0
 10
498.3245158807879
 20
57.06792436974922
 30
0.0
 41
1.0
 10
498.3188889275631
 20
57.07859930265449
 30
0.0
 41
1.0
 10
498.3116290410842
 20
57.09126574912403
 30
0.0
 41
1.0
 10
498.3025312544263
 20
57.10646873824423
 30
0.0
 41
1.0
 10
498.2918871984837
 20
57.12365593006246
 30
0.0
 41
1.0
 10
498.2802731360424
 20
57.14166652125669
 30
0.0
 41
1.0
 10
498.2683813204068
 20
57.15912019255654
 30
0.0
 41
1.0
 10
498.2568475569843
 20
57.17480878220044
 30
0.0
 41
1.0
 10
498.246048407558
 20
57.18817559009337
 30
0.0
 41
1.0
 10
498.2360608079727
 20
57.19933782658515
 30
0.0
 41
1.0
 10
498.2267205006503
 20
57.20881699246803
 30
0.0
 41
1.0
 10
498.2176567203228
 20
57.21736545216906
 30
0.0
 41
1.0
 10
498.2083216224469
 20
57.22573705097822
 30
0.0
 41
1.0
 10
498.1980762641391
 20
57.23453755174297
 30
0.0
 41
1.0
 10
498.1863901346517
 20
57.24415685859696
 30
0.0
 41
1.0
 10
498.1729941128415
 20
57.25469639683858
 30
0.0
 41
1.0
 10
498.158095144737
 20
57.26586900713243
 30
0.0
 41
1.0
 10
498.1424301081728
 20
57.27700232144137
 30
0.0
 41
1.0
 10
498.1269047781376
 20
57.28732623487957
 30
0.0
 41
1.0
 10
498.1122972394442
 20
57.29621738350815
 30
0.0
 41
1.0
 10
498.098960156517
 20
57.30344018957907
 30
0.0
 41
1.0
 10
498.0864597767077
 20
57.30944305808868
 30
0.0
 41
1.0
 10
498.0738672046597
 20
57.31510386125322
 30
0.0
 41
1.0
 10
498.0601902528303
 20
57.32135655701689
 30
0.0
 41
1.0
 10
498.0447159273032
 20
57.32889455026949
 30
0.0
 41
1.0
 10
498.0274888675359
 20
57.33775563615694
 30
0.0
 41
1.0
 10
498.0092099274498
 20
57.34741468557011
 30
0.0
 41
1.0
 10
497.9908663528108
 20
57.35711217848184
 30
0.0
 41
1.0
 10
497.9734532002336
 20
57.36610160679738
 30
0.0
 41
1.0
 10
497.9576422402504
 20
57.37394556690922
 30
0.0
 41
1.0
 10
497.9435155103656
 20
57.38074788575495
 30
0.0
 41
1.0
 10
497.9307300604253
 20
57.38694862376242
 30
0.0
 41
1.0
 10
497.9186475526311
 20
57.39315267188565
 30
0.0
 41
1.0
 10
497.9064765866532
 20
57.39995091312941
 30
0.0
 41
1.0
 10
497.8934104363464
 20
57.40773097607622
 30
0.0
 41
1.0
 10
497.8787792020032
 20
57.41666500962253
 30
0.0
 41
1.0
 10
497.8622177695378
 20
57.4267159804161
 30
0.0
 41
1.0
 10
497.8437991691638
 20
57.43764326815892
 30
0.0
 41
1.0
 10
497.8242526264585
 20
57.44899397641674
 30
0.0
 41
1.0
 10
497.8048560289392
 20
57.46016048074324
 30
0.0
 41
1.0
 10
497.7870537596941
 20
57.47049634101294
 30
0.0
 41
1.0
 10
497.7721474306691
 20
57.47941559727188
 30
0.0
 41
1.0
 10
497.7609670607271
 20
57.48649895630855
 30
0.0
 41
1.0
 10
497.7535226081928
 20
57.49159734442521
 30
0.0
 41
1.0
 10
497.7490799172961
 20
57.49490089481518
 30
0.0
 41
1.0
 10
497.7462999676499
 20
57.49698467735655
 30
0.0
 41
1.0
 10
497.7433251801859
 20
57.49890000018552
 30
0.0
 41
1.0
 10
497.7379833311481
 20
57.50213067586614
 30
0.0
 41
1.0
 10
497.7284435471398
 20
57.50803894747662
 30
0.0
 41
1.0
 10
497.7137111230041
 20
57.51746231697026
 30
0.0
 41
1.0
 10
497.6943792692966
 20
57.53010424537123
 30
0.0
 41
1.0
 10
497.6724161786537
 20
57.54466163008878
 30
0.0
 41
1.0
 10
497.6503345500353
 20
57.55942003144646
 30
0.0
 41
1.0
 10
497.6305099313385
 20
57.57273452769467
 30
0.0
 41
1.0
 10
497.614513558858
 20
57.58350451843689
 30
0.0
 41
1.0
 10
497.6022466149737
 20
57.59178598554811
 30
0.0
 41
1.0
 10
497.5922239899069
 20
57.59859867827721
 30
0.0
 41
1.0
 10
497.5824162529668
 20
57.60534187717247
 30
0.0
 41
1.0
 10
497.5708486742103
 20
57.61338015299429
 30
0.0
 41
1.0
 10
497.5564524028959
 20
57.6234534063775
 30
0.0
 41
1.0
 10
497.5391683616078
 20
57.63560641905812
 30
0.0
 41
1.0
 10
497.5195009765291
 20
57.64950053356869
 30
0.0
 41
1.0
 10
497.498219711711
 20
57.66462284686994
 30
0.0
 41
1.0
 10
497.4760188754539
 20
57.6805239668041
 30
0.0
 41
1.0
 10
497.4531463321171
 20
57.69707846147035
 30
0.0
 41
1.0
 10
497.4294748741408
 20
57.71442945364753
 30
0.0
 41
1.0
 10
497.4046668256673
 20
57.73286690391735
 30
0.0
 41
1.0
 10
497.3783088888843
 20
57.75272691380159
 30
0.0
 41
1.0
 10
497.3500526715817
 20
57.77428735494609
 30
0.0
 41
1.0
 10
497.3197690624025
 20
57.79765275182477
 30
0.0
 41
1.0
 10
497.2876459306778
 20
57.82268214976838
 30
0.0
 41
1.0
 10
497.2540883178618
 20
57.84906630617577
 30
0.0
 41
1.0
 10
497.2196512711991
 20
57.87638024014057
 30
0.0
 41
1.0
 10
497.1849609328836
 20
57.9041445924404
 30
0.0
 41
1.0
 10
497.1506382680927
 20
57.93188513926658
 30
0.0
 41
1.0
 10
497.1172272695565
 20
57.95918857791178
 30
0.0
 41
1.0
 10
497.0851073478087
 20
57.98577110951534
 30
0.0
 41
1.0
 10
497.0544677782129
 20
58.01149697784261
 30
0.0
 41
1.0
 10
497.0253431401261
 20
58.03634781977606
 30
0.0
 41
1.0
 10
496.9976321316391
 20
58.06040546831425
 30
0.0
 41
1.0
 10
496.9711229229872
 20
58.08382935427609
 30
0.0
 41
1.0
 10
496.9455161645814
 20
58.10683609629236
 30
0.0
 41
1.0
 10
496.9204477894196
 20
58.12967853751374
 30
0.0
 41
1.0
 10
496.8955154377687
 20
58.15262392279208
 30
0.0
 41
1.0
 10
496.870328526261
 20
58.17592431688275
 30
0.0
 41
1.0
 10
496.8445547652166
 20
58.19978838409717
 30
0.0
 41
1.0
 10
496.817969223677
 20
58.2243519113782
 30
0.0
 41
1.0
 10
496.7904997074566
 20
58.24965047569776
 30
0.0
 41
1.0
 10
496.7622800391799
 20
58.27558727555491
 30
0.0
 41
1.0
 10
496.7336815178741
 20
58.30191444961478
 30
0.0
 41
1.0
 10
496.7052064645767
 20
58.32829983643947
 30
0.0
 41
1.0
 10
496.6773963493028
 20
58.35438468511881
 30
0.0
 41
1.0
 10
496.650735567586
 20
58.379844089201
 30
0.0
 41
1.0
 10
496.6255542195064
 20
58.40444797415074
 30
0.0
 41
1.0
 10
496.6019379514424
 20
58.42811785848013
 30
0.0
 41
1.0
 10
496.5796169139776
 20
58.45099616586843
 30
0.0
 41
1.0
 10
496.5580773452948
 20
58.47338155873231
 30
0.0
 41
1.0
 10
496.5367000326591
 20
58.49564802055319
 30
0.0
 41
1.0
 10
496.5148919718729
 20
58.51816820354947
 30
0.0
 41
1.0
 10
496.4922146275401
 20
58.54123843611276
 30
0.0
 41
1.0
 10
496.4685286102114
 20
58.56499477953384
 30
0.0
 41
1.0
 10
496.4440864986759
 20
58.58935761047078
 30
0.0
 41
1.0
 10
496.4193576870147
 20
58.61412361791778
 30
0.0
 41
1.0
 10
496.3948903150304
 20
58.6390375450577
 30
0.0
 41
1.0
 10
496.3711542850977
 20
58.66387396776019
 30
0.0
 41
1.0
 10
496.3484027374748
 20
58.68850978045131
 30
0.0
 41
1.0
 10
496.3265004913946
 20
58.71301274063299
 30
0.0
 41
1.0
 10
496.3048460037997
 20
58.73768574367879
 30
0.0
 41
1.0
 10
496.2826237736821
 20
58.7629700438579
 30
0.0
 41
1.0
 10
496.2589798799538
 20
58.78936890711258
 30
0.0
 41
1.0
 10
496.2332733422767
 20
58.81736951259838
 30
0.0
 41
1.0
 10
496.2051905916199
 20
58.84735126709436
 30
0.0
 41
1.0
 10
496.1751716767699
 20
58.87953470691456
 30
0.0
 41
1.0
 10
496.1438727232551
 20
58.91379572294098
 30
0.0
 41
1.0
 10
496.1118738356467
 20
58.94971310638247
 30
0.0
 41
1.0
 10
496.079772440094
 20
58.98666094667582
 30
0.0
 41
1.0
 10
496.048119170901
 20
59.02388225031629
 30
0.0
 41
1.0
 10
496.0174212616315
 20
59.060570296446
 30
0.0
 41
1.0
 10
495.988116674014
 20
59.09594728047999
 30
0.0
 41
1.0
 10
495.9605612712065
 20
59.12934260707565
 30
0.0
 41
1.0
 10
495.9350090785896
 20
59.16027550218942
 30
0.0
 41
1.0
 10
495.9116288814128
 20
59.18842691097083
 30
0.0
 41
1.0
 10
495.8905215277131
 20
59.21360569413913
 30
0.0
 41
1.0
 10
495.8754939187183
 20
59.23129470416789
 30
0.0
 41
1.0
 10
495.8652758291616
 20
59.24316703924716
 30
0.0
 41
1.0
 10
495.8589315628705
 20
59.25046223647989
 30
0.0
 41
1.0
 10
495.8558763780914
 20
59.25395491174676
 30
0.0
 41
1.0
  0
SPLINE
  5
199
330
70
100
AcDbEntity
  8
Untitled v10_Sketch14
100
AcDbSpline
210
0.0
220
0.0
230
1.0
 70
    12
 71
     5
 72
    86
 73
    80
 74
     0
 42
0.000000001
 43
0.0000000001
 40
0.0
 40
0.0
 40
0.0
 40
0.0
 40
0.0
 40
0.0
 40
0.0133333333333333
 40
0.0266666666666667
 40
0.04
 40
0.0533333333333333
 40
0.0666666666666667
 40
0.08
 40
0.0933333333333334
 40
0.1066666666666667
 40
0.12
 40
0.1333333333333333
 40
0.1466666666666667
 40
0.16
 40
0.1733333333333333
 40
0.1866666666666667
 40
0.2
 40
0.2133333333333333
 40
0.2266666666666667
 40
0.24
 40
0.2533333333333334
 40
0.2666666666666666
 40
0.28
 40
0.2933333333333333
 40
0.3066666666666666
 40
0.3199999999999999
 40
0.3333333333333332
 40
0.3466666666666665
 40
0.3599999999999998
 40
0.3733333333333331
 40
0.3866666666666665
 40
0.3999999999999997
 40
0.4133333333333331
 40
0.4266666666666664
 40
0.4399999999999997
 40
0.453333333333333
 40
0.4666666666666663
 40
0.4799999999999997
 40
0.493333333333333
 40
0.5066666666666663
 40
0.5199999999999996
 40
0.5333333333333329
 40
0.5466666666666662
 40
0.5599999999999996
 40
0.5733333333333328
 40
0.5866666666666661
 40
0.5999999999999995
 40
0.6133333333333328
 40
0.6266666666666661
 40
0.6399999999999994
 40
0.6533333333333326
 40
0.666666666666666
 40
0.6799999999999993
 40
0.6933333333333326
 40
0.706666666666666
 40
0.7199999999999993
 40
0.7333333333333325
 40
0.7466666666666658
 40
0.7599999999999991
 40
0.7733333333333325
 40
0.7866666666666658
 40
0.7999999999999991
 40
0.8133333333333323
 40
0.8266666666666656
 40
0.8399999999999989
 40
0.8533333333333322
 40
0.8666666666666655
 40
0.8799999999999988
 40
0.8933333333333322
 40
0.9066666666666655
 40
0.9199999999999988
 40
0.9333333333333321
 40
0.9466666666666654
 40
0.9599999999999987
 40
0.973333333333332
 40
0.9866666666666652
 40
1.0
 40
1.0
 40
1.0
 40
1.0
 40
1.0
 40
1.0
 10
494.0063889786845
 20
50.55300784902385
 30
0.0
 41
1.0
 10
494.0228372072292
 20
50.56117566350991
 30
0.0
 41
1.0
 10
494.0552292093208
 20
50.57722487930178
 30
0.0
 41
1.0
 10
494.1023038430319
 20
50.60043946109523
 30
0.0
 41
1.0
 10
494.1620424448187
 20
50.6296732760115
 30
0.0
 41
1.0
 10
494.231702599929
 20
50.66336710726503
 30
0.0
 41
1.0
 10
494.2964577779533
 20
50.69426737373014
 30
0.0
 41
1.0
 10
494.3565296652121
 20
50.7224869547749
 30
0.0
 41
1.0
 10
494.4122965317007
 20
50.7482188606918
 30
0.0
 41
1.0
 10
494.4643257762611
 20
50.77175280746409
 30
0.0
 41
1.0
 10
494.5134327614207
 20
50.79350571654188
 30
0.0
 41
1.0
 10
494.5606375891763
 20
50.81399814314913
 30
0.0
 41
1.0
 10
494.6070411806247
 20
50.83378794153901
 30
0.0
 41
1.0
 10
494.6537221996595
 20
50.85341498484865
 30
0.0
 41
1.0
 10
494.7016306191501
 20
50.87334406668979
 30
0.0
 41
1.0
 10
494.751470257902
 20
50.89390203897281
 30
0.0
 41
1.0
 10
494.8036237941457
 20
50.91523719081251
 30
0.0
 41
1.0
 10
494.8582516262392
 20
50.937369519499
 30
0.0
 41
1.0
 10
494.9153620876093
 20
50.96022617566156
 30
0.0
 41
1.0
 10
494.9748961048904
 20
50.98368405176358
 30
0.0
 41
1.0
 10
495.0367976645403
 20
51.00760588131372
 30
0.0
 41
1.0
 10
495.1011099353904
 20
51.03188742452807
 30
0.0
 41
1.0
 10
495.1679798546563
 20
51.0564656417425
 30
0.0
 41
1.0
 10
495.2375828369825
 20
51.08129293709012
 30
0.0
 41
1.0
 10
495.3100699115703
 20
51.10632092592858
 30
0.0
 41
1.0
 10
495.3855054399158
 20
51.13148022560956
 30
0.0
 41
1.0
 10
495.4638092319618
 20
51.15666210741096
 30
0.0
 41
1.0
 10
495.5446954970608
 20
51.18169888452769
 30
0.0
 41
1.0
 10
495.6276159915701
 20
51.20634595857694
 30
0.0
 41
1.0
 10
495.7118285723836
 20
51.23031209887699
 30
0.0
 41
1.0
 10
495.7964622461734
 20
51.25328837921045
 30
0.0
 41
1.0
 10
495.8805834515628
 20
51.27497768736901
 30
0.0
 41
1.0
 10
495.9632614595658
 20
51.29512377240807
 30
0.0
 41
1.0
 10
496.0436347219788
 20
51.31354106684952
 30
0.0
 41
1.0
 10
496.120975490029
 20
51.33014300885555
 30
0.0
 41
1.0
 10
496.1947590926718
 20
51.34497454160886
 30
0.0
 41
1.0
 10
496.264653772276
 20
51.35817014629616
 30
0.0
 41
1.0
 10
496.330505588869
 20
51.36990626897613
 30
0.0
 41
1.0
 10
496.3923250606026
 20
51.38035729416465
 30
0.0
 41
1.0
 10
496.4502739429463
 20
51.389646790699
 30
0.0
 41
1.0
 10
496.504650661123
 20
51.39780836117836
 30
0.0
 41
1.0
 10
496.5558804121417
 20
51.40472258970206
 30
0.0
 41
1.0
 10
496.6044762122935
 20
51.41020024867813
 30
0.0
 41
1.0
 10
496.650992276605
 20
51.41410173610204
 30
0.0
 41
1.0
 10
496.6959793495171
 20
51.4164520894166
 30
0.0
 41
1.0
 10
496.7399408408289
 20
51.41754061169535
 30
0.0
 41
1.0
 10
496.7832845821684
 20
51.41807089869502
 30
0.0
 41
1.0
 10
496.8262952098391
 20
51.41908756438212
 30
0.0
 41
1.0
 10
496.869120328143
 20
51.42176419101801
 30
0.0
 41
1.0
 10
496.911751316266
 20
51.42722933010659
 30
0.0
 41
1.0
 10
496.9540084747738
 20
51.4363857544194
 30
0.0
 41
1.0
 10
496.9955182041497
 20
51.44970945272852
 30
0.0
 41
1.0
 10
497.0357295222032
 20
51.46719590090356
 30
0.0
 41
1.0
 10
497.0739466772919
 20
51.48836758907947
 30
0.0
 41
1.0
 10
497.109353201886
 20
51.51225349356195
 30
0.0
 41
1.0
 10
497.1410464897931
 20
51.53739615390819
 30
0.0
 41
1.0
 10
497.1680483387201
 20
51.5618017462733
 30
0.0
 41
1.0
 10
497.1895593456564
 20
51.58341754833877
 30
0.0
 41
1.0
 10
497.2052923943477
 20
51.60075452122853
 30
0.0
 41
1.0
 10
497.2157077289521
 20
51.61335214057267
 30
0.0
 41
1.0
 10
497.2224612173804
 20
51.62256848289693
 30
0.0
 41
1.0
 10
497.2280520441194
 20
51.63116189096527
 30
0.0
 41
1.0
 10
497.2347664341437
 20
51.6418152776189
 30
0.0
 41
1.0
 10
497.2438488888445
 20
51.65599793017257
 30
0.0
 41
1.0
 10
497.2545055458807
 20
51.67258825303704
 30
0.0
 41
1.0
 10
497.2648907545425
 20
51.6891809515193
 30
0.0
 41
1.0
 10
497.273117614135
 20
51.70342328522792
 30
0.0
 41
1.0
 10
497.2783578899538
 20
51.71447586107241
 30
0.0
 41
1.0
 10
497.2816173330921
 20
51.72402614841097
 30
0.0
 41
1.0
 10
497.2846244324555
 20
51.73469202929709
 30
0.0
 41
1.0
 10
497.2890533341089
 20
51.74889665127075
 30
0.0
 41
1.0
 10
497.2954110399397
 20
51.76725487527811
 30
0.0
 41
1.0
 10
497.3030167813737
 20
51.78857484422202
 30
0.0
 41
1.0
 10
497.3106479015981
 20
51.81085110792402
 30
0.0
 41
1.0
 10
497.3169502623478
 20
51.83190447034007
 30
0.0
 41
1.0
 10
497.3210324183445
 20
51.85030304188472
 30
0.0
 41
1.0
 10
497.322183408743
 20
51.86235317969163
 30
0.0
 41
1.0
 10
497.3217910545712
 20
51.86978320170403
 30
0.0
 41
1.0
 10
497.3209719982937
 20
51.8740228962271
 30
0.0
 41
1.0
 10
497.3204230756874
 20
51.87596429435338
 30
0.0
 41
1.0
  0
SPLINE
  5
19A
330
70
100
AcDbEntity
  8
Untitled v10_Sketch14
100
AcDbSpline
210
0.0
220
0.0
230
1.0
 70
    12
 71
     5
 72
   156
 73
   150
 74
     0
 42
0.000000001
 43
0.0000000001
 40
0.0
 40
0.0
 40
0.0
 40
0.0
 40
0.0
 40
0.0
 40
0.0068965517241379
 40
0.0137931034482759
 40
0.0206896551724138
 40
0.0275862068965517
 40
0.0344827586206897
 40
0.0413793103448276
 40
0.0482758620689655
 40
0.0551724137931035
 40
0.0620689655172414
 40
0.0689655172413793
 40
0.0758620689655173
 40
0.0827586206896552
 40
0.0896551724137931
 40
0.0965517241379311
 40
0.103448275862069
 40
0.1103448275862069
 40
0.1172413793103448
 40
0.1241379310344828
 40
0.1310344827586207
 40
0.1379310344827586
 40
0.1448275862068966
 40
0.1517241379310345
 40
0.1586206896551725
 40
0.1655172413793104
 40
0.1724137931034483
 40
0.1793103448275863
 40
0.1862068965517242
 40
0.1931034482758622
 40
0.2000000000000001
 40
0.2068965517241381
 40
0.213793103448276
 40
0.220689655172414
 40
0.2275862068965519
 40
0.2344827586206899
 40
0.2413793103448278
 40
0.2482758620689657
 40
0.2551724137931037
 40
0.2620689655172416
 40
0.2689655172413796
 40
0.2758620689655175
 40
0.2827586206896555
 40
0.2896551724137934
 40
0.2965517241379314
 40
0.3034482758620693
 40
0.3103448275862072
 40
0.3172413793103452
 40
0.3241379310344831
 40
0.3310344827586211
 40
0.337931034482759
 40
0.344827586206897
 40
0.3517241379310349
 40
0.3586206896551729
 40
0.3655172413793108
 40
0.3724137931034487
 40
0.3793103448275867
 40
0.3862068965517246
 40
0.3931034482758626
 40
0.4000000000000006
 40
0.4068965517241385
 40
0.4137931034482765
 40
0.4206896551724144
 40
0.4275862068965524
 40
0.4344827586206903
 40
0.4413793103448282
 40
0.4482758620689661
 40
0.4551724137931041
 40
0.462068965517242
 40
0.46896551724138
 40
0.4758620689655179
 40
0.4827586206896559
 40
0.4896551724137938
 40
0.4965517241379318
 40
0.5034482758620697
 40
0.5103448275862076
 40
0.5172413793103456
 40
0.5241379310344835
 40
0.5310344827586215
 40
0.5379310344827594
 40
0.5448275862068974
 40
0.5517241379310353
 40
0.5586206896551733
 40
0.5655172413793112
 40
0.5724137931034491
 40
0.579310344827587
 40
0.586206896551725
 40
0.5931034482758629
 40
0.6000000000000009
 40
0.6068965517241388
 40
0.6137931034482768
 40
0.6206896551724147
 40
0.6275862068965527
 40
0.6344827586206906
 40
0.6413793103448286
 40
0.6482758620689665
 40
0.6551724137931045
 40
0.6620689655172424
 40
0.6689655172413804
 40
0.6758620689655183
 40
0.6827586206896563
 40
0.6896551724137942
 40
0.6965517241379322
 40
0.7034482758620701
 40
0.710344827586208
 40
0.7172413793103459
 40
0.7241379310344839
 40
0.7310344827586218
 40
0.7379310344827598
 40
0.7448275862068977
 40
0.7517241379310357
 40
0.7586206896551736
 40
0.7655172413793116
 40
0.7724137931034495
 40
0.7793103448275875
 40
0.7862068965517254
 40
0.7931034482758634
 40
0.8000000000000012
 40
0.8068965517241391
 40
0.8137931034482772
 40
0.8206896551724151
 40
0.827586206896553
 40
0.8344827586206909
 40
0.841379310344829
 40
0.8482758620689669
 40
0.8551724137931048
 40
0.8620689655172427
 40
0.8689655172413807
 40
0.8758620689655186
 40
0.8827586206896565
 40
0.8896551724137944
 40
0.8965517241379325
 40
0.9034482758620704
 40
0.9103448275862083
 40
0.9172413793103462
 40
0.9241379310344843
 40
0.9310344827586222
 40
0.9379310344827601
 40
0.944827586206898
 40
0.9517241379310361
 40
0.958620689655174
 40
0.9655172413793119
 40
0.9724137931034498
 40
0.9793103448275878
 40
0.9862068965517257
 40
0.9931034482758636
 40
1.0
 40
1.0
 40
1.0
 40
1.0
 40
1.0
 40
1.0
 10
502.7342490639923
 20
64.07554950676249
 30
0.0
 41
1.0
 10
502.7372598142826
 20
64.07764379732746
 30
0.0
 41
1.0
 10
502.7432990987644
 20
64.08214583825973
 30
0.0
 41
1.0
 10
502.7524113802587
 20
64.0898392857661
 30
0.0
 41
1.0
 10
502.7646677801494
 20
64.10197807555029
 30
0.0
 41
1.0
 10
502.7801372541268
 20
64.12022108258227
 30
0.0
 41
1.0
 10
502.7956685840138
 20
64.14133531574151
 30
0.0
 41
1.0
 10
502.8110883227751
 20
64.16492495239623
 30
0.0
 41
1.0
 10
502.8261053839004
 20
64.19032504193218
 30
0.0
 41
1.0
 10
502.8402886716937
 20
64.21654945052239
 30
0.0
 41
1.0
 10
502.8531613545299
 20
64.24249439320206
 30
0.0
 41
1.0
 10
502.8642854404114
 20
64.26712051565829
 30
0.0
 41
1.0
 10
502.8733539890911
 20
64.28965217005512
 30
0.0
 41
1.0
 10
502.8802710329042
 20
64.30974864806174
 30
0.0
 41
1.0
 10
502.8852606095194
 20
64.32774215733985
 30
0.0
 41
1.0
 10
502.8887725194279
 20
64.34440405233395
 30
0.0
 41
1.0
 10
502.8913349273732
 20
64.36058110262251
 30
0.0
 41
1.0
 10
502.8934353560393
 20
64.37691174633172
 30
0.0
 41
1.0
 10
502.8953659432594
 20
64.39342565860727
 30
0.0
 41
1.0
 10
502.8971656495734
 20
64.40947915163619
 30
0.0
 41
1.0
 10
502.8987289522415
 20
64.42428633706136
 30
0.0
 41
1.0
 10
502.8998752038379
 20
64.43729556990184
 30
0.0
 41
1.0
 10
502.9004386084603
 20
64.44867553806105
 30
0.0
 41
1.0
 10
502.9003350519231
 20
64.45961376841857
 30
0.0
 41
1.0
 10
502.8995364607391
 20
64.47165449295013
 30
0.0
 41
1.0
 10
502.8980561323401
 20
64.4861787294424
 30
0.0
 41
1.0
 10
502.8959285034237
 20
64.50376775430036
 30
0.0
 41
1.0
 10
502.8931953351705
 20
64.52379836289843
 30
0.0
 41
1.0
 10
502.8899109285846
 20
64.54497572144319
 30
0.0
 41
1.0
 10
502.8861462621015
 20
64.56575728075002
 30
0.0
 41
1.0
 10
502.8819907692036
 20
64.58478072477255
 30
0.0
 41
1.0
 10
502.8775620258699
 20
64.60138432119201
 30
0.0
 41
1.0
 10
502.8729779902358
 20
64.61564385436389
 30
0.0
 41
1.0
 10
502.8683007190188
 20
64.62810254854403
 30
0.0
 41
1.0
 10
502.8634975154738
 20
64.6395985266578
 30
0.0
 41
1.0
 10
502.8583745152094
 20
64.65104328909589
 30
0.0
 41
1.0
 10
502.8525944008038
 20
64.66325010923974
 30
0.0
 41
1.0
 10
502.8458311148717
 20
64.67679096040015
 30
0.0
 41
1.0
 10
502.8378800564005
 20
64.69186796062807
 30
0.0
 41
1.0
 10
502.8288134817705
 20
64.70813460428416
 30
0.0
 41
1.0
 10
502.8190310856618
 20
64.72467693738536
 30
0.0
 41
1.0
 10
502.8090471048249
 20
64.74042302223317
 30
0.0
 41
1.0
 10
502.7993188101504
 20
64.75448691192781
 30
0.0
 41
1.0
 10
502.790072558519
 20
64.76650995394358
 30
0.0
 41
1.0
 10
502.7810944799117
 20
64.77707820972412
 30
0.0
 41
1.0
 10
502.7718930489936
 20
64.78737147122409
 30
0.0
 41
1.0
 10
502.7619417322606
 20
64.79864651051165
 30
0.0
 41
1.0
 10
502.7508712105364
 20
64.81182678522607
 30
0.0
 41
1.0
 10
502.7387376366652
 20
64.82692866644811
 30
0.0
 41
1.0
 10
502.7259676833126
 20
64.84318736189436
 30
0.0
 41
1.0
 10
502.7131543197374
 20
64.85950746646501
 30
0.0
 41
1.0
 10
502.7009029431935
 20
64.87480228509411
 30
0.0
 41
1.0
 10
502.6896493385243
 20
64.88839899601153
 30
0.0
 41
1.0
 10
502.679510680939
 20
64.90035908218551
 30
0.0
 41
1.0
 10
502.670352658584
 20
64.91122404921512
 30
0.0
 41
1.0
 10
502.6618381521786
 20
64.9218061278573
 30
0.0
 41
1.0
 10
502.6534845153167
 20
64.93296700811029
 30
0.0
 41
1.0
 10
502.644712429741
 20
64.9453889313893
 30
0.0
 41
1.0
 10
502.6349799308809
 20
64.9595016362948
 30
0.0
 41
1.0
 10
502.6239384076003
 20
64.97541979645369
 30
0.0
 41
1.0
 10
502.6115567072269
 20
64.99289389022173
 30
0.0
 41
1.0
 10
502.5983168008991
 20
65.01121357335534
 30
0.0
 41
1.0
 10
502.5851389538263
 20
65.02930398962263
 30
0.0
 41
1.0
 10
502.5730797447312
 20
65.04598710305479
 30
0.0
 41
1.0
 10
502.5630899239097
 20
65.0601981993239
 30
0.0
 41
1.0
 10
502.5557572094107
 20
65.0712166359353
 30
0.0
 41
1.0
 10
502.5510300648812
 20
65.07890217687389
 30
0.0
 41
1.0
 10
502.5483151397884
 20
65.0837271255083
 30
0.0
 41
1.0
 10
502.5466230801327
 20
65.08676146297062
 30
0.0
 41
1.0
 10
502.5446845085352
 20
65.08972115250799
 30
0.0
 41
1.0
 10
502.5411185207924
 20
65.09484524734659
 30
0.0
 41
1.0
 10
502.534806605006
 20
65.10412290176205
 30
0.0
 41
1.0
 10
502.5251806955311
 20
65.11872379489595
 30
0.0
 41
1.0
 10
502.5126621039087
 20
65.13813574444391
 30
0.0
 41
1.0
 10
502.4985188440081
 20
65.16036777088743
 30
0.0
 41
1.0
 10
502.4843490551118
 20
65.18283164890775
 30
0.0
 41
1.0
 10
502.4716538582599
 20
65.2030584453351
 30
0.0
 41
1.0
 10
502.4614209947221
 20
65.21940363230065
 30
0.0
 41
1.0
 10
502.4535829599901
 20
65.23195854453895
 30
0.0
 41
1.0
 10
502.4471978081574
 20
65.24225881791046
 30
0.0
 41
1.0
 10
502.4409807007083
 20
65.25240820263036
 30
0.0
 41
1.0
 10
502.4336826530032
 20
65.26445649114663
 30
0.0
 41
1.0
 10
502.424628166003
 20
65.27951435708573
 30
0.0
 41
1.0
 10
502.4137814841757
 20
65.29764673954908
 30
0.0
 41
1.0
 10
502.4014656793678
 20
65.31833909093322
 30
0.0
 41
1.0
 10
502.3881750755079
 20
65.34080988177109
 30
0.0
 41
1.0
 10
502.3743611705326
 20
65.36436617127108
 30
0.0
 41
1.0
 10
502.360199382051
 20
65.38879255617246
 30
0.0
 41
1.0
 10
502.3456317134531
 20
65.41427152561546
 30
0.0
 41
1.0
 10
502.3304676200868
 20
65.44120531691731
 30
0.0
 41
1.0
 10
502.3144662404175
 20
65.47006907746137
 30
0.0
 41
1.0
 10
502.2974223229049
 20
65.50125835950531
 30
0.0
 41
1.0
 10
502.2792604323888
 20
65.53492116522768
 30
0.0
 41
1.0
 10
502.2600948646143
 20
65.57085231278932
 30
0.0
 41
1.0
 10
502.2401698630645
 20
65.60860454981551
 30
0.0
 41
1.0
 10
502.2198196333213
 20
65.64756387887641
 30
0.0
 41
1.0
 10
502.1994212117806
 20
65.6870377085579
 30
0.0
 41
1.0
 10
502.1793489941599
 20
65.72634024456192
 30
0.0
 41
1.0
 10
502.1599318371908
 20
65.76487265430074
 30
0.0
 41
1.0
 10
502.141400918247
 20
65.80222135444735
 30
0.0
 41
1.0
 10
502.1238739319423
 20
65.83818534028438
 30
0.0
 41
1.0
 10
502.1073749991384
 20
65.87273377157735
 30
0.0
 41
1.0
 10
502.091844860415
 20
65.90598260968931
 30
0.0
 41
1.0
 10
502.0771548460093
 20
65.9381636608478
 30
0.0
 41
1.0
 10
502.0631195931986
 20
65.96959657246593
 30
0.0
 41
1.0
 10
502.0495093508009
 20
66.00066040764588
 30
0.0
 41
1.0
 10
502.0360652431842
 20
66.0317629611552
 30
0.0
 41
1.0
 10
502.022532978659
 20
66.06329337017413
 30
0.0
 41
1.0
 10
502.0086938669195
 20
66.09557741342541
 30
0.0
 41
1.0
 10
501.9943976528353
 20
66.12883062611686
 30
0.0
 41
1.0
 10
501.9795928541946
 20
66.16311487345015
 30
0.0
 41
1.0
 10
501.9643623513302
 20
66.19828729228913
 30
0.0
 41
1.0
 10
501.9489445284948
 20
66.2339704291169
 30
0.0
 41
1.0
 10
501.9336631765622
 20
66.26965652698835
 30
0.0
 41
1.0
 10
501.9188670358642
 20
66.30479761494271
 30
0.0
 41
1.0
 10
501.9048664723807
 20
66.33889985475349
 30
0.0
 41
1.0
 10
501.8918694677963
 20
66.37161879907566
 30
0.0
 41
1.0
 10
501.8799223426742
 20
66.40284791598205
 30
0.0
 41
1.0
 10
501.8688365062346
 20
66.43282707362359
 30
0.0
 41
1.0
 10
501.8582640906521
 20
66.46203807945134
 30
0.0
 41
1.0
 10
501.8477915297316
 20
66.491074440885
 30
0.0
 41
1.0
 10
501.8370286584938
 20
66.52051778920267
 30
0.0
 41
1.0
 10
501.8256953825347
 20
66.55081720227542
 30
0.0
 41
1.0
 10
501.8137197043694
 20
66.58215367307406
 30
0.0
 41
1.0
 10
501.8012999804721
 20
66.61435172900752
 30
0.0
 41
1.0
 10
501.7887823296375
 20
66.64703471645701
 30
0.0
 41
1.0
 10
501.7765636801914
 20
66.67974649817345
 30
0.0
 41
1.0
 10
501.76498162106
 20
66.71209001245216
 30
0.0
 41
1.0
 10
501.7542173358282
 20
66.74384983533641
 30
0.0
 41
1.0
 10
501.7441748901791
 20
66.77514284935568
 30
0.0
 41
1.0
 10
501.7344279458327
 20
66.80649043280638
 30
0.0
 41
1.0
 10
501.7244109798276
 20
66.83862738566439
 30
0.0
 41
1.0
 10
501.7135485931323
 20
66.87236078524193
 30
0.0
 41
1.0
 10
501.7014533746851
 20
66.90839640203456
 30
0.0
 41
1.0
 10
501.6879931835616
 20
66.94720838139708
 30
0.0
 41
1.0
 10
501.6736597245321
 20
66.98881920931093
 30
0.0
 41
1.0
 10
501.6590019183666
 20
67.03284863616048
 30
0.0
 41
1.0
 10
501.6443783959114
 20
67.07867591878198
 30
0.0
 41
1.0
 10
501.6300803523501
 20
67.12548626431669
 30
0.0
 41
1.0
 10
501.6163029201528
 20
67.17236416163899
 30
0.0
 41
1.0
 10
501.6031813573043
 20
67.21836632409626
 30
0.0
 41
1.0
 10
501.5907994001265
 20
67.26260405675994
 30
0.0
 41
1.0
 10
501.5792093900921
 20
67.3043199977144
 30
0.0
 41
1.0
 10
501.5684478425134
 20
67.34297161658545
 30
0.0
 41
1.0
 10
501.5585391790892
 20
67.37819879111818
 30
0.0
 41
1.0
 10
501.5494977857366
 20
67.40978588829861
 30
0.0
 41
1.0
 10
501.5429641503588
 20
67.43205788229644
 30
0.0
 41
1.0
 10
501.538458374774
 20
67.44705987152464
 30
0.0
 41
1.0
 10
501.5356298231546
 20
67.45630481139336
 30
0.0
 41
1.0
 10
501.534259371991
 20
67.46073818461944
 30
0.0
 41
1.0
  0
ARC
  5
19B
330
70
100
AcDbEntity
  8
Untitled v10_Sketch14
100
AcDbCircle
 10
518.3787594260047
 20
50.00061387628406
 30
0.0
 40
24.37862958253657
100
AcDbArc
 50
178.7016270909379
 51
181.3010552526093
  0
ARC
  5
19C
330
70
100
AcDbEntity
  8
Untitled v10_Sketch14
100
AcDbCircle
 10
518.0000077188014
 20
50.00000074505805
 30
0.0
 40
20.76450000000001
100
AcDbArc
 50
257.074804903336
 51
258.9401844267717
  0
ARC
  5
19D
330
70
100
AcDbEntity
  8
Untitled v10_Sketch14
100
AcDbCircle
 10
518.0000077188014
 20
50.00000074505805
 30
0.0
 40
20.76450000000005
100
AcDbArc
 50
185.0748049033344
 51
186.9401844267706
  0
ARC
  5
19E
330
70
100
AcDbEntity
  8
Untitled v10_Sketch14
100
AcDbCircle
 10
518.0000077188014
 20
50.00000074505805
 30
0.0
 40
20.76450000000002
100
AcDbArc
 50
137.074804903335
 51
138.9401844267708
  0
ARC
  5
19F
330
70
100
AcDbEntity
  8
Untitled v10_Sketch14
100
AcDbCircle
 10
518.0000077188014
 20
50.00000074505805
 30
0.0
 40
20.76450000000013
100
AcDbArc
 50
197.0748049033336
 51
198.9401844267714
  0
ARC
  5
1A0
330
70
100
AcDbEntity
  8
Untitled v10_Sketch14
100
AcDbCircle
 10
518.0000077188014
 20
50.00000074505805
 30
0.0
 40
20.76450000000009
100
AcDbArc
 50
245.0748049033324
 51
246.9401844267675
  0
ARC
  5
1A1
330
70
100
AcDbEntity
  8
Untitled v10_Sketch14
100
AcDbCircle
 10
518.0000077188014
 20
50.00000074505805
 30
0.0
 40
20.76450000000003
100
AcDbArc
 50
113.0748049033357
 51
114.9401844267719
  0
ARC
  5
1A2
330
70
100
AcDbEntity
  8
Untitled v10_Sketch14
100
AcDbCircle
 10
518.0000077188014
 20
50.00000074505805
 30
0.0
 40
20.76450000000008
100
AcDbArc
 50
233.0748049033333
 51
234.9401844267705
  0
ARC
  5
1A3
330
70
100
AcDbEntity
  8
Untitled v10_Sketch14
100
AcDbCircle
 10
518.0000077188014
 20
50.00000074505805
 30
0.0
 40
20.76450000000008
100
AcDbArc
 50
161.0748049033321
 51
162.9401844267704
  0
ARC
  5
1A4
330
70
100
AcDbEntity
  8
Untitled v10_Sketch14
100
AcDbCircle
 10
518.0000077188014
 20
50.00000074505805
 30
0.0
 40
20.76450000000006
100
AcDbArc
 50
293.0748049033347
 51
294.940184426771
  0
ARC
  5
1A5
330
70
100
AcDbEntity
  8
Untitled v10_Sketch14
100
AcDbCircle
 10
518.0000077188014
 20
50.00000074505805
 30
0.0
 40
20.76449999999997
100
AcDbArc
 50
281.074804903338
 51
282.9401844267723
  0
ARC
  5
1A6
330
70
100
AcDbEntity
  8
Untitled v10_Sketch14
100
AcDbCircle
 10
518.0000077188014
 20
50.00000074505805
 30
0.0
 40
20.76450000000005
100
AcDbArc
 50
149.0748049033356
 51
150.9401844267708
  0
ARC
  5
1A7
330
70
100
AcDbEntity
  8
Untitled v10_Sketch14
100
AcDbCircle
 10
518.0000077188014
 20
50.00000074505805
 30
0.0
 40
20.76450000000009
100
AcDbArc
 50
221.0748049033309
 51
222.9401844267699
  0
ARC
  5
1A8
330
70
100
AcDbEntity
  8
Untitled v10_Sketch14
100
AcDbCircle
 10
518.0000077188014
 20
50.00000074505805
 30
0.0
 40
20.76450000000005
100
AcDbArc
 50
77.07480490333314
 51
78.94018442676759
  0
ARC
  5
1A9
330
70
100
AcDbEntity
  8
Untitled v10_Sketch14
100
AcDbCircle
 10
518.0000077188014
 20
50.00000074505805
 30
0.0
 40
20.76450000000007
100
AcDbArc
 50
269.0748049033331
 51
270.9401844267712
  0
ARC
  5
1AA
330
70
100
AcDbEntity
  8
Untitled v10_Sketch14
100
AcDbCircle
 10
518.0000077188014
 20
50.00000074505805
 30
0.0
 40
20.76450000000015
100
AcDbArc
 50
209.0748049033328
 51
210.9401844267685
  0
ARC
  5
1AB
330
70
100
AcDbEntity
  8
Untitled v10_Sketch14
100
AcDbCircle
 10
518.0000077188014
 20
50.00000074505805
 30
0.0
 40
20.76450000000007
100
AcDbArc
 50
125.0748049033337
 51
126.940184426771
  0
ARC
  5
1AC
330
70
100
AcDbEntity
  8
Untitled v10_Sketch14
100
AcDbCircle
 10
518.0000077188014
 20
50.00000074505805
 30
0.0
 40
20.76449999999997
100
AcDbArc
 50
101.0748049033367
 51
102.9401844267684
  0
ARC
  5
1AD
330
70
100
AcDbEntity
  8
Untitled v10_Sketch14
100
AcDbCircle
 10
518.0000077188014
 20
50.00000074505805
 30
0.0
 40
20.76450000000005
100
AcDbArc
 50
89.07480490333403
 51
90.94018442677175
  0
ARC
  5
1AE
330
70
100
AcDbEntity
  8
Untitled v10_Sketch14
100
AcDbCircle
 10
518.0000077188014
 20
50.00000074505805
 30
0.0
 40
20.7645000000001
100
AcDbArc
 50
173.0748049033348
 51
174.9401844267703
  0
ENDSEC
  0
SECTION
  2
OBJECTS
  0
DICTIONARY
  5
C
330
0
100
AcDbDictionary
281
     1
  3
ACAD_COLOR
350
63
  3
ACAD_DETAILVIEWSTYLE
350
6A
  3
ACAD_GROUP
350
D
  3
ACAD_LAYOUT
350
62
  3
ACAD_MATERIAL
350
10
  3
ACAD_MLEADERSTYLE
350
66
  3
ACAD_MLINESTYLE
350
5F
  3
ACAD_PLOTSETTINGS
350
61
  3
ACAD_PLOTSTYLENAME
350
E
  3
ACAD_SCALELIST
350
42
  3
ACAD_SECTIONVIEWSTYLE
350
68
  3
ACAD_TABLESTYLE
350
64
  3
ACAD_VISUALSTYLE
350
29
  3
ACDB_RECOMPOSE_DATA
350
1B7
  3
AcDbVariableDictionary
350
1AF
  0
DICTIONARY
  5
63
102
{ACAD_REACTORS
330
C
102
}
330
C
100
AcDbDictionary
281
     1
  0
DICTIONARY
  5
6A
102
{ACAD_REACTORS
330
C
102
}
330
C
100
AcDbDictionary
281
     1
  3
Imperial24
350
6B
  0
DICTIONARY
  5
D
102
{ACAD_REACTORS
330
C
102
}
330
C
100
AcDbDictionary
281
     1
  0
DICTIONARY
  5
62
102
{ACAD_REACTORS
330
C
102
}
330
C
100
AcDbDictionary
281
     1
  3
Layout1
350
6F
  3
Layout2
350
77
  3
Model
350
73
  0
DICTIONARY
  5
10
102
{ACAD_REACTORS
330
C
102
}
330
C
100
AcDbDictionary
281
     1
  3
ByBlock
350
19
  3
ByLayer
350
11
  3
Global
350
21
  0
DICTIONARY
  5
66
102
{ACAD_REACTORS
330
C
102
}
330
C
100
AcDbDictionary
281
     1
  3
Standard
350
67
  0
DICTIONARY
  5
5F
102
{ACAD_REACTORS
330
C
102
}
330
C
100
AcDbDictionary
281
     1
  3
Standard
350
60
  0
DICTIONARY
  5
61
102
{ACAD_REACTORS
330
C
102
}
330
C
100
AcDbDictionary
281
     1
  0
ACDBDICTIONARYWDFLT
  5
E
102
{ACAD_REACTORS
330
C
102
}
330
C
100
AcDbDictionary
281
     1
  3
Normal
350
F
100
AcDbDictionaryWithDefault
340
F
  0
DICTIONARY
  5
42
102
{ACAD_REACTORS
330
C
102
}
330
C
100
AcDbDictionary
281
     1
  3
A0
350
43
  3
A1
350
44
  3
A2
350
45
  3
A3
350
46
  3
A4
350
47
  3
A5
350
48
  3
A6
350
49
  3
A7
350
4A
  3
A8
350
4B
  3
A9
350
4C
  3
B0
350
4D
  3
B1
350
4E
  3
B2
350
4F
  3
B3
350
50
  3
B4
350
51
  3
B5
350
52
  3
B6
350
53
  0
DICTIONARY
  5
68
102
{ACAD_REACTORS
330
C
102
}
330
C
100
AcDbDictionary
281
     1
  3
Imperial24
350
69
  0
DICTIONARY
  5
64
102
{ACAD_REACTORS
330
C
102
}
330
C
100
AcDbDictionary
281
     1
  3
Standard
350
65
  0
DICTIONARY
  5
29
102
{ACAD_REACTORS
330
C
102
}
330
C
100
AcDbDictionary
281
     1
  3
2dWireframe
350
2F
  3
Basic
350
2E
  3
Brighten
350
35
  3
ColorChange
350
39
  3
Conceptual
350
32
  3
Dim
350
34
  3
EdgeColorOff
350
41
  3
Facepattern
350
38
  3
Flat
350
2A
  3
FlatWithEdges
350
2B
  3
Gouraud
350
2C
  3
GouraudWithEdges
350
2D
  3
Hidden
350
31
  3
JitterOff
350
3F
  3
Linepattern
350
37
  3
OverhangOff
350
40
  3
Realistic
350
33
  3
Shaded
350
3E
  3
Shaded with edges
350
3D
  3
Shades of Gray
350
3A
  3
Sketchy
350
3B
  3
Thicken
350
36
  3
Wireframe
350
30
  3
X-Ray
350
3C
  0
XRECORD
  5
1B7
102
{ACAD_REACTORS
330
C
102
}
330
C
100
AcDbXrecord
280
     1
 90
        1
330
65
  0
DICTIONARY
  5
1AF
102
{ACAD_REACTORS
330
C
102
}
330
C
100
AcDbDictionary
281
     1
  3
CANNOSCALE
350
1B4
  3
CMLEADERSTYLE
350
1B1
  3
CTABLESTYLE
350
1B0
  3
CVIEWDETAILSTYLE
350
1B2
  3
CVIEWSECTIONSTYLE
350
1B3
  0
ACDBDETAILVIEWSTYLE
  5
6B
102
{ACAD_XDICTIONARY
360
1BA
102
}
102
{ACAD_REACTORS
330
6A
102
}
330
6A
100
AcDbModelDocViewStyle
 70
     0
  3
Imperial24
290
     0
100
AcDbDetailViewStyle
 70
     0
 71
     0
 90
        3
 71
     1
340
55
 62
   256
 40
0.24
340
0
 62
   256
 40
0.24
300

 40
0.36
280
     3
 71
     2
340
5D
 90
       25
 62
   256
 71
     3
340
55
 62
   256
 40
0.24
 90
        1
 40
0.75
 90
        1
300
%<\AcVar ViewType \f "%tc1">% %<\AcVar ViewDetailId>%\PSCALE %<\AcVar ViewScale \f "%sn">%
 71
     4
340
5D
 90
       25
 62
   256
340
5D
 90
       25
 62
   256
280
     0
  0
LAYOUT
  5
6F
102
{ACAD_REACTORS
330
62
102
}
330
62
100
AcDbPlotSettings
  1

  2

  4

  6

 40
0.0
 41
0.0
 42
0.0
 43
0.0
 44
0.0
 45
0.0
 46
0.0
 47
0.0
 48
0.0
 49
0.0
140
0.0
141
0.0
142
1.0
143
1.0
 70
   688
 72
     0
 73
     0
 74
     5
  7

 75
    16
147
1.0
 76
     0
 77
     2
 78
   300
148
0.0
149
0.0
100
AcDbLayout
  1
Layout1
 70
     1
 71
     1
 10
0.0
 20
0.0
 11
12.0
 21
9.0
 12
0.0
 22
0.0
 32
0.0
 14
0.0
 24
0.0
 34
0.0
 15
0.0
 25
0.0
 35
0.0
146
0.0
 13
0.0
 23
0.0
 33
0.0
 16
1.0
 26
0.0
 36
0.0
 17
0.0
 27
1.0
 37
0.0
 76
     0
330
6C
  0
LAYOUT
  5
77
102
{ACAD_REACTORS
330
62
102
}
330
62
100
AcDbPlotSettings
  1

  2

  4

  6

 40
0.0
 41
0.0
 42
0.0
 43
0.0
 44
0.0
 45
0.0
 46
0.0
 47
0.0
 48
0.0
 49
0.0
140
0.0
141
0.0
142
1.0
143
1.0
 70
   688
 72
     0
 73
     0
 74
     5
  7

 75
    16
147
1.0
 76
     0
 77
     2
 78
   300
148
0.0
149
0.0
100
AcDbLayout
  1
Layout2
 70
     1
 71
     2
 10
0.0
 20
0.0
 11
12.0
 21
9.0
 12
0.0
 22
0.0
 32
0.0
 14
0.0
 24
0.0
 34
0.0
 15
0.0
 25
0.0
 35
0.0
146
0.0
 13
0.0
 23
0.0
 33
0.0
 16
1.0
 26
0.0
 36
0.0
 17
0.0
 27
1.0
 37
0.0
 76
     0
330
74
  0
LAYOUT
  5
73
102
{ACAD_REACTORS
330
62
102
}
330
62
100
AcDbPlotSettings
  1

  2

  4

  6

 40
0.0
 41
0.0
 42
0.0
 43
0.0
 44
0.0
 45
0.0
 46
0.0
 47
0.0
 48
0.0
 49
0.0
140
0.0
141
0.0
142
1.0
143
1.0
 70
  1712
 72
     0
 73
     0
 74
     0
  7

 75
     0
147
1.0
 76
     0
 77
     2
 78
   300
148
0.0
149
0.0
100
AcDbLayout
  1
Model
 70
     1
 71
     0
 10
0.0
 20
0.0
 11
12.0
 21
9.0
 12
0.0
 22
0.0
 32
0.0
 14
0.0
 24
0.0
 34
0.0
 15
0.0
 25
0.0
 35
0.0
146
0.0
 13
0.0
 23
0.0
 33
0.0
 16
1.0
 26
0.0
 36
0.0
 17
0.0
 27
1.0
 37
0.0
 76
     0
330
70
  0
MATERIAL
  5
19
102
{ACAD_XDICTIONARY
360
1A
102
}
102
{ACAD_REACTORS
330
10
102
}
330
10
100
AcDbMaterial
  1
ByBlock
 72
     0
 43
0.0208333333333333
 43
0.0
 43
0.0
 43
0.0
 43
0.0
 43
0.0208333333333333
 43
0.0
 43
0.0
 43
0.0
 43
0.0
 43
1.0
 43
0.0
 43
0.0
 43
0.0
 43
0.0
 43
1.0
 77
     0
 47
0.0208333333333333
 47
0.0
 47
0.0
 47
0.0
 47
0.0
 47
0.0208333333333333
 47
0.0
 47
0.0
 47
0.0
 47
0.0
 47
1.0
 47
0.0
 47
0.0
 47
0.0
 47
0.0
 47
1.0
171
     0
 49
0.0208333333333333
 49
0.0
 49
0.0
 49
0.0
 49
0.0
 49
0.0208333333333333
 49
0.0
 49
0.0
 49
0.0
 49
0.0
 49
1.0
 49
0.0
 49
0.0
 49
0.0
 49
0.0
 49
1.0
175
     0
142
0.0208333333333333
142
0.0
142
0.0
142
0.0
142
0.0
142
0.0208333333333333
142
0.0
142
0.0
142
0.0
142
0.0
142
1.0
142
0.0
142
0.0
142
0.0
142
0.0
142
1.0
179
     0
144
0.0208333333333333
144
0.0
144
0.0
144
0.0
144
0.0
144
0.0208333333333333
144
0.0
144
0.0
144
0.0
144
0.0
144
1.0
144
0.0
144
0.0
144
0.0
144
0.0
144
1.0
147
0.0208333333333333
147
0.0
147
0.0
147
0.0
147
0.0
147
0.0208333333333333
147
0.0
147
0.0
147
0.0
147
0.0
147
1.0
147
0.0
147
0.0
147
0.0
147
0.0
147
1.0
  0
MATERIAL
  5
11
102
{ACAD_XDICTIONARY
360
12
102
}
102
{ACAD_REACTORS
330
10
102
}
330
10
100
AcDbMaterial
  1
ByLayer
 72
     0
 43
0.0208333333333333
 43
0.0
 43
0.0
 43
0.0
 43
0.0
 43
0.0208333333333333
 43
0.0
 43
0.0
 43
0.0
 43
0.0
 43
1.0
 43
0.0
 43
0.0
 43
0.0
 43
0.0
 43
1.0
 77
     0
 47
0.0208333333333333
 47
0.0
 47
0.0
 47
0.0
 47
0.0
 47
0.0208333333333333
 47
0.0
 47
0.0
 47
0.0
 47
0.0
 47
1.0
 47
0.0
 47
0.0
 47
0.0
 47
0.0
 47
1.0
171
     0
 49
0.0208333333333333
 49
0.0
 49
0.0
 49
0.0
 49
0.0
 49
0.0208333333333333
 49
0.0
 49
0.0
 49
0.0
 49
0.0
 49
1.0
 49
0.0
 49
0.0
 49
0.0
 49
0.0
 49
1.0
175
     0
142
0.0208333333333333
142
0.0
142
0.0
142
0.0
142
0.0
142
0.0208333333333333
142
0.0
142
0.0
142
0.0
142
0.0
142
1.0
142
0.0
142
0.0
142
0.0
142
0.0
142
1.0
179
     0
144
0.0208333333333333
144
0.0
144
0.0
144
0.0
144
0.0
144
0.0208333333333333
144
0.0
144
0.0
144
0.0
144
0.0
144
1.0
144
0.0
144
0.0
144
0.0
144
0.0
144
1.0
147
0.0208333333333333
147
0.0
147
0.0
147
0.0
147
0.0
147
0.0208333333333333
147
0.0
147
0.0
147
0.0
147
0.0
147
1.0
147
0.0
147
0.0
147
0.0
147
0.0
147
1.0
  0
MATERIAL
  5
21
102
{ACAD_XDICTIONARY
360
22
102
}
102
{ACAD_REACTORS
330
10
102
}
330
10
100
AcDbMaterial
  1
Global
 72
     0
 43
0.0208333333333333
 43
0.0
 43
0.0
 43
0.0
 43
0.0
 43
0.0208333333333333
 43
0.0
 43
0.0
 43
0.0
 43
0.0
 43
1.0
 43
0.0
 43
0.0
 43
0.0
 43
0.0
 43
1.0
 77
     0
 47
0.0208333333333333
 47
0.0
 47
0.0
 47
0.0
 47
0.0
 47
0.0208333333333333
 47
0.0
 47
0.0
 47
0.0
 47
0.0
 47
1.0
 47
0.0
 47
0.0
 47
0.0
 47
0.0
 47
1.0
171
     0
 49
0.0208333333333333
 49
0.0
 49
0.0
 49
0.0
 49
0.0
 49
0.0208333333333333
 49
0.0
 49
0.0
 49
0.0
 49
0.0
 49
1.0
 49
0.0
 49
0.0
 49
0.0
 49
0.0
 49
1.0
175
     0
142
0.0208333333333333
142
0.0
142
0.0
142
0.0
142
0.0
142
0.0208333333333333
142
0.0
142
0.0
142
0.0
142
0.0
142
1.0
142
0.0
142
0.0
142
0.0
142
0.0
142
1.0
179
     0
144
0.0208333333333333
144
0.0
144
0.0
144
0.0
144
0.0
144
0.0208333333333333
144
0.0
144
0.0
144
0.0
144
0.0
144
1.0
144
0.0
144
0.0
144
0.0
144
0.0
144
1.0
147
0.0208333333333333
147
0.0
147
0.0
147
0.0
147
0.0
147
0.0208333333333333
147
0.0
147
0.0
147
0.0
147
0.0
147
1.0
147
0.0
147
0.0
147
0.0
147
0.0
147
1.0
  0
MLEADERSTYLE
  5
67
102
{ACAD_REACTORS
330
66
102
}
330
66
100
AcDbMLeaderStyle
179
     2
170
     2
171
     1
172
     0
 90
        2
 40
0.0
 41
0.0
173
     1
 91
-1056964608
340
5B
 92
       -2
290
     1
 42
0.09
291
     1
 43
0.36
  3
Standard
 44
0.18
300

342
55
174
     1
178
     6
175
     1
176
     0
 93
-1056964608
 45
0.18
292
     0
297
     0
 46
0.18
 94
-1056964608
 47
1.0
 49
1.0
140
1.0
293
     1
141
0.0
294
     1
177
     0
142
1.0
295
     0
296
     0
143
0.125
271
     0
272
     9
273
     9
298
     1
  0
MLINESTYLE
  5
60
102
{ACAD_REACTORS
330
5F
102
}
330
5F
100
AcDbMlineStyle
  2
STANDARD
 70
     0
  3

 62
   256
 51
90.0
 52
90.0
 71
     2
 49
0.5
 62
   256
  6
BYLAYER
 49
-0.5
 62
   256
  6
BYLAYER
  0
ACDBPLACEHOLDER
  5
F
102
{ACAD_REACTORS
330
E
102
}
330
E
  0
SCALE
  5
43
102
{ACAD_REACTORS
330
42
102
}
330
42
100
AcDbScale
 70
     0
300
1:1
140
1.0
141
1.0
290
     1
  0
SCALE
  5
44
102
{ACAD_REACTORS
330
42
102
}
330
42
100
AcDbScale
 70
     0
300
1/128" = 1'-0"
140
0.0078125
141
12.0
290
     0
  0
SCALE
  5
45
102
{ACAD_REACTORS
330
42
102
}
330
42
100
AcDbScale
 70
     0
300
1/64" = 1'-0"
140
0.015625
141
12.0
290
     0
  0
SCALE
  5
46
102
{ACAD_REACTORS
330
42
102
}
330
42
100
AcDbScale
 70
     0
300
1/32" = 1'-0"
140
0.03125
141
12.0
290
     0
  0
SCALE
  5
47
102
{ACAD_REACTORS
330
42
102
}
330
42
100
AcDbScale
 70
     0
300
1/16" = 1'-0"
140
0.0625
141
12.0
290
     0
  0
SCALE
  5
48
102
{ACAD_REACTORS
330
42
102
}
330
42
100
AcDbScale
 70
     0
300
3/32" = 1'-0"
140
0.09375
141
12.0
290
     0
  0
SCALE
  5
49
102
{ACAD_REACTORS
330
42
102
}
330
42
100
AcDbScale
 70
     0
300
1/8" = 1'-0"
140
0.125
141
12.0
290
     0
  0
SCALE
  5
4A
102
{ACAD_REACTORS
330
42
102
}
330
42
100
AcDbScale
 70
     0
300
3/16" = 1'-0"
140
0.1875
141
12.0
290
     0
  0
SCALE
  5
4B
102
{ACAD_REACTORS
330
42
102
}
330
42
100
AcDbScale
 70
     0
300
1/4" = 1'-0"
140
0.25
141
12.0
290
     0
  0
SCALE
  5
4C
102
{ACAD_REACTORS
330
42
102
}
330
42
100
AcDbScale
 70
     0
300
3/8" = 1'-0"
140
0.375
141
12.0
290
     0
  0
SCALE
  5
4D
102
{ACAD_REACTORS
330
42
102
}
330
42
100
AcDbScale
 70
     0
300
1/2" = 1'-0"
140
0.5
141
12.0
290
     0
  0
SCALE
  5
4E
102
{ACAD_REACTORS
330
42
102
}
330
42
100
AcDbScale
 70
     0
300
3/4" = 1'-0"
140
0.75
141
12.0
290
     0
  0
SCALE
  5
4F
102
{ACAD_REACTORS
330
42
102
}
330
42
100
AcDbScale
 70
     0
300
1" = 1'-0"
140
1.0
141
12.0
290
     0
  0
SCALE
  5
50
102
{ACAD_REACTORS
330
42
102
}
330
42
100
AcDbScale
 70
     0
300
1-1/2" = 1'-0"
140
1.5
141
12.0
290
     0
  0
SCALE
  5
51
102
{ACAD_REACTORS
330
42
102
}
330
42
100
AcDbScale
 70
     0
300
3" = 1'-0"
140
3.0
141
12.0
290
     0
  0
SCALE
  5
52
102
{ACAD_REACTORS
330
42
102
}
330
42
100
AcDbScale
 70
     0
300
6" = 1'-0"
140
6.0
141
12.0
290
     0
  0
SCALE
  5
53
102
{ACAD_REACTORS
330
42
102
}
330
42
100
AcDbScale
 70
     0
300
1'-0" = 1'-0"
140
12.0
141
12.0
290
     0
  0
ACDBSECTIONVIEWSTYLE
  5
69
102
{ACAD_XDICTIONARY
360
1B8
102
}
102
{ACAD_REACTORS
330
68
102
}
330
68
100
AcDbModelDocViewStyle
 70
     0
  3
Imperial24
290
     0
100
AcDbSectionViewStyle
 70
     0
 71
     0
 90
       78
 71
     1
340
55
 62
   256
 40
0.24
340
0
340
0
 62
   256
 40
0.24
300
I, O, Q, S, X, Z
 40
0.48
 90
        3
 40
0.18
 90
        1
 71
     2
340
5D
 90
       25
 62
   256
340
5D
 90
       50
 62
   256
 40
0.24
 40
0.0
 40
0.24
 71
     3
340
55
 62
   256
 40
0.24
 90
        1
 40
0.75
 90
        1
300
%<\AcVar ViewType \f "%tc1">% %<\AcVar ViewSectionStartId>%-%<\AcVar ViewSectionEndId>%\PSCALE %<\AcVar ViewScale \f "%sn">%
 71
     4
 62
   256
 62
   257
300
ANSI31
 40
1.0
 90
        0
290
     0
290
     0
 90
        6
 40
0.0
 40
1.570796326794896
 40
0.2617993877991494
 40
1.308996938995747
 40
-0.2617993877991494
 40
1.832595714594046
  0
TABLESTYLE
  5
65
102
{ACAD_XDICTIONARY
360
1B5
102
}
102
{ACAD_REACTORS
330
64
102
}
330
64
100
AcDbTableStyle
280
     0
  3
Standard
 70
     0
 71
     0
 40
0.06
 41
0.06
280
     0
281
     0
  7
Standard
140
0.18
170
     2
 62
     0
 63
     7
283
     0
 90
      512
 91
        0
  1

274
    -2
284
     1
 64
     0
275
    -2
285
     1
 65
     0
276
    -2
286
     1
 66
     0
277
    -2
287
     1
 67
     0
278
    -2
288
     1
 68
     0
279
    -2
289
     1
 69
     0
  7
Standard
140
0.25
170
     5
 62
     0
 63
     7
283
     0
 90
      512
 91
        0
  1

274
    -2
284
     1
 64
     0
275
    -2
285
     1
 65
     0
276
    -2
286
     1
 66
     0
277
    -2
287
     1
 67
     0
278
    -2
288
     1
 68
     0
279
    -2
289
     1
 69
     0
  7
Standard
140
0.18
170
     5
 62
     0
 63
     7
283
     0
 90
      512
 91
        0
  1

274
    -2
284
     1
 64
     0
275
    -2
285
     1
 65
     0
276
    -2
286
     1
 66
     0
277
    -2
287
     1
 67
     0
278
    -2
288
     1
 68
     0
279
    -2
289
     1
 69
     0
  0
VISUALSTYLE
  5
2F
102
{ACAD_REACTORS
330
29
102
}
330
29
100
AcDbVisualStyle
  2
2dWireframe
 70
     4
177
     3
291
     0
 70
    58
 90
        0
176
     1
 90
        2
176
     1
 90
        0
176
     1
 90
        0
176
     1
 40
0.6
176
     1
 40
30.0
176
     1
 62
     7
420
 16777215
176
     1
 90
        1
176
     1
 90
        4
176
     1
 62
     7
176
     1
 62
   257
176
     1
 90
        1
176
     1
 90
        1
176
     1
 40
1.0
176
     1
 90
        0
176
     1
 62
   257
176
     1
 40
1.0
176
     1
 90
        1
176
     1
 90
        6
176
     1
 90
        2
176
     1
 62
     7
176
     1
 90
        5
176
     1
 90
        0
176
     1
 90
        0
176
     1
290
     0
176
     1
 90
        1
176
     1
 40
0.0
176
     1
 90
        0
176
     1
290
     1
176
     1
290
     1
176
     1
290
     0
176
     1
290
     0
176
     1
290
     0
176
     1
290
     0
176
     1
290
     0
176
     1
290
     0
176
     1
290
     0
176
     1
 90
       50
176
     1
 40
0.0
176
     1
 40
1.0
176
     1
 90
        0
176
     1
 62
    18
420
        0
176
     1
 90
       50
176
     1
 90
        3
176
     1
 62
     5
420
      255
176
     1
290
     0
176
     1
 90
       50
176
     1
 90
       50
176
     1
 90
       50
176
     1
290
     0
176
     1
 90
       50
176
     1
 62
   256
176
     0
 40
1.0
176
     0
 90
        2
176
     1
  1
strokes_ogs.tif
176
     1
290
     0
176
     1
 40
1.0
176
     1
 40
1.0
176
     1
1001
ACAD
1000
AcDbSavedByObjectVersion
1070
     0
  0
VISUALSTYLE
  5
2E
102
{ACAD_REACTORS
330
29
102
}
330
29
100
AcDbVisualStyle
  2
Basic
 70
     7
177
     3
291
     1
 70
    58
 90
        1
176
     1
 90
        0
176
     1
 90
        1
176
     1
 90
        0
176
     1
 40
0.6
176
     1
 40
30.0
176
     1
 62
     7
420
 16777215
176
     1
 90
        0
176
     1
 90
        4
176
     1
 62
     7
176
     1
 62
   257
176
     1
 90
        1
176
     1
 90
        1
176
     1
 40
1.0
176
     1
 90
        8
176
     1
 62
     7
176
     1
 40
1.0
176
     1
 90
        1
176
     1
 90
        6
176
     1
 90
        2
176
     1
 62
     7
176
     1
 90
        5
176
     1
 90
        0
176
     1
 90
        0
176
     1
290
     0
176
     1
 90
        1
176
     1
 40
0.0
176
     1
 90
        0
176
     1
290
     0
176
     1
290
     1
176
     1
290
     1
176
     1
290
     0
176
     1
290
     0
176
     1
290
     0
176
     1
290
     0
176
     1
290
     0
176
     1
290
     0
176
     1
 90
       50
176
     1
 40
0.0
176
     1
 40
1.0
176
     1
 90
        0
176
     1
 62
    18
420
        0
176
     1
 90
       50
176
     1
 90
        3
176
     1
 62
     5
420
      255
176
     1
290
     0
176
     1
 90
       50
176
     1
 90
       50
176
     1
 90
       50
176
     1
290
     0
176
     1
 90
       50
176
     1
 62
   256
176
     0
 40
1.0
176
     0
 90
        2
176
     1
  1
strokes_ogs.tif
176
     1
290
     0
176
     1
 40
1.0
176
     1
 40
1.0
176
     1
1001
ACAD
1000
AcDbSavedByObjectVersion
1070
     0
  0
VISUALSTYLE
  5
35
102
{ACAD_REACTORS
330
29
102
}
330
29
100
AcDbVisualStyle
  2
Brighten
 70
    12
177
     3
291
     1
 70
    58
 90
        2
176
     1
 90
        2
176
     1
 90
        0
176
     1
 90
        0
176
     1
 40
0.6
176
     1
 40
30.0
176
     1
 62
     7
420
 16777215
176
     1
 90
        1
176
     1
 90
        4
176
     1
 62
     7
176
     1
 62
   257
176
     1
 90
        1
176
     1
 90
        1
176
     1
 40
1.0
176
     1
 90
        8
176
     1
 62
     7
176
     1
 40
1.0
176
     1
 90
        1
176
     1
 90
        6
176
     1
 90
        2
176
     1
 62
     7
176
     1
 90
        5
176
     1
 90
        0
176
     1
 90
        0
176
     1
290
     0
176
     1
 90
        1
176
     1
 40
50.0
176
     1
 90
        0
176
     1
290
     0
176
     1
290
     1
176
     1
290
     1
176
     1
290
     0
176
     1
290
     0
176
     1
290
     0
176
     1
290
     0
176
     1
290
     0
176
     1
290
     0
176
     1
 90
       50
176
     1
 40
0.0
176
     1
 40
1.0
176
     1
 90
        0
176
     1
 62
    18
420
        0
176
     1
 90
       50
176
     1
 90
        3
176
     1
 62
     5
420
      255
176
     1
290
     0
176
     1
 90
       50
176
     1
 90
       50
176
     1
 90
       50
176
     1
290
     0
176
     1
 90
       50
176
     1
 62
   256
176
     0
 40
1.0
176
     0
 90
        2
176
     1
  1
strokes_ogs.tif
176
     1
290
     0
176
     1
 40
1.0
176
     1
 40
1.0
176
     1
1001
ACAD
1000
AcDbSavedByObjectVersion
1070
     0
  0
VISUALSTYLE
  5
39
102
{ACAD_REACTORS
330
29
102
}
330
29
100
AcDbVisualStyle
  2
ColorChange
 70
    16
177
     3
291
     1
 70
    58
 90
        2
176
     1
 90
        2
176
     1
 90
        3
176
     1
 90
        0
176
     1
 40
0.6
176
     1
 40
30.0
176
     1
 62
     8
420
  8421504
176
     1
 90
        1
176
     1
 90
        4
176
     1
 62
     7
176
     1
 62
   257
176
     1
 90
        1
176
     1
 90
        1
176
     1
 40
1.0
176
     1
 90
        8
176
     1
 62
     8
420
  8421504
176
     1
 40
1.0
176
     1
 90
        1
176
     1
 90
        6
176
     1
 90
        2
176
     1
 62
     7
176
     1
 90
        5
176
     1
 90
        0
176
     1
 90
        0
176
     1
290
     0
176
     1
 90
        1
176
     1
 40
0.0
176
     1
 90
        0
176
     1
290
     0
176
     1
290
     1
176
     1
290
     1
176
     1
290
     0
176
     1
290
     0
176
     1
290
     0
176
     1
290
     0
176
     1
290
     0
176
     1
290
     0
176
     1
 90
       50
176
     1
 40
0.0
176
     1
 40
1.0
176
     1
 90
        0
176
     1
 62
    18
420
        0
176
     1
 90
       50
176
     1
 90
        3
176
     1
 62
     5
420
      255
176
     1
290
     0
176
     1
 90
       50
176
     1
 90
       50
176
     1
 90
       50
176
     1
290
     0
176
     1
 90
       50
176
     1
 62
   256
176
     0
 40
1.0
176
     0
 90
        2
176
     1
  1
strokes_ogs.tif
176
     1
290
     0
176
     1
 40
1.0
176
     1
 40
1.0
176
     1
1001
ACAD
1000
AcDbSavedByObjectVersion
1070
     0
  0
VISUALSTYLE
  5
32
102
{ACAD_REACTORS
330
29
102
}
330
29
100
AcDbVisualStyle
  2
Conceptual
 70
     9
177
     3
291
     0
 70
    58
 90
        3
176
     1
 90
        2
176
     1
 90
        0
176
     1
 90
        0
176
     1
 40
0.6
176
     1
 40
30.0
176
     1
 62
     7
420
 16777215
176
     1
 90
        2
176
     1
 90
        2
176
     1
 62
     7
176
     1
 62
   257
176
     1
 90
        1
176
     1
 90
        1
176
     1
 40
179.0
176
     1
 90
        8
176
     1
 62
     7
176
     1
 40
1.0
176
     1
 90
        1
176
     1
 90
        6
176
     1
 90
        2
176
     1
 62
     7
176
     1
 90
        3
176
     1
 90
        0
176
     1
 90
        0
176
     1
290
     0
176
     1
 90
        1
176
     1
 40
0.0
176
     1
 90
        0
176
     1
290
     0
176
     1
290
     1
176
     1
290
     1
176
     1
290
     0
176
     1
290
     0
176
     1
290
     0
176
     1
290
     0
176
     1
290
     0
176
     1
290
     0
176
     1
 90
       50
176
     1
 40
0.0
176
     1
 40
1.0
176
     1
 90
        0
176
     1
 62
    18
420
        0
176
     1
 90
       50
176
     1
 90
        3
176
     1
 62
     5
420
      255
176
     1
290
     0
176
     1
 90
       50
176
     1
 90
       50
176
     1
 90
       50
176
     1
290
     0
176
     1
 90
       50
176
     1
 62
   256
176
     0
 40
1.0
176
     0
 90
        2
176
     1
  1
strokes_ogs.tif
176
     1
290
     0
176
     1
 40
1.0
176
     1
 40
1.0
176
     1
1001
ACAD
1000
AcDbSavedByObjectVersion
1070
     0
  0
VISUALSTYLE
  5
34
102
{ACAD_REACTORS
330
29
102
}
330
29
100
AcDbVisualStyle
  2
Dim
 70
    11
177
     3
291
     1
 70
    58
 90
        2
176
     1
 90
        2
176
     1
 90
        0
176
     1
 90
        0
176
     1
 40
0.6
176
     1
 40
30.0
176
     1
 62
     7
420
 16777215
176
     1
 90
        1
176
     1
 90
        4
176
     1
 62
     7
176
     1
 62
   257
176
     1
 90
        1
176
     1
 90
        1
176
     1
 40
1.0
176
     1
 90
        8
176
     1
 62
     7
176
     1
 40
1.0
176
     1
 90
        1
176
     1
 90
        6
176
     1
 90
        2
176
     1
 62
     7
176
     1
 90
        5
176
     1
 90
        0
176
     1
 90
        0
176
     1
290
     0
176
     1
 90
        1
176
     1
 40
-50.0
176
     1
 90
        0
176
     1
290
     0
176
     1
290
     1
176
     1
290
     1
176
     1
290
     0
176
     1
290
     0
176
     1
290
     0
176
     1
290
     0
176
     1
290
     0
176
     1
290
     0
176
     1
 90
       50
176
     1
 40
0.0
176
     1
 40
1.0
176
     1
 90
        0
176
     1
 62
    18
420
        0
176
     1
 90
       50
176
     1
 90
        3
176
     1
 62
     5
420
      255
176
     1
290
     0
176
     1
 90
       50
176
     1
 90
       50
176
     1
 90
       50
176
     1
290
     0
176
     1
 90
       50
176
     1
 62
   256
176
     0
 40
1.0
176
     0
 90
        2
176
     1
  1
strokes_ogs.tif
176
     1
290
     0
176
     1
 40
1.0
176
     1
 40
1.0
176
     1
1001
ACAD
1000
AcDbSavedByObjectVersion
1070
     0
  0
VISUALSTYLE
  5
41
102
{ACAD_REACTORS
330
29
102
}
330
29
100
AcDbVisualStyle
  2
EdgeColorOff
 70
    22
177
     3
291
     1
 70
    58
 90
        2
176
     0
 90
        2
176
     0
 90
        0
176
     0
 90
        0
176
     0
 40
0.6
176
     0
 40
30.0
176
     0
 62
     7
420
 16777215
176
     0
 90
        1
176
     0
 90
        4
176
     0
 62
     7
176
     0
 62
   257
176
     0
 90
        1
176
     0
 90
        1
176
     0
 40
1.0
176
     0
 90
        8
176
     2
 62
     7
176
     0
 40
1.0
176
     0
 90
        1
176
     0
 90
        6
176
     0
 90
        2
176
     0
 62
     7
176
     0
 90
        5
176
     0
 90
        0
176
     0
 90
        0
176
     0
290
     0
176
     0
 90
        1
176
     0
 40
0.0
176
     0
 90
        0
176
     0
290
     0
176
     0
290
     1
176
     0
290
     1
176
     0
290
     0
176
     0
290
     0
176
     0
290
     0
176
     0
290
     0
176
     0
290
     0
176
     0
290
     0
176
     0
 90
       50
176
     0
 40
0.0
176
     0
 40
1.0
176
     0
 90
        0
176
     0
 62
    18
420
        0
176
     0
 90
       50
176
     0
 90
        3
176
     0
 62
     5
420
      255
176
     0
290
     0
176
     0
 90
       50
176
     0
 90
       50
176
     0
 90
       50
176
     0
290
     0
176
     0
 90
       50
176
     0
 62
   256
176
     0
 40
1.0
176
     0
 90
        2
176
     0
  1
strokes_ogs.tif
176
     0
290
     0
176
     0
 40
1.0
176
     0
 40
1.0
176
     0
1001
ACAD
1000
AcDbSavedByObjectVersion
1070
     0
  0
VISUALSTYLE
  5
38
102
{ACAD_REACTORS
330
29
102
}
330
29
100
AcDbVisualStyle
  2
Facepattern
 70
    15
177
     3
291
     1
 70
    58
 90
        2
176
     1
 90
        2
176
     1
 90
        0
176
     1
 90
        0
176
     1
 40
0.6
176
     1
 40
30.0
176
     1
 62
     7
420
 16777215
176
     1
 90
        1
176
     1
 90
        4
176
     1
 62
     7
176
     1
 62
   257
176
     1
 90
        1
176
     1
 90
        1
176
     1
 40
1.0
176
     1
 90
        8
176
     1
 62
     7
176
     1
 40
1.0
176
     1
 90
        1
176
     1
 90
        6
176
     1
 90
        2
176
     1
 62
     7
176
     1
 90
        5
176
     1
 90
        0
176
     1
 90
        0
176
     1
290
     0
176
     1
 90
        1
176
     1
 40
0.0
176
     1
 90
        0
176
     1
290
     0
176
     1
290
     1
176
     1
290
     1
176
     1
290
     0
176
     1
290
     0
176
     1
290
     0
176
     1
290
     0
176
     1
290
     0
176
     1
290
     0
176
     1
 90
       50
176
     1
 40
0.0
176
     1
 40
1.0
176
     1
 90
        0
176
     1
 62
    18
420
        0
176
     1
 90
       50
176
     1
 90
        3
176
     1
 62
     5
420
      255
176
     1
290
     0
176
     1
 90
       50
176
     1
 90
       50
176
     1
 90
       50
176
     1
290
     0
176
     1
 90
       50
176
     1
 62
   256
176
     0
 40
1.0
176
     0
 90
        2
176
     1
  1
strokes_ogs.tif
176
     1
290
     0
176
     1
 40
1.0
176
     1
 40
1.0
176
     1
1001
ACAD
1000
AcDbSavedByObjectVersion
1070
     0
  0
VISUALSTYLE
  5
2A
102
{ACAD_REACTORS
330
29
102
}
330
29
100
AcDbVisualStyle
  2
Flat
 70
     0
177
     3
291
     1
 70
    58
 90
        2
176
     1
 90
        1
176
     1
 90
        1
176
     1
 90
        2
176
     1
 40
0.6
176
     1
 40
30.0
176
     1
 62
     7
420
 16777215
176
     1
 90
        0
176
     1
 90
        0
176
     1
 62
     7
176
     1
 62
   257
176
     1
 90
        1
176
     1
 90
        1
176
     1
 40
1.0
176
     1
 90
        8
176
     1
 62
     7
176
     1
 40
1.0
176
     1
 90
        1
176
     1
 90
        6
176
     1
 90
        2
176
     1
 62
     7
176
     1
 90
        5
176
     1
 90
        0
176
     1
 90
        0
176
     1
290
     0
176
     1
 90
       13
176
     1
 40
0.0
176
     1
 90
        0
176
     1
290
     0
176
     1
290
     1
176
     1
290
     1
176
     1
290
     0
176
     1
290
     0
176
     1
290
     0
176
     1
290
     0
176
     1
290
     0
176
     1
290
     0
176
     1
 90
       50
176
     1
 40
0.0
176
     1
 40
1.0
176
     1
 90
        0
176
     1
 62
    18
420
        0
176
     1
 90
       50
176
     1
 90
        3
176
     1
 62
     5
420
      255
176
     1
290
     0
176
     1
 90
       50
176
     1
 90
       50
176
     1
 90
       50
176
     1
290
     0
176
     1
 90
       50
176
     1
 62
   256
176
     0
 40
1.0
176
     0
 90
        2
176
     1
  1
strokes_ogs.tif
176
     1
290
     0
176
     1
 40
1.0
176
     1
 40
1.0
176
     1
1001
ACAD
1000
AcDbSavedByObjectVersion
1070
     0
  0
VISUALSTYLE
  5
2B
102
{ACAD_REACTORS
330
29
102
}
330
29
100
AcDbVisualStyle
  2
FlatWithEdges
 70
     1
177
     3
291
     1
 70
    58
 90
        2
176
     1
 90
        1
176
     1
 90
        1
176
     1
 90
        2
176
     1
 40
0.6
176
     1
 40
30.0
176
     1
 62
     7
420
 16777215
176
     1
 90
        1
176
     1
 90
        0
176
     1
 62
     7
176
     1
 62
   257
176
     1
 90
        1
176
     1
 90
        1
176
     1
 40
1.0
176
     1
 90
        0
176
     1
 62
   257
176
     1
 40
1.0
176
     1
 90
        1
176
     1
 90
        6
176
     1
 90
        2
176
     1
 62
     7
176
     1
 90
        5
176
     1
 90
        0
176
     1
 90
        0
176
     1
290
     0
176
     1
 90
       13
176
     1
 40
0.0
176
     1
 90
        0
176
     1
290
     0
176
     1
290
     1
176
     1
290
     1
176
     1
290
     0
176
     1
290
     0
176
     1
290
     0
176
     1
290
     0
176
     1
290
     0
176
     1
290
     0
176
     1
 90
       50
176
     1
 40
0.0
176
     1
 40
1.0
176
     1
 90
        0
176
     1
 62
    18
420
        0
176
     1
 90
       50
176
     1
 90
        3
176
     1
 62
     5
420
      255
176
     1
290
     0
176
     1
 90
       50
176
     1
 90
       50
176
     1
 90
       50
176
     1
290
     0
176
     1
 90
       50
176
     1
 62
   256
176
     0
 40
1.0
176
     0
 90
        2
176
     1
  1
strokes_ogs.tif
176
     1
290
     0
176
     1
 40
1.0
176
     1
 40
1.0
176
     1
1001
ACAD
1000
AcDbSavedByObjectVersion
1070
     0
  0
VISUALSTYLE
  5
2C
102
{ACAD_REACTORS
330
29
102
}
330
29
100
AcDbVisualStyle
  2
Gouraud
 70
     2
177
     3
291
     1
 70
    58
 90
        2
176
     1
 90
        2
176
     1
 90
        1
176
     1
 90
        2
176
     1
 40
0.6
176
     1
 40
30.0
176
     1
 62
     7
420
 16777215
176
     1
 90
        0
176
     1
 90
        0
176
     1
 62
     7
176
     1
 62
   257
176
     1
 90
        1
176
     1
 90
        1
176
     1
 40
1.0
176
     1
 90
        0
176
     1
 62
     7
176
     1
 40
1.0
176
     1
 90
        1
176
     1
 90
        6
176
     1
 90
        2
176
     1
 62
     7
176
     1
 90
        5
176
     1
 90
        0
176
     1
 90
        0
176
     1
290
     0
176
     1
 90
       13
176
     1
 40
0.0
176
     1
 90
        0
176
     1
290
     0
176
     1
290
     1
176
     1
290
     1
176
     1
290
     0
176
     1
290
     0
176
     1
290
     0
176
     1
290
     0
176
     1
290
     0
176
     1
290
     0
176
     1
 90
       50
176
     1
 40
0.0
176
     1
 40
1.0
176
     1
 90
        0
176
     1
 62
    18
420
        0
176
     1
 90
       50
176
     1
 90
        3
176
     1
 62
     5
420
      255
176
     1
290
     0
176
     1
 90
       50
176
     1
 90
       50
176
     1
 90
       50
176
     1
290
     0
176
     1
 90
       50
176
     1
 62
   256
176
     0
 40
1.0
176
     0
 90
        2
176
     1
  1
strokes_ogs.tif
176
     1
290
     0
176
     1
 40
1.0
176
     1
 40
1.0
176
     1
1001
ACAD
1000
AcDbSavedByObjectVersion
1070
     0
  0
VISUALSTYLE
  5
2D
102
{ACAD_REACTORS
330
29
102
}
330
29
100
AcDbVisualStyle
  2
GouraudWithEdges
 70
     3
177
     3
291
     1
 70
    58
 90
        2
176
     1
 90
        2
176
     1
 90
        1
176
     1
 90
        2
176
     1
 40
0.6
176
     1
 40
30.0
176
     1
 62
     7
420
 16777215
176
     1
 90
        1
176
     1
 90
        0
176
     1
 62
     7
176
     1
 62
   257
176
     1
 90
        1
176
     1
 90
        1
176
     1
 40
1.0
176
     1
 90
        0
176
     1
 62
   257
176
     1
 40
1.0
176
     1
 90
        1
176
     1
 90
        6
176
     1
 90
        2
176
     1
 62
     7
176
     1
 90
        5
176
     1
 90
        0
176
     1
 90
        0
176
     1
290
     0
176
     1
 90
       13
176
     1
 40
0.0
176
     1
 90
        0
176
     1
290
     0
176
     1
290
     1
176
     1
290
     1
176
     1
290
     0
176
     1
290
     0
176
     1
290
     0
176
     1
290
     0
176
     1
290
     0
176
     1
290
     0
176
     1
 90
       50
176
     1
 40
0.0
176
     1
 40
1.0
176
     1
 90
        0
176
     1
 62
    18
420
        0
176
     1
 90
       50
176
     1
 90
        3
176
     1
 62
     5
420
      255
176
     1
290
     0
176
     1
 90
       50
176
     1
 90
       50
176
     1
 90
       50
176
     1
290
     0
176
     1
 90
       50
176
     1
 62
   256
176
     0
 40
1.0
176
     0
 90
        2
176
     1
  1
strokes_ogs.tif
176
     1
290
     0
176
     1
 40
1.0
176
     1
 40
1.0
176
     1
1001
ACAD
1000
AcDbSavedByObjectVersion
1070
     0
  0
VISUALSTYLE
  5
31
102
{ACAD_REACTORS
330
29
102
}
330
29
100
AcDbVisualStyle
  2
Hidden
 70
     6
177
     3
291
     0
 70
    58
 90
        1
176
     1
 90
        2
176
     1
 90
        2
176
     1
 90
        0
176
     1
 40
0.6
176
     1
 40
30.0
176
     1
 62
     7
420
 16777215
176
     1
 90
        2
176
     1
 90
        2
176
     1
 62
     7
176
     1
 62
   257
176
     1
 90
        2
176
     1
 90
        1
176
     1
 40
40.0
176
     1
 90
        0
176
     1
 62
   257
176
     1
 40
1.0
176
     1
 90
        1
176
     1
 90
        6
176
     1
 90
        2
176
     1
 62
     7
176
     1
 90
        3
176
     1
 90
        0
176
     1
 90
        0
176
     1
290
     0
176
     1
 90
        1
176
     1
 40
0.0
176
     1
 90
        0
176
     1
290
     0
176
     1
290
     1
176
     1
290
     1
176
     1
290
     0
176
     1
290
     0
176
     1
290
     0
176
     1
290
     0
176
     1
290
     0
176
     1
290
     0
176
     1
 90
       50
176
     1
 40
0.0
176
     1
 40
1.0
176
     1
 90
        0
176
     1
 62
    18
420
        0
176
     1
 90
       50
176
     1
 90
        3
176
     1
 62
     5
420
      255
176
     1
290
     0
176
     1
 90
       50
176
     1
 90
       50
176
     1
 90
       50
176
     1
290
     0
176
     1
 90
       50
176
     1
 62
   256
176
     0
 40
1.0
176
     0
 90
        2
176
     1
  1
strokes_ogs.tif
176
     1
290
     0
176
     1
 40
1.0
176
     1
 40
1.0
176
     1
1001
ACAD
1000
AcDbSavedByObjectVersion
1070
     0
  0
VISUALSTYLE
  5
3F
102
{ACAD_REACTORS
330
29
102
}
330
29
100
AcDbVisualStyle
  2
JitterOff
 70
    20
177
     3
291
     1
 70
    58
 90
        2
176
     0
 90
        2
176
     0
 90
        0
176
     0
 90
        0
176
     0
 40
0.6
176
     0
 40
30.0
176
     0
 62
     7
420
 16777215
176
     0
 90
        1
176
     0
 90
        4
176
     0
 62
     7
176
     0
 62
   257
176
     0
 90
        1
176
     0
 90
        1
176
     0
 40
1.0
176
     0
 90
       10
176
     2
 62
     7
176
     0
 40
1.0
176
     0
 90
        1
176
     0
 90
        6
176
     0
 90
        2
176
     0
 62
     7
176
     0
 90
        5
176
     0
 90
        0
176
     0
 90
        0
176
     0
290
     0
176
     0
 90
        1
176
     0
 40
0.0
176
     0
 90
        0
176
     0
290
     0
176
     0
290
     1
176
     0
290
     1
176
     0
290
     0
176
     0
290
     0
176
     0
290
     0
176
     0
290
     0
176
     0
290
     0
176
     0
290
     0
176
     0
 90
       50
176
     0
 40
0.0
176
     0
 40
1.0
176
     0
 90
        0
176
     0
 62
    18
420
        0
176
     0
 90
       50
176
     0
 90
        3
176
     0
 62
     5
420
      255
176
     0
290
     0
176
     0
 90
       50
176
     0
 90
       50
176
     0
 90
       50
176
     0
290
     0
176
     0
 90
       50
176
     0
 62
   256
176
     0
 40
1.0
176
     0
 90
        2
176
     0
  1
strokes_ogs.tif
176
     0
290
     0
176
     0
 40
1.0
176
     0
 40
1.0
176
     0
1001
ACAD
1000
AcDbSavedByObjectVersion
1070
     0
  0
VISUALSTYLE
  5
37
102
{ACAD_REACTORS
330
29
102
}
330
29
100
AcDbVisualStyle
  2
Linepattern
 70
    14
177
     3
291
     1
 70
    58
 90
        2
176
     1
 90
        2
176
     1
 90
        0
176
     1
 90
        0
176
     1
 40
0.6
176
     1
 40
30.0
176
     1
 62
     7
420
 16777215
176
     1
 90
        1
176
     1
 90
        4
176
     1
 62
     7
176
     1
 62
   257
176
     1
 90
        7
176
     1
 90
        7
176
     1
 40
1.0
176
     1
 90
        8
176
     1
 62
     7
176
     1
 40
1.0
176
     1
 90
        1
176
     1
 90
        6
176
     1
 90
        2
176
     1
 62
     7
176
     1
 90
        5
176
     1
 90
        0
176
     1
 90
        0
176
     1
290
     0
176
     1
 90
        1
176
     1
 40
0.0
176
     1
 90
        0
176
     1
290
     0
176
     1
290
     1
176
     1
290
     1
176
     1
290
     0
176
     1
290
     0
176
     1
290
     0
176
     1
290
     0
176
     1
290
     0
176
     1
290
     0
176
     1
 90
       50
176
     1
 40
0.0
176
     1
 40
1.0
176
     1
 90
        0
176
     1
 62
    18
420
        0
176
     1
 90
       50
176
     1
 90
        3
176
     1
 62
     5
420
      255
176
     1
290
     0
176
     1
 90
       50
176
     1
 90
       50
176
     1
 90
       50
176
     1
290
     0
176
     1
 90
       50
176
     1
 62
   256
176
     0
 40
1.0
176
     0
 90
        2
176
     1
  1
strokes_ogs.tif
176
     1
290
     0
176
     1
 40
1.0
176
     1
 40
1.0
176
     1
1001
ACAD
1000
AcDbSavedByObjectVersion
1070
     0
  0
VISUALSTYLE
  5
40
102
{ACAD_REACTORS
330
29
102
}
330
29
100
AcDbVisualStyle
  2
OverhangOff
 70
    21
177
     3
291
     1
 70
    58
 90
        2
176
     0
 90
        2
176
     0
 90
        0
176
     0
 90
        0
176
     0
 40
0.6
176
     0
 40
30.0
176
     0
 62
     7
420
 16777215
176
     0
 90
        1
176
     0
 90
        4
176
     0
 62
     7
176
     0
 62
   257
176
     0
 90
        1
176
     0
 90
        1
176
     0
 40
1.0
176
     0
 90
        9
176
     2
 62
     7
176
     0
 40
1.0
176
     0
 90
        1
176
     0
 90
        6
176
     0
 90
        2
176
     0
 62
     7
176
     0
 90
        5
176
     0
 90
        0
176
     0
 90
        0
176
     0
290
     0
176
     0
 90
        1
176
     0
 40
0.0
176
     0
 90
        0
176
     0
290
     0
176
     0
290
     1
176
     0
290
     1
176
     0
290
     0
176
     0
290
     0
176
     0
290
     0
176
     0
290
     0
176
     0
290
     0
176
     0
290
     0
176
     0
 90
       50
176
     0
 40
0.0
176
     0
 40
1.0
176
     0
 90
        0
176
     0
 62
    18
420
        0
176
     0
 90
       50
176
     0
 90
        3
176
     0
 62
     5
420
      255
176
     0
290
     0
176
     0
 90
       50
176
     0
 90
       50
176
     0
 90
       50
176
     0
290
     0
176
     0
 90
       50
176
     0
 62
   256
176
     0
 40
1.0
176
     0
 90
        2
176
     0
  1
strokes_ogs.tif
176
     0
290
     0
176
     0
 40
1.0
176
     0
 40
1.0
176
     0
1001
ACAD
1000
AcDbSavedByObjectVersion
1070
     0
  0
VISUALSTYLE
  5
33
102
{ACAD_REACTORS
330
29
102
}
330
29
100
AcDbVisualStyle
  2
Realistic
 70
     8
177
     3
291
     0
 70
    58
 90
        2
176
     1
 90
        3
176
     1
 90
        0
176
     1
 90
        2
176
     1
 40
0.6
176
     1
 40
30.0
176
     1
 62
     7
420
 16777215
176
     1
 90
        0
176
     1
 90
        0
176
     1
 62
     7
176
     1
 62
   257
176
     1
 90
        1
176
     1
 90
        1
176
     1
 40
1.0
176
     1
 90
        8
176
     1
 62
   257
176
     1
 40
1.0
176
     1
 90
        1
176
     1
 90
        6
176
     1
 90
        2
176
     1
 62
     7
176
     1
 90
        3
176
     1
 90
        0
176
     1
 90
        0
176
     1
290
     0
176
     1
 90
       13
176
     1
 40
0.0
176
     1
 90
        0
176
     1
290
     0
176
     1
290
     1
176
     1
290
     1
176
     1
290
     0
176
     1
290
     0
176
     1
290
     0
176
     1
290
     0
176
     1
290
     0
176
     1
290
     0
176
     1
 90
       50
176
     1
 40
0.0
176
     1
 40
1.0
176
     1
 90
        0
176
     1
 62
    18
420
        0
176
     1
 90
       50
176
     1
 90
        3
176
     1
 62
     5
420
      255
176
     1
290
     0
176
     1
 90
       50
176
     1
 90
       50
176
     1
 90
       50
176
     1
290
     0
176
     1
 90
       50
176
     1
 62
   256
176
     0
 40
1.0
176
     0
 90
        2
176
     1
  1
strokes_ogs.tif
176
     1
290
     0
176
     1
 40
1.0
176
     1
 40
1.0
176
     1
1001
ACAD
1000
AcDbSavedByObjectVersion
1070
     0
  0
VISUALSTYLE
  5
3E
102
{ACAD_REACTORS
330
29
102
}
330
29
100
AcDbVisualStyle
  2
Shaded
 70
    27
177
     3
291
     0
 70
    58
 90
        2
176
     1
 90
        2
176
     1
 90
        1
176
     1
 90
        2
176
     1
 40
0.6
176
     1
 40
30.0
176
     1
 62
     7
420
 16777215
176
     1
 90
        0
176
     1
 90
        4
176
     1
 62
     7
176
     1
 62
   257
176
     1
 90
        1
176
     1
 90
        1
176
     1
 40
1.0
176
     1
 90
        8
176
     1
 62
   257
176
     1
 40
1.0
176
     1
 90
        1
176
     1
 90
        6
176
     1
 90
        2
176
     1
 62
     8
420
  7895160
176
     1
 90
        3
176
     1
 90
        0
176
     1
 90
        0
176
     1
290
     0
176
     1
 90
        5
176
     1
 40
0.0
176
     1
 90
        0
176
     1
290
     0
176
     1
290
     1
176
     1
290
     1
176
     1
290
     0
176
     1
290
     0
176
     1
290
     0
176
     1
290
     0
176
     1
290
     0
176
     1
290
     0
176
     1
 90
       50
176
     1
 40
0.0
176
     1
 40
1.0
176
     1
 90
        0
176
     1
 62
    18
420
        0
176
     1
 90
       50
176
     1
 90
        3
176
     1
 62
     5
420
      255
176
     1
290
     0
176
     1
 90
       50
176
     1
 90
       50
176
     1
 90
       50
176
     1
290
     0
176
     1
 90
       50
176
     1
 62
   256
176
     0
 40
1.0
176
     0
 90
        2
176
     1
  1
strokes_ogs.tif
176
     1
290
     0
176
     1
 40
1.0
176
     1
 40
1.0
176
     1
1001
ACAD
1000
AcDbSavedByObjectVersion
1070
     0
  0
VISUALSTYLE
  5
3D
102
{ACAD_REACTORS
330
29
102
}
330
29
100
AcDbVisualStyle
  2
Shaded with edges
 70
    26
177
     3
291
     0
 70
    58
 90
        2
176
     1
 90
        2
176
     1
 90
        1
176
     1
 90
        2
176
     1
 40
0.6
176
     1
 40
30.0
176
     1
 62
     7
420
 16777215
176
     1
 90
        1
176
     1
 90
        2
176
     1
 62
     7
176
     1
 62
   257
176
     1
 90
        2
176
     1
 90
        1
176
     1
 40
1.0
176
     1
 90
        8
176
     1
 62
   257
176
     1
 40
1.0
176
     1
 90
        1
176
     1
 90
        6
176
     1
 90
        2
176
     1
 62
     7
176
     1
 90
        3
176
     1
 90
        0
176
     1
 90
        0
176
     1
290
     0
176
     1
 90
        5
176
     1
 40
0.0
176
     1
 90
        0
176
     1
290
     0
176
     1
290
     1
176
     1
290
     1
176
     1
290
     0
176
     1
290
     0
176
     1
290
     0
176
     1
290
     0
176
     1
290
     0
176
     1
290
     0
176
     1
 90
       50
176
     1
 40
0.0
176
     1
 40
1.0
176
     1
 90
        0
176
     1
 62
    18
420
        0
176
     1
 90
       50
176
     1
 90
        3
176
     1
 62
     5
420
      255
176
     1
290
     0
176
     1
 90
       50
176
     1
 90
       50
176
     1
 90
       50
176
     1
290
     0
176
     1
 90
       50
176
     1
 62
   256
176
     0
 40
1.0
176
     0
 90
        2
176
     1
  1
strokes_ogs.tif
176
     1
290
     0
176
     1
 40
1.0
176
     1
 40
1.0
176
     1
1001
ACAD
1000
AcDbSavedByObjectVersion
1070
     0
  0
VISUALSTYLE
  5
3A
102
{ACAD_REACTORS
330
29
102
}
330
29
100
AcDbVisualStyle
  2
Shades of Gray
 70
    23
177
     3
291
     0
 70
    58
 90
        2
176
     1
 90
        2
176
     1
 90
        3
176
     1
 90
        0
176
     1
 40
0.6
176
     1
 40
30.0
176
     1
 62
     7
420
 16777215
176
     1
 90
        2
176
     1
 90
        2
176
     1
 62
     7
176
     1
 62
     7
176
     1
 90
        1
176
     1
 90
        1
176
     1
 40
40.0
176
     1
 90
        8
176
     1
 62
     7
176
     1
 40
1.0
176
     1
 90
        1
176
     1
 90
        6
176
     1
 90
        2
176
     1
 62
     7
176
     1
 90
        3
176
     1
 90
        0
176
     1
 90
        0
176
     1
290
     0
176
     1
 90
        1
176
     1
 40
0.0
176
     1
 90
        0
176
     1
290
     0
176
     1
290
     1
176
     1
290
     1
176
     1
290
     0
176
     1
290
     0
176
     1
290
     0
176
     1
290
     0
176
     1
290
     0
176
     1
290
     0
176
     1
 90
       50
176
     1
 40
0.0
176
     1
 40
1.0
176
     1
 90
        0
176
     1
 62
    18
420
        0
176
     1
 90
       50
176
     1
 90
        3
176
     1
 62
     5
420
      255
176
     1
290
     0
176
     1
 90
       50
176
     1
 90
       50
176
     1
 90
       50
176
     1
290
     0
176
     1
 90
       50
176
     1
 62
   256
176
     0
 40
1.0
176
     0
 90
        2
176
     1
  1
strokes_ogs.tif
176
     1
290
     0
176
     1
 40
1.0
176
     1
 40
1.0
176
     1
1001
ACAD
1000
AcDbSavedByObjectVersion
1070
     0
  0
VISUALSTYLE
  5
3B
102
{ACAD_REACTORS
330
29
102
}
330
29
100
AcDbVisualStyle
  2
Sketchy
 70
    24
177
     3
291
     0
 70
    58
 90
        1
176
     1
 90
        2
176
     1
 90
        2
176
     1
 90
        0
176
     1
 40
0.6
176
     1
 40
30.0
176
     1
 62
     7
420
 16777215
176
     1
 90
        2
176
     1
 90
        2
176
     1
 62
     7
176
     1
 62
     7
176
     1
 90
        1
176
     1
 90
        1
176
     1
 40
40.0
176
     1
 90
       11
176
     1
 62
     7
176
     1
 40
1.0
176
     1
 90
        1
176
     1
 90
        6
176
     1
 90
        2
176
     1
 62
     7
176
     1
 90
        6
176
     1
 90
        0
176
     1
 90
        0
176
     1
290
     0
176
     1
 90
        1
176
     1
 40
0.0
176
     1
 90
        0
176
     1
290
     0
176
     1
290
     1
176
     1
290
     1
176
     1
290
     0
176
     1
290
     0
176
     1
290
     0
176
     1
290
     0
176
     1
290
     0
176
     1
290
     0
176
     1
 90
       50
176
     1
 40
0.0
176
     1
 40
1.0
176
     1
 90
        0
176
     1
 62
    18
420
        0
176
     1
 90
       50
176
     1
 90
        3
176
     1
 62
     5
420
      255
176
     1
290
     0
176
     1
 90
       50
176
     1
 90
       50
176
     1
 90
       50
176
     1
290
     0
176
     1
 90
       50
176
     1
 62
   256
176
     0
 40
1.0
176
     0
 90
        2
176
     1
  1
strokes_ogs.tif
176
     1
290
     0
176
     1
 40
1.0
176
     1
 40
1.0
176
     1
1001
ACAD
1000
AcDbSavedByObjectVersion
1070
     0
  0
VISUALSTYLE
  5
36
102
{ACAD_REACTORS
330
29
102
}
330
29
100
AcDbVisualStyle
  2
Thicken
 70
    13
177
     3
291
     1
 70
    58
 90
        2
176
     1
 90
        2
176
     1
 90
        0
176
     1
 90
        0
176
     1
 40
0.6
176
     1
 40
30.0
176
     1
 62
     7
420
 16777215
176
     1
 90
        1
176
     1
 90
        4
176
     1
 62
     7
176
     1
 62
   257
176
     1
 90
        1
176
     1
 90
        1
176
     1
 40
1.0
176
     1
 90
       12
176
     1
 62
     7
176
     1
 40
1.0
176
     1
 90
        1
176
     1
 90
        6
176
     1
 90
        2
176
     1
 62
     7
176
     1
 90
        5
176
     1
 90
        0
176
     1
 90
        0
176
     1
290
     0
176
     1
 90
        1
176
     1
 40
0.0
176
     1
 90
        0
176
     1
290
     0
176
     1
290
     1
176
     1
290
     1
176
     1
290
     0
176
     1
290
     0
176
     1
290
     0
176
     1
290
     0
176
     1
290
     0
176
     1
290
     0
176
     1
 90
       50
176
     1
 40
0.0
176
     1
 40
1.0
176
     1
 90
        0
176
     1
 62
    18
420
        0
176
     1
 90
       50
176
     1
 90
        3
176
     1
 62
     5
420
      255
176
     1
290
     0
176
     1
 90
       50
176
     1
 90
       50
176
     1
 90
       50
176
     1
290
     0
176
     1
 90
       50
176
     1
 62
   256
176
     0
 40
1.0
176
     0
 90
        2
176
     1
  1
strokes_ogs.tif
176
     1
290
     0
176
     1
 40
1.0
176
     1
 40
1.0
176
     1
1001
ACAD
1000
AcDbSavedByObjectVersion
1070
     0
  0
VISUALSTYLE
  5
30
102
{ACAD_REACTORS
330
29
102
}
330
29
100
AcDbVisualStyle
  2
Wireframe
 70
     5
177
     3
291
     0
 70
    58
 90
        0
176
     1
 90
        2
176
     1
 90
        0
176
     1
 90
        0
176
     1
 40
0.6
176
     1
 40
30.0
176
     1
 62
     7
420
 16777215
176
     1
 90
        1
176
     1
 90
        4
176
     1
 62
     7
176
     1
 62
   257
176
     1
 90
        1
176
     1
 90
        1
176
     1
 40
1.0
176
     1
 90
        0
176
     1
 62
   257
176
     1
 40
1.0
176
     1
 90
        1
176
     1
 90
        6
176
     1
 90
        2
176
     1
 62
     7
176
     1
 90
        3
176
     1
 90
        0
176
     1
 90
        0
176
     1
290
     0
176
     1
 90
        1
176
     1
 40
0.0
176
     1
 90
        0
176
     1
290
     0
176
     1
290
     1
176
     1
290
     1
176
     1
290
     0
176
     1
290
     0
176
     1
290
     0
176
     1
290
     0
176
     1
290
     0
176
     1
290
     0
176
     1
 90
       50
176
     1
 40
0.0
176
     1
 40
1.0
176
     1
 90
        0
176
     1
 62
    18
420
        0
176
     1
 90
       50
176
     1
 90
        3
176
     1
 62
     5
420
      255
176
     1
290
     0
176
     1
 90
       50
176
     1
 90
       50
176
     1
 90
       50
176
     1
290
     0
176
     1
 90
       50
176
     1
 62
   256
176
     0
 40
1.0
176
     0
 90
        2
176
     1
  1
strokes_ogs.tif
176
     1
290
     0
176
     1
 40
1.0
176
     1
 40
1.0
176
     1
1001
ACAD
1000
AcDbSavedByObjectVersion
1070
     0
  0
VISUALSTYLE
  5
3C
102
{ACAD_REACTORS
330
29
102
}
330
29
100
AcDbVisualStyle
  2
X-Ray
 70
    25
177
     3
291
     0
 70
    58
 90
        2
176
     1
 90
        2
176
     1
 90
        1
176
     1
 90
        1
176
     1
 40
0.5
176
     1
 40
30.0
176
     1
 62
     7
420
 16777215
176
     1
 90
        1
176
     1
 90
        0
176
     1
 62
     7
176
     1
 62
   257
176
     1
 90
        1
176
     1
 90
        1
176
     1
 40
1.0
176
     1
 90
        8
176
     1
 62
     7
176
     1
 40
1.0
176
     1
 90
        1
176
     1
 90
        6
176
     1
 90
        2
176
     1
 62
     7
176
     1
 90
        3
176
     1
 90
        0
176
     1
 90
        0
176
     1
290
     0
176
     1
 90
       13
176
     1
 40
0.0
176
     1
 90
        0
176
     1
290
     0
176
     1
290
     1
176
     1
290
     1
176
     1
290
     0
176
     1
290
     0
176
     1
290
     0
176
     1
290
     0
176
     1
290
     0
176
     1
290
     0
176
     1
 90
       50
176
     1
 40
0.0
176
     1
 40
1.0
176
     1
 90
        0
176
     1
 62
    18
420
        0
176
     1
 90
       50
176
     1
 90
        3
176
     1
 62
     5
420
      255
176
     1
290
     0
176
     1
 90
       50
176
     1
 90
       50
176
     1
 90
       50
176
     1
290
     0
176
     1
 90
       50
176
     1
 62
   256
176
     0
 40
1.0
176
     0
 90
        2
176
     1
  1
strokes_ogs.tif
176
     1
290
     0
176
     1
 40
1.0
176
     1
 40
1.0
176
     1
1001
ACAD
1000
AcDbSavedByObjectVersion
1070
     0
  0
DICTIONARYVAR
  5
1B4
102
{ACAD_REACTORS
330
1AF
102
}
330
1AF
100
DictionaryVariables
280
     0
  1
1:1
  0
DICTIONARYVAR
  5
1B1
102
{ACAD_REACTORS
330
1AF
102
}
330
1AF
100
DictionaryVariables
280
     0
  1
STANDARD
  0
DICTIONARYVAR
  5
1B0
102
{ACAD_REACTORS
330
1AF
102
}
330
1AF
100
DictionaryVariables
280
     0
  1
STANDARD
  0
DICTIONARYVAR
  5
1B2
102
{ACAD_REACTORS
330
1AF
102
}
330
1AF
100
DictionaryVariables
280
     0
  1
Imperial24
  0
DICTIONARYVAR
  5
1B3
102
{ACAD_REACTORS
330
1AF
102
}
330
1AF
100
DictionaryVariables
280
     0
  1
Imperial24
  0
DICTIONARY
  5
1BA
330
6B
100
AcDbDictionary
280
     1
281
     1
  3
ACAD_XREC_ROUNDTRIP
360
1BB
  0
DICTIONARY
  5
1A
330
19
100
AcDbDictionary
280
     1
281
     1
  3
BUMPTILE
360
1C
  3
DIFFUSETILE
360
1B
  3
OPACITYTILE
360
1F
  3
REFLECTIONTILE
360
1E
  3
REFRACTIONTILE
360
20
  3
SPECULARTILE
360
1D
  0
DICTIONARY
  5
12
330
11
100
AcDbDictionary
280
     1
281
     1
  3
BUMPTILE
360
14
  3
DIFFUSETILE
360
13
  3
OPACITYTILE
360
17
  3
REFLECTIONTILE
360
16
  3
REFRACTIONTILE
360
18
  3
SPECULARTILE
360
15
  0
DICTIONARY
  5
22
330
21
100
AcDbDictionary
280
     1
281
     1
  3
BUMPTILE
360
24
  3
DIFFUSETILE
360
23
  3
OPACITYTILE
360
27
  3
REFLECTIONTILE
360
26
  3
REFRACTIONTILE
360
28
  3
SPECULARTILE
360
25
  0
DICTIONARY
  5
1B8
330
69
100
AcDbDictionary
280
     1
281
     1
  3
ACAD_XREC_ROUNDTRIP
360
1B9
  0
DICTIONARY
  5
1B5
330
65
100
AcDbDictionary
280
     1
281
     1
  3
ACAD_ROUNDTRIP_2008_TABLESTYLE_CELLSTYLEMAP
360
1B6
  0
XRECORD
  5
1BB
102
{ACAD_REACTORS
330
1BA
102
}
330
1BA
100
AcDbXrecord
280
     1
102
DISPLAYNAME
  1
Imperial24
102
FLAGS
 90
        0
  0
XRECORD
  5
1C
102
{ACAD_REACTORS
330
1A
102
}
330
1A
100
AcDbXrecord
280
     1
270
     1
271
     1
  0
XRECORD
  5
1B
102
{ACAD_REACTORS
330
1A
102
}
330
1A
100
AcDbXrecord
280
     1
270
     1
271
     1
  0
XRECORD
  5
1F
102
{ACAD_REACTORS
330
1A
102
}
330
1A
100
AcDbXrecord
280
     1
270
     1
271
     1
  0
XRECORD
  5
1E
102
{ACAD_REACTORS
330
1A
102
}
330
1A
100
AcDbXrecord
280
     1
270
     1
271
     1
  0
XRECORD
  5
20
102
{ACAD_REACTORS
330
1A
102
}
330
1A
100
AcDbXrecord
280
     1
270
     1
271
     1
  0
XRECORD
  5
1D
102
{ACAD_REACTORS
330
1A
102
}
330
1A
100
AcDbXrecord
280
     1
270
     1
271
     1
  0
XRECORD
  5
14
102
{ACAD_REACTORS
330
12
102
}
330
12
100
AcDbXrecord
280
     1
270
     1
271
     1
  0
XRECORD
  5
13
102
{ACAD_REACTORS
330
12
102
}
330
12
100
AcDbXrecord
280
     1
270
     1
271
     1
  0
XRECORD
  5
17
102
{ACAD_REACTORS
330
12
102
}
330
12
100
AcDbXrecord
280
     1
270
     1
271
     1
  0
XRECORD
  5
16
102
{ACAD_REACTORS
330
12
102
}
330
12
100
AcDbXrecord
280
     1
270
     1
271
     1
  0
XRECORD
  5
18
102
{ACAD_REACTORS
330
12
102
}
330
12
100
AcDbXrecord
280
     1
270
     1
271
     1
  0
XRECORD
  5
15
102
{ACAD_REACTORS
330
12
102
}
330
12
100
AcDbXrecord
280
     1
270
     1
271
     1
  0
XRECORD
  5
24
102
{ACAD_REACTORS
330
22
102
}
330
22
100
AcDbXrecord
280
     1
270
     1
271
     1
  0
XRECORD
  5
23
102
{ACAD_REACTORS
330
22
102
}
330
22
100
AcDbXrecord
280
     1
270
     1
271
     1
  0
XRECORD
  5
27
102
{ACAD_REACTORS
330
22
102
}
330
22
100
AcDbXrecord
280
     1
270
     1
271
     1
  0
XRECORD
  5
26
102
{ACAD_REACTORS
330
22
102
}
330
22
100
AcDbXrecord
280
     1
270
     1
271
     1
  0
XRECORD
  5
28
102
{ACAD_REACTORS
330
22
102
}
330
22
100
AcDbXrecord
280
     1
270
     1
271
     1
  0
XRECORD
  5
25
102
{ACAD_REACTORS
330
22
102
}
330
22
100
AcDbXrecord
280
     1
270
     1
271
     1
  0
XRECORD
  5
1B9
102
{ACAD_REACTORS
330
1B8
102
}
330
1B8
100
AcDbXrecord
280
     1
102
DISPLAYNAME
  1
Imperial24
102
FLAGS
 90
        0
  0
CELLSTYLEMAP
  5
1B6
102
{ACAD_REACTORS
330
1B5
102
}
330
1B5
100
AcDbCellStyleMap
 90
        3
300
CELLSTYLE
  1
TABLEFORMAT_BEGIN
 90
        5
170
     1
 91
        0
 92
    32768
 62
   257
 93
        1
300
CONTENTFORMAT
  1
CONTENTFORMAT_BEGIN
 90
        0
 91
        0
 92
      512
 93
        0
300

 40
0.0
140
1.0
 94
        5
 62
     0
340
55
144
0.25
309
CONTENTFORMAT_END
171
     0
 94
        0
309
TABLEFORMAT_END
  1
CELLSTYLE_BEGIN
 90
        1
 91
        1
300
_TITLE
309
CELLSTYLE_END
300
CELLSTYLE
  1
TABLEFORMAT_BEGIN
 90
        5
170
     1
 91
        0
 92
        0
 62
   257
 93
        1
300
CONTENTFORMAT
  1
CONTENTFORMAT_BEGIN
 90
        0
 91
        0
 92
      512
 93
        0
300

 40
0.0
140
1.0
 94
        5
 62
     0
340
55
144
0.18
309
CONTENTFORMAT_END
171
     0
 94
        0
309
TABLEFORMAT_END
  1
CELLSTYLE_BEGIN
 90
        2
 91
        1
300
_HEADER
309
CELLSTYLE_END
300
CELLSTYLE
  1
TABLEFORMAT_BEGIN
 90
        5
170
     1
 91
        0
 92
        0
 62
   257
 93
        1
300
CONTENTFORMAT
  1
CONTENTFORMAT_BEGIN
 90
        0
 91
        0
 92
      512
 93
        0
300

 40
0.0
140
1.0
 94
        2
 62
     0
340
55
144
0.18
309
CONTENTFORMAT_END
171
     0
 94
        0
309
TABLEFORMAT_END
  1
CELLSTYLE_BEGIN
 90
        3
 91
        2
300
_DATA
309
CELLSTYLE_END
  0
ENDSEC
  0
EOF
